{
	"format_version": "1.12.0",
	"minecraft:geometry": [
		{
			"description": {
				"identifier": "geometry.unknown",
				"texture_width": 256,
				"texture_height": 256,
				"visible_bounds_width": 10,
				"visible_bounds_height": 7,
				"visible_bounds_offset": [0, 1.5, 0]
			},
			"bones": [
				{
					"name": "main",
					"pivot": [2, 1.5, 3]
				},
				{
					"name": "gun",
					"parent": "main",
					"pivot": [-1.2, 27.975, 1.9]
				},
				{
					"name": "frame",
					"parent": "gun",
					"pivot": [-4.8, 27.975, -25.1]
				},
				{
					"name": "trigger",
					"parent": "frame",
					"pivot": [-3.2, 19.3, -4.7],
					"cubes": [
						{
							"origin": [-3.79506, 17.32633, -3.66024],
							"size": [0.69975, 1.15461, 1.8136],
							"pivot": [-3.05495, 17.90364, -3.60476],
							"rotation": [0, 85, 90],
							"uv": {
								"north": {"uv": [117, 93], "uv_size": [1, 1]},
								"east": {"uv": [116, 103], "uv_size": [2, 1]},
								"south": {"uv": [94, 117], "uv_size": [1, 1]},
								"west": {"uv": [116, 104], "uv_size": [2, 1]},
								"up": {"uv": [102, 19], "uv_size": [1, 2]},
								"down": {"uv": [117, 6], "uv_size": [1, -2]}
							}
						},
						{
							"origin": [-3.65757, 17.32633, -5.84397],
							"size": [0.70867, 1.15461, 2.67244],
							"pivot": [-3.05495, 17.90364, -3.60476],
							"rotation": [0, 45, 90],
							"uv": {
								"north": {"uv": [117, 94], "uv_size": [1, 1]},
								"east": {"uv": [114, 11], "uv_size": [3, 1]},
								"south": {"uv": [117, 95], "uv_size": [1, 1]},
								"west": {"uv": [114, 43], "uv_size": [3, 1]},
								"up": {"uv": [20, 114], "uv_size": [1, 3]},
								"down": {"uv": [21, 117], "uv_size": [1, -3]}
							}
						}
					]
				},
				{
					"name": "lever",
					"parent": "frame",
					"pivot": [-3.2044, 18.63048, -6.87619],
					"cubes": [
						{
							"origin": [-16.65683, 12.94448, 2.47427],
							"size": [3.65757, 1.85461, 2.14624],
							"pivot": [-3.05495, 13.82178, 2.73298],
							"rotation": [0, -72.5, 90],
							"uv": {
								"north": {"uv": [117, 96], "uv_size": [1, 1]},
								"east": {"uv": [117, 7], "uv_size": [2, 1]},
								"south": {"uv": [97, 117], "uv_size": [1, 1]},
								"west": {"uv": [117, 8], "uv_size": [2, 1]},
								"up": {"uv": [13, 117], "uv_size": [1, 2]},
								"down": {"uv": [14, 119], "uv_size": [1, -2]}
							}
						},
						{
							"origin": [-8.34109, 12.94448, 9.20671],
							"size": [0.53686, 1.85461, 2.71993],
							"pivot": [-3.05495, 13.82178, 2.73298],
							"rotation": [-180, -46, -90],
							"uv": {
								"north": {"uv": [117, 97], "uv_size": [1, 1]},
								"east": {"uv": [46, 114], "uv_size": [3, 1]},
								"south": {"uv": [98, 117], "uv_size": [1, 1]},
								"west": {"uv": [114, 56], "uv_size": [3, 1]},
								"up": {"uv": [37, 114], "uv_size": [1, 3]},
								"down": {"uv": [78, 117], "uv_size": [1, -3]}
							}
						},
						{
							"origin": [-3.58733, 12.94448, 5.36207],
							"size": [-0.44757, 1.85461, 5.67104],
							"pivot": [-3.05495, 13.82178, 2.73298],
							"rotation": [-180, -13.5, -90],
							"uv": {
								"north": {"uv": [117, 98], "uv_size": [1, 1]},
								"east": {"uv": [110, 100], "uv_size": [6, 1]},
								"south": {"uv": [99, 117], "uv_size": [1, 1]},
								"west": {"uv": [110, 101], "uv_size": [6, 1]},
								"up": {"uv": [9, 111], "uv_size": [1, 6]},
								"down": {"uv": [10, 117], "uv_size": [1, -6]}
							}
						},
						{
							"origin": [-1.43934, 12.94448, 1.92955],
							"size": [0.4997, 1.85461, 2.85352],
							"pivot": [-3.05495, 13.82178, 2.73298],
							"rotation": [-180, 50, -90],
							"uv": {
								"north": {"uv": [117, 99], "uv_size": [1, 1]},
								"east": {"uv": [114, 57], "uv_size": [3, 1]},
								"south": {"uv": [100, 117], "uv_size": [1, 1]},
								"west": {"uv": [79, 114], "uv_size": [3, 1]},
								"up": {"uv": [114, 79], "uv_size": [1, 3]},
								"down": {"uv": [82, 117], "uv_size": [1, -3]}
							}
						},
						{
							"origin": [-2.32583, 12.94448, -5.01405],
							"size": [0.75452, 1.85461, 9.88909],
							"pivot": [-3.05495, 13.82178, 2.73298],
							"rotation": [180, -42, -90],
							"uv": {
								"north": {"uv": [117, 100], "uv_size": [1, 1]},
								"east": {"uv": [97, 7], "uv_size": [10, 1]},
								"south": {"uv": [101, 117], "uv_size": [1, 1]},
								"west": {"uv": [97, 8], "uv_size": [10, 1]},
								"up": {"uv": [37, 97], "uv_size": [1, 10]},
								"down": {"uv": [99, 106], "uv_size": [1, -10]}
							}
						},
						{
							"origin": [-8.98274, 12.94448, -5.89475],
							"size": [0.76479, 1.85461, 3.58696],
							"pivot": [-3.05495, 13.82178, 2.73298],
							"rotation": [180, 13, -90],
							"uv": {
								"north": {"uv": [117, 101], "uv_size": [1, 1]},
								"east": {"uv": [111, 38], "uv_size": [4, 1]},
								"south": {"uv": [102, 117], "uv_size": [1, 1]},
								"west": {"uv": [111, 41], "uv_size": [4, 1]},
								"up": {"uv": [58, 112], "uv_size": [1, 4]},
								"down": {"uv": [59, 116], "uv_size": [1, -4]}
							}
						},
						{
							"origin": [-12.82242, 12.94448, 1.61819],
							"size": [0.92275, 1.85461, 6.64654],
							"pivot": [-3.05495, 13.82178, 2.73298],
							"rotation": [0, 79.5, 90],
							"uv": {
								"north": {"uv": [117, 102], "uv_size": [1, 1]},
								"east": {"uv": [106, 20], "uv_size": [7, 1]},
								"south": {"uv": [103, 117], "uv_size": [1, 1]},
								"west": {"uv": [107, 43], "uv_size": [7, 1]},
								"up": {"uv": [99, 106], "uv_size": [1, 7]},
								"down": {"uv": [11, 114], "uv_size": [1, -7]}
							}
						},
						{
							"origin": [-5.78921, 19.06775, -9.775],
							"size": [0.65056, 1.15461, 3.2],
							"pivot": [-4.8, 17.9, -15.4],
							"rotation": [0, 0, 90],
							"uv": {
								"north": {"uv": [104, 117], "uv_size": [1, 1]},
								"east": {"uv": [114, 82], "uv_size": [3, 1]},
								"south": {"uv": [105, 117], "uv_size": [1, 1]},
								"west": {"uv": [114, 84], "uv_size": [3, 1]},
								"up": {"uv": [83, 114], "uv_size": [1, 3]},
								"down": {"uv": [85, 117], "uv_size": [1, -3]}
							}
						},
						{
							"origin": [-5.45, 21.625, -6.8],
							"size": [2.1, 2.7, 5.2],
							"uv": {
								"north": {"uv": [111, 44], "uv_size": [2, 3]},
								"east": {"uv": [94, 38], "uv_size": [5, 3]},
								"south": {"uv": [47, 111], "uv_size": [2, 3]},
								"west": {"uv": [94, 41], "uv_size": [5, 3]},
								"up": {"uv": [100, 96], "uv_size": [2, 5]},
								"down": {"uv": [97, 105], "uv_size": [2, -5]}
							}
						}
					]
				},
				{
					"name": "framelagi",
					"parent": "frame",
					"pivot": [-4.8, 25.225, -15.1],
					"cubes": [
						{
							"origin": [-2.15, 20.425, -15.8],
							"size": [1.1, 5.8, 15.2],
							"uv": {
								"north": {"uv": [72, 111], "uv_size": [1, 6]},
								"east": {"uv": [32, 46], "uv_size": [15, 6]},
								"south": {"uv": [73, 111], "uv_size": [1, 6]},
								"west": {"uv": [47, 32], "uv_size": [15, 6]},
								"up": {"uv": [31, 93], "uv_size": [1, 15]},
								"down": {"uv": [95, 108], "uv_size": [1, -15]}
							}
						},
						{
							"origin": [-3.15, 19.225, -15.8],
							"size": [1.1, 7, 15.1],
							"uv": {
								"north": {"uv": [37, 107], "uv_size": [1, 7]},
								"east": {"uv": [32, 32], "uv_size": [15, 7]},
								"south": {"uv": [31, 108], "uv_size": [1, 7]},
								"west": {"uv": [32, 39], "uv_size": [15, 7]},
								"up": {"uv": [96, 93], "uv_size": [1, 15]},
								"down": {"uv": [32, 112], "uv_size": [1, -15]}
							}
						},
						{
							"origin": [-4.95, 24.325, -8.8],
							"size": [1.1, 1.9, 8.2],
							"uv": {
								"north": {"uv": [15, 117], "uv_size": [1, 2]},
								"east": {"uv": [94, 9], "uv_size": [8, 2]},
								"south": {"uv": [16, 117], "uv_size": [1, 2]},
								"west": {"uv": [94, 11], "uv_size": [8, 2]},
								"up": {"uv": [47, 103], "uv_size": [1, 8]},
								"down": {"uv": [48, 111], "uv_size": [1, -8]}
							}
						},
						{
							"origin": [-4.95, 20.625, -8.8],
							"size": [1.1, 2, 8.2],
							"uv": {
								"north": {"uv": [17, 117], "uv_size": [1, 2]},
								"east": {"uv": [94, 13], "uv_size": [8, 2]},
								"south": {"uv": [117, 18], "uv_size": [1, 2]},
								"west": {"uv": [94, 15], "uv_size": [8, 2]},
								"up": {"uv": [12, 104], "uv_size": [1, 8]},
								"down": {"uv": [85, 112], "uv_size": [1, -8]}
							}
						},
						{
							"origin": [-4.95, 21.425, -15.8],
							"size": [1.1, 4.8, 7.2],
							"uv": {
								"north": {"uv": [36, 112], "uv_size": [1, 5]},
								"east": {"uv": [86, 79], "uv_size": [7, 5]},
								"south": {"uv": [57, 112], "uv_size": [1, 5]},
								"west": {"uv": [78, 87], "uv_size": [7, 5]},
								"up": {"uv": [95, 108], "uv_size": [1, 7]},
								"down": {"uv": [108, 102], "uv_size": [1, -7]}
							}
						},
						{
							"origin": [-4.95, 22.625, -8.8],
							"size": [1.1, 1.7, 2.2],
							"uv": {
								"north": {"uv": [20, 117], "uv_size": [1, 2]},
								"east": {"uv": [112, 56], "uv_size": [2, 2]},
								"south": {"uv": [21, 117], "uv_size": [1, 2]},
								"west": {"uv": [85, 112], "uv_size": [2, 2]},
								"up": {"uv": [22, 117], "uv_size": [1, 2]},
								"down": {"uv": [23, 119], "uv_size": [1, -2]}
							}
						},
						{
							"origin": [-1.95, 25.82604, -15.8],
							"size": [1.56317, 1.39896, 15.2],
							"pivot": [-1.2, 25.225, -15.1],
							"rotation": [0, 0, -45],
							"uv": {
								"north": {"uv": [117, 20], "uv_size": [2, 1]},
								"east": {"uv": [94, 44], "uv_size": [15, 1]},
								"south": {"uv": [24, 117], "uv_size": [2, 1]},
								"west": {"uv": [94, 45], "uv_size": [15, 1]},
								"up": {"uv": [78, 92], "uv_size": [2, 15]},
								"down": {"uv": [80, 107], "uv_size": [2, -15]}
							}
						},
						{
							"origin": [-5.61317, 25.82604, -15.8],
							"size": [1.56317, 1.39896, 15.2],
							"pivot": [-4.8, 25.225, -15.1],
							"rotation": [0, 0, 45],
							"uv": {
								"north": {"uv": [26, 117], "uv_size": [2, 1]},
								"east": {"uv": [94, 46], "uv_size": [15, 1]},
								"south": {"uv": [36, 117], "uv_size": [2, 1]},
								"west": {"uv": [94, 47], "uv_size": [15, 1]},
								"up": {"uv": [82, 92], "uv_size": [2, 15]},
								"down": {"uv": [0, 108], "uv_size": [2, -15]}
							}
						},
						{
							"origin": [-0.425, 26.99275, -15.8],
							"size": [1.21421, 0.99304, 15.2],
							"pivot": [-1.2, 25.225, -15.1],
							"rotation": [0, 0, -90],
							"uv": {
								"north": {"uv": [117, 105], "uv_size": [1, 1]},
								"east": {"uv": [94, 48], "uv_size": [15, 1]},
								"south": {"uv": [106, 117], "uv_size": [1, 1]},
								"west": {"uv": [94, 49], "uv_size": [15, 1]},
								"up": {"uv": [33, 97], "uv_size": [1, 15]},
								"down": {"uv": [34, 112], "uv_size": [1, -15]}
							}
						},
						{
							"origin": [-6.78921, 26.99275, -15.8],
							"size": [1.21421, 0.99304, 15.2],
							"pivot": [-4.8, 25.225, -15.1],
							"rotation": [0, 0, 90],
							"uv": {
								"north": {"uv": [117, 106], "uv_size": [1, 1]},
								"east": {"uv": [94, 50], "uv_size": [15, 1]},
								"south": {"uv": [107, 117], "uv_size": [1, 1]},
								"west": {"uv": [94, 51], "uv_size": [15, 1]},
								"up": {"uv": [35, 97], "uv_size": [1, 15]},
								"down": {"uv": [36, 112], "uv_size": [1, -15]}
							}
						}
					]
				},
				{
					"name": "framelagi2",
					"parent": "frame",
					"pivot": [-4.7, 22.325, -15.1],
					"cubes": [
						{
							"origin": [-2.15, 19.625, -15.8],
							"size": [1.1, 0.8, 10.2],
							"uv": {
								"north": {"uv": [117, 107], "uv_size": [1, 1]},
								"east": {"uv": [97, 61], "uv_size": [10, 1]},
								"south": {"uv": [108, 117], "uv_size": [1, 1]},
								"west": {"uv": [97, 62], "uv_size": [10, 1]},
								"up": {"uv": [100, 101], "uv_size": [1, 10]},
								"down": {"uv": [101, 111], "uv_size": [1, -10]}
							}
						},
						{
							"origin": [-4.95, 19.625, -15.8],
							"size": [1.1, 1.8, 10.2],
							"uv": {
								"north": {"uv": [28, 117], "uv_size": [1, 2]},
								"east": {"uv": [91, 56], "uv_size": [10, 2]},
								"south": {"uv": [117, 39], "uv_size": [1, 2]},
								"west": {"uv": [91, 58], "uv_size": [10, 2]},
								"up": {"uv": [102, 9], "uv_size": [1, 10]},
								"down": {"uv": [29, 112], "uv_size": [1, -10]}
							}
						},
						{
							"origin": [-1.8118, 17.95954, -15.8],
							"size": [1.0868, 1.28758, 10.2],
							"pivot": [-3.9, 15.125, -14.1],
							"rotation": [0, 0, -40],
							"uv": {
								"north": {"uv": [117, 108], "uv_size": [1, 1]},
								"east": {"uv": [101, 0], "uv_size": [10, 1]},
								"south": {"uv": [109, 117], "uv_size": [1, 1]},
								"west": {"uv": [101, 1], "uv_size": [10, 1]},
								"up": {"uv": [30, 102], "uv_size": [1, 10]},
								"down": {"uv": [57, 112], "uv_size": [1, -10]}
							}
						},
						{
							"origin": [-5.275, 17.95954, -15.8],
							"size": [1.0868, 1.28758, 10.2],
							"pivot": [-2.1, 15.125, -14.1],
							"rotation": [0, 0, 40],
							"uv": {
								"north": {"uv": [117, 109], "uv_size": [1, 1]},
								"east": {"uv": [101, 2], "uv_size": [10, 1]},
								"south": {"uv": [110, 117], "uv_size": [1, 1]},
								"west": {"uv": [101, 3], "uv_size": [10, 1]},
								"up": {"uv": [58, 102], "uv_size": [1, 10]},
								"down": {"uv": [59, 112], "uv_size": [1, -10]}
							}
						},
						{
							"origin": [-6.78921, 19.66775, -15.8],
							"size": [1.25056, 1.15461, 10.2],
							"pivot": [-4.8, 17.9, -15.1],
							"rotation": [0, 0, 90],
							"uv": {
								"north": {"uv": [117, 110], "uv_size": [1, 1]},
								"east": {"uv": [101, 4], "uv_size": [10, 1]},
								"south": {"uv": [111, 117], "uv_size": [1, 1]},
								"west": {"uv": [101, 5], "uv_size": [10, 1]},
								"up": {"uv": [60, 102], "uv_size": [1, 10]},
								"down": {"uv": [93, 112], "uv_size": [1, -10]}
							}
						},
						{
							"origin": [-0.46135, 19.66775, -15.8],
							"size": [1.25056, 1.15461, 10.2],
							"pivot": [-1.2, 17.9, -15.1],
							"rotation": [0, 0, -90],
							"uv": {
								"north": {"uv": [117, 111], "uv_size": [1, 1]},
								"east": {"uv": [101, 6], "uv_size": [10, 1]},
								"south": {"uv": [112, 117], "uv_size": [1, 1]},
								"west": {"uv": [101, 38], "uv_size": [10, 1]},
								"up": {"uv": [94, 102], "uv_size": [1, 10]},
								"down": {"uv": [102, 106], "uv_size": [1, -10]}
							}
						},
						{
							"origin": [-4.95, 18.625, -14.8],
							"size": [1.1, 1.7, 8.2],
							"uv": {
								"north": {"uv": [117, 43], "uv_size": [1, 2]},
								"east": {"uv": [94, 17], "uv_size": [8, 2]},
								"south": {"uv": [117, 45], "uv_size": [1, 2]},
								"west": {"uv": [94, 19], "uv_size": [8, 2]},
								"up": {"uv": [86, 104], "uv_size": [1, 8]},
								"down": {"uv": [87, 112], "uv_size": [1, -8]}
							}
						},
						{
							"origin": [-1.8118, 16.95954, -14.8],
							"size": [1.0868, 1.28758, 8.2],
							"pivot": [-3.9, 14.125, -9.1],
							"rotation": [0, 0, -40],
							"uv": {
								"north": {"uv": [117, 112], "uv_size": [1, 1]},
								"east": {"uv": [101, 59], "uv_size": [8, 1]},
								"south": {"uv": [113, 117], "uv_size": [1, 1]},
								"west": {"uv": [104, 56], "uv_size": [8, 1]},
								"up": {"uv": [88, 104], "uv_size": [1, 8]},
								"down": {"uv": [89, 112], "uv_size": [1, -8]}
							}
						},
						{
							"origin": [-5.275, 16.95954, -14.8],
							"size": [1.0868, 1.28758, 8.2],
							"pivot": [-2.1, 14.125, -9.1],
							"rotation": [0, 0, 40],
							"uv": {
								"north": {"uv": [117, 113], "uv_size": [1, 1]},
								"east": {"uv": [104, 57], "uv_size": [8, 1]},
								"south": {"uv": [117, 114], "uv_size": [1, 1]},
								"west": {"uv": [104, 58], "uv_size": [8, 1]},
								"up": {"uv": [90, 104], "uv_size": [1, 8]},
								"down": {"uv": [91, 112], "uv_size": [1, -8]}
							}
						},
						{
							"origin": [-6.78921, 18.66775, -14.8],
							"size": [1.25056, 1.15461, 8.2],
							"pivot": [-4.8, 16.9, -10.1],
							"rotation": [0, 0, 90],
							"uv": {
								"north": {"uv": [117, 115], "uv_size": [1, 1]},
								"east": {"uv": [105, 52], "uv_size": [8, 1]},
								"south": {"uv": [117, 116], "uv_size": [1, 1]},
								"west": {"uv": [105, 53], "uv_size": [8, 1]},
								"up": {"uv": [92, 104], "uv_size": [1, 8]},
								"down": {"uv": [55, 113], "uv_size": [1, -8]}
							}
						},
						{
							"origin": [-0.46135, 18.66775, -14.8],
							"size": [1.25056, 1.15461, 8.2],
							"pivot": [-1.2, 16.9, -10.1],
							"rotation": [0, 0, -90],
							"uv": {
								"north": {"uv": [117, 117], "uv_size": [1, 1]},
								"east": {"uv": [103, 105], "uv_size": [8, 1]},
								"south": {"uv": [0, 118], "uv_size": [1, 1]},
								"west": {"uv": [106, 9], "uv_size": [8, 1]},
								"up": {"uv": [56, 105], "uv_size": [1, 8]},
								"down": {"uv": [97, 113], "uv_size": [1, -8]}
							}
						},
						{
							"origin": [-2.15, 18.625, -14.8],
							"size": [1.1, 1, 8.2],
							"uv": {
								"north": {"uv": [118, 0], "uv_size": [1, 1]},
								"east": {"uv": [106, 10], "uv_size": [8, 1]},
								"south": {"uv": [1, 118], "uv_size": [1, 1]},
								"west": {"uv": [106, 11], "uv_size": [8, 1]},
								"up": {"uv": [98, 105], "uv_size": [1, 8]},
								"down": {"uv": [106, 20], "uv_size": [1, -8]}
							}
						},
						{
							"origin": [-4.95, 20.125, -6.2],
							"size": [1.1, 1.1, 2.8],
							"pivot": [-3, 20.21947, -4.8],
							"rotation": [20, 0, 0],
							"uv": {
								"north": {"uv": [118, 1], "uv_size": [1, 1]},
								"east": {"uv": [114, 85], "uv_size": [3, 1]},
								"south": {"uv": [118, 2], "uv_size": [1, 1]},
								"west": {"uv": [86, 114], "uv_size": [3, 1]},
								"up": {"uv": [114, 86], "uv_size": [1, 3]},
								"down": {"uv": [89, 117], "uv_size": [1, -3]}
							}
						},
						{
							"origin": [-4.58752, 20.07361, -6.2],
							"size": [1.11982, 1.32693, 3.09003],
							"pivot": [-3, 20.21947, -4.8],
							"rotation": [15.57939, 12.70001, -38.25563],
							"uv": {
								"north": {"uv": [118, 3], "uv_size": [1, 1]},
								"east": {"uv": [114, 89], "uv_size": [3, 1]},
								"south": {"uv": [118, 4], "uv_size": [1, 1]},
								"west": {"uv": [90, 114], "uv_size": [3, 1]},
								"up": {"uv": [93, 114], "uv_size": [1, 3]},
								"down": {"uv": [94, 117], "uv_size": [1, -3]}
							}
						},
						{
							"origin": [-2.53229, 20.07361, -6.2],
							"size": [1.11982, 1.32693, 3.09003],
							"pivot": [-3, 20.21947, -4.8],
							"rotation": [15.57939, -12.70001, 38.25563],
							"uv": {
								"north": {"uv": [118, 5], "uv_size": [1, 1]},
								"east": {"uv": [114, 90], "uv_size": [3, 1]},
								"south": {"uv": [118, 9], "uv_size": [1, 1]},
								"west": {"uv": [114, 93], "uv_size": [3, 1]},
								"up": {"uv": [100, 114], "uv_size": [1, 3]},
								"down": {"uv": [101, 117], "uv_size": [1, -3]}
							}
						},
						{
							"origin": [-3.16975, 20.18722, -6.2],
							"size": [1.25056, 1.15461, 2.8],
							"pivot": [-3, 20.21947, -4.8],
							"rotation": [0, -20, 90],
							"uv": {
								"north": {"uv": [118, 10], "uv_size": [1, 1]},
								"east": {"uv": [114, 94], "uv_size": [3, 1]},
								"south": {"uv": [11, 118], "uv_size": [1, 1]},
								"west": {"uv": [114, 105], "uv_size": [3, 1]},
								"up": {"uv": [114, 106], "uv_size": [1, 3]},
								"down": {"uv": [111, 117], "uv_size": [1, -3]}
							}
						},
						{
							"origin": [-4.08081, 20.18722, -6.2],
							"size": [1.25056, 1.15461, 2.8],
							"pivot": [-3, 20.21947, -4.8],
							"rotation": [0, 20, -90],
							"uv": {
								"north": {"uv": [118, 11], "uv_size": [1, 1]},
								"east": {"uv": [114, 113], "uv_size": [3, 1]},
								"south": {"uv": [12, 118], "uv_size": [1, 1]},
								"west": {"uv": [114, 114], "uv_size": [3, 1]},
								"up": {"uv": [112, 114], "uv_size": [1, 3]},
								"down": {"uv": [0, 118], "uv_size": [1, -3]}
							}
						},
						{
							"origin": [-2.15, 20.125, -6.2],
							"size": [1.1, 1, 2.8],
							"pivot": [-3, 20.21947, -4.8],
							"rotation": [20, 0, 0],
							"uv": {
								"north": {"uv": [118, 12], "uv_size": [1, 1]},
								"east": {"uv": [115, 0], "uv_size": [3, 1]},
								"south": {"uv": [118, 13], "uv_size": [1, 1]},
								"west": {"uv": [115, 1], "uv_size": [3, 1]},
								"up": {"uv": [1, 115], "uv_size": [1, 3]},
								"down": {"uv": [31, 118], "uv_size": [1, -3]}
							}
						}
					]
				},
				{
					"name": "sight",
					"parent": "frame",
					"pivot": [-3.225, 27.275, -32],
					"cubes": [
						{
							"origin": [-6.98921, 26.29275, -21.3],
							"size": [1.51421, 0.99304, 5.5],
							"pivot": [-4.8, 25.025, -7.3],
							"rotation": [0, 0, 90],
							"uv": {
								"north": {"uv": [117, 47], "uv_size": [2, 1]},
								"east": {"uv": [111, 7], "uv_size": [6, 1]},
								"south": {"uv": [117, 48], "uv_size": [2, 1]},
								"west": {"uv": [111, 8], "uv_size": [6, 1]},
								"up": {"uv": [99, 38], "uv_size": [2, 6]},
								"down": {"uv": [55, 105], "uv_size": [2, -6]}
							}
						},
						{
							"origin": [-7.18921, 26.29275, -21.3],
							"size": [0.21421, 0.99304, 2.5],
							"pivot": [-4.8, 25.025, -7.3],
							"rotation": [0, 0, 90],
							"uv": {
								"north": {"uv": [119, 13], "uv_size": [1, 1]},
								"east": {"uv": [116, 58], "uv_size": [3, 1]},
								"south": {"uv": [14, 119], "uv_size": [1, 1]},
								"west": {"uv": [116, 59], "uv_size": [3, 1]},
								"up": {"uv": [10, 117], "uv_size": [1, 3]},
								"down": {"uv": [117, 14], "uv_size": [1, -3]}
							}
						},
						{
							"origin": [-3.425, 27.31775, -21.225],
							"size": [0.81421, 0.19304, 0.225],
							"pivot": [-2.825, 27.375, -24.2],
							"rotation": [0, 0, 90],
							"uv": {
								"north": {"uv": [18, 118], "uv_size": [1, 1]},
								"east": {"uv": [118, 18], "uv_size": [1, 1]},
								"south": {"uv": [19, 118], "uv_size": [1, 1]},
								"west": {"uv": [118, 19], "uv_size": [1, 1]},
								"up": {"uv": [24, 118], "uv_size": [1, 1]},
								"down": {"uv": [25, 119], "uv_size": [1, -1]}
							}
						},
						{
							"origin": [-3.375, 27.41775, -21.225],
							"size": [0.71421, 0.19304, 0.225],
							"uv": {
								"north": {"uv": [119, 14], "uv_size": [1, 1]},
								"east": {"uv": [15, 119], "uv_size": [1, 1]},
								"south": {"uv": [119, 15], "uv_size": [1, 1]},
								"west": {"uv": [16, 119], "uv_size": [1, 1]},
								"up": {"uv": [119, 16], "uv_size": [1, 1]},
								"down": {"uv": [17, 120], "uv_size": [1, -1]}
							}
						},
						{
							"origin": [-3.78921, 27.21775, -21.225],
							"size": [0.81421, 0.19304, 0.225],
							"pivot": [-3.175, 27.375, -24.2],
							"rotation": [0, 0, 90],
							"uv": {
								"north": {"uv": [26, 118], "uv_size": [1, 1]},
								"east": {"uv": [27, 118], "uv_size": [1, 1]},
								"south": {"uv": [29, 118], "uv_size": [1, 1]},
								"west": {"uv": [30, 118], "uv_size": [1, 1]},
								"up": {"uv": [31, 118], "uv_size": [1, 1]},
								"down": {"uv": [32, 119], "uv_size": [1, -1]}
							}
						},
						{
							"origin": [-3.38921, 27.74275, -76.625],
							"size": [1.21421, 0.19304, 0.225],
							"pivot": [-3.225, 27.625, -26],
							"rotation": [0, 0, 90],
							"uv": {
								"north": {"uv": [118, 32], "uv_size": [1, 1]},
								"east": {"uv": [33, 118], "uv_size": [1, 1]},
								"south": {"uv": [118, 33], "uv_size": [1, 1]},
								"west": {"uv": [34, 118], "uv_size": [1, 1]},
								"up": {"uv": [118, 34], "uv_size": [1, 1]},
								"down": {"uv": [35, 119], "uv_size": [1, -1]}
							}
						}
					]
				},
				{
					"name": "frame2",
					"parent": "frame",
					"pivot": [-2.1, 26.225, 1.9],
					"cubes": [
						{
							"origin": [-2.15, 18.75438, -1.9079],
							"size": [1.1, 5.8, 7.2],
							"pivot": [-3, 22.23254, 5.09868],
							"rotation": [-15, 0, 0],
							"uv": {
								"north": {"uv": [74, 111], "uv_size": [1, 6]},
								"east": {"uv": [77, 55], "uv_size": [7, 6]},
								"south": {"uv": [75, 111], "uv_size": [1, 6]},
								"west": {"uv": [72, 79], "uv_size": [7, 6]},
								"up": {"uv": [96, 108], "uv_size": [1, 7]},
								"down": {"uv": [108, 113], "uv_size": [1, -7]}
							}
						},
						{
							"origin": [-0.3573, 19.53396, -1.9079],
							"size": [1.0868, 1.28758, 7.2],
							"pivot": [-3, 22.23254, 5.09868],
							"rotation": [-11.59948, 9.57658, 39.02504],
							"uv": {
								"north": {"uv": [36, 118], "uv_size": [1, 1]},
								"east": {"uv": [108, 102], "uv_size": [7, 1]},
								"south": {"uv": [37, 118], "uv_size": [1, 1]},
								"west": {"uv": [108, 103], "uv_size": [7, 1]},
								"up": {"uv": [109, 44], "uv_size": [1, 7]},
								"down": {"uv": [109, 102], "uv_size": [1, -7]}
							}
						},
						{
							"origin": [-1.54253, 22.49547, -1.9079],
							"size": [1.56317, 1.39896, 7.2],
							"pivot": [-3, 22.23254, 5.09868],
							"rotation": [-10.72858, -10.54529, -44.00703],
							"uv": {
								"north": {"uv": [117, 49], "uv_size": [2, 1]},
								"east": {"uv": [108, 104], "uv_size": [7, 1]},
								"south": {"uv": [117, 52], "uv_size": [2, 1]},
								"west": {"uv": [109, 14], "uv_size": [7, 1]},
								"up": {"uv": [97, 0], "uv_size": [2, 7]},
								"down": {"uv": [97, 100], "uv_size": [2, -7]}
							}
						},
						{
							"origin": [-6.02065, 22.49547, -1.9079],
							"size": [1.56317, 1.39896, 7.2],
							"pivot": [-3, 22.23254, 5.09868],
							"rotation": [-10.72858, 10.54529, 44.00703],
							"uv": {
								"north": {"uv": [53, 117], "uv_size": [2, 1]},
								"east": {"uv": [109, 15], "uv_size": [7, 1]},
								"south": {"uv": [117, 53], "uv_size": [2, 1]},
								"west": {"uv": [109, 16], "uv_size": [7, 1]},
								"up": {"uv": [99, 0], "uv_size": [2, 7]},
								"down": {"uv": [53, 106], "uv_size": [2, -7]}
							}
						},
						{
							"origin": [0.21395, 22.20029, -1.9079],
							"size": [1.25056, 1.15461, 7.2],
							"pivot": [-3, 22.23254, 5.09868],
							"rotation": [0, 15, 90],
							"uv": {
								"north": {"uv": [118, 38], "uv_size": [1, 1]},
								"east": {"uv": [109, 17], "uv_size": [7, 1]},
								"south": {"uv": [118, 39], "uv_size": [1, 1]},
								"west": {"uv": [109, 51], "uv_size": [7, 1]},
								"up": {"uv": [109, 106], "uv_size": [1, 7]},
								"down": {"uv": [110, 51], "uv_size": [1, -7]}
							}
						},
						{
							"origin": [-7.46451, 22.20029, -1.9079],
							"size": [1.25056, 1.15461, 7.2],
							"pivot": [-3, 22.23254, 5.09868],
							"rotation": [0, -15, -90],
							"uv": {
								"north": {"uv": [118, 40], "uv_size": [1, 1]},
								"east": {"uv": [109, 59], "uv_size": [7, 1]},
								"south": {"uv": [118, 41], "uv_size": [1, 1]},
								"west": {"uv": [110, 39], "uv_size": [7, 1]},
								"up": {"uv": [53, 110], "uv_size": [1, 7]},
								"down": {"uv": [54, 117], "uv_size": [1, -7]}
							}
						},
						{
							"origin": [-0.90316, 22.20029, -1.7579],
							"size": [1.21421, 0.99304, 7.05],
							"pivot": [-3, 22.23254, 5.09868],
							"rotation": [0, -15, -90],
							"uv": {
								"north": {"uv": [118, 42], "uv_size": [1, 1]},
								"east": {"uv": [110, 40], "uv_size": [7, 1]},
								"south": {"uv": [118, 43], "uv_size": [1, 1]},
								"west": {"uv": [110, 95], "uv_size": [7, 1]},
								"up": {"uv": [102, 110], "uv_size": [1, 7]},
								"down": {"uv": [103, 117], "uv_size": [1, -7]}
							}
						},
						{
							"origin": [-6.31105, 22.20029, -1.7579],
							"size": [1.21421, 0.99304, 7.05],
							"pivot": [-3, 22.23254, 5.09868],
							"rotation": [0, 15, 90],
							"uv": {
								"north": {"uv": [118, 44], "uv_size": [1, 1]},
								"east": {"uv": [110, 96], "uv_size": [7, 1]},
								"south": {"uv": [118, 45], "uv_size": [1, 1]},
								"west": {"uv": [110, 97], "uv_size": [7, 1]},
								"up": {"uv": [104, 110], "uv_size": [1, 7]},
								"down": {"uv": [105, 117], "uv_size": [1, -7]}
							}
						},
						{
							"origin": [-4.95, 18.75438, -1.9079],
							"size": [1.1, 5.8, 7.2],
							"pivot": [-3, 22.23254, 5.09868],
							"rotation": [-15, 0, 0],
							"uv": {
								"north": {"uv": [76, 111], "uv_size": [1, 6]},
								"east": {"uv": [79, 79], "uv_size": [7, 6]},
								"south": {"uv": [77, 111], "uv_size": [1, 6]},
								"west": {"uv": [84, 55], "uv_size": [7, 6]},
								"up": {"uv": [106, 110], "uv_size": [1, 7]},
								"down": {"uv": [110, 113], "uv_size": [1, -7]}
							}
						},
						{
							"origin": [-6.72951, 19.53396, -1.9079],
							"size": [1.0868, 1.28758, 7.2],
							"pivot": [-3, 22.23254, 5.09868],
							"rotation": [-11.59948, -9.57658, -39.02504],
							"uv": {
								"north": {"uv": [46, 118], "uv_size": [1, 1]},
								"east": {"uv": [110, 98], "uv_size": [7, 1]},
								"south": {"uv": [118, 46], "uv_size": [1, 1]},
								"west": {"uv": [110, 99], "uv_size": [7, 1]},
								"up": {"uv": [107, 110], "uv_size": [1, 7]},
								"down": {"uv": [111, 7], "uv_size": [1, -7]}
							}
						}
					]
				},
				{
					"name": "frame3",
					"parent": "frame",
					"pivot": [-2.1, 23.025, 7.9],
					"rotation": [2.5, 0, 0]
				},
				{
					"name": "stock",
					"parent": "frame",
					"pivot": [-2.1, 19.025, 14.9],
					"cubes": [
						{
							"origin": [-3.15, 5.61969, 1.81007],
							"size": [2.3625, 3.9, 45.08977],
							"pivot": [-3, 14.78756, 34.37912],
							"rotation": [-25, 0, 0],
							"uv": {
								"north": {"uv": [53, 106], "uv_size": [2, 4]},
								"east": {"uv": [32, 0], "uv_size": [45, 4]},
								"south": {"uv": [106, 93], "uv_size": [2, 4]},
								"west": {"uv": [32, 4], "uv_size": [45, 4]},
								"up": {"uv": [47, 38], "uv_size": [2, 45]},
								"down": {"uv": [0, 93], "uv_size": [2, -45]}
							}
						},
						{
							"origin": [-3.15, 11.51969, 19.23507],
							"size": [2.2625, 2.85, 27.66477],
							"pivot": [-3, 14.78756, 34.37912],
							"rotation": [-25, 0, 0],
							"uv": {
								"north": {"uv": [111, 47], "uv_size": [2, 3]},
								"east": {"uv": [49, 54], "uv_size": [28, 3]},
								"south": {"uv": [111, 60], "uv_size": [2, 3]},
								"west": {"uv": [49, 57], "uv_size": [28, 3]},
								"up": {"uv": [53, 71], "uv_size": [2, 28]},
								"down": {"uv": [55, 99], "uv_size": [2, -28]}
							}
						},
						{
							"origin": [-3.15, 14.36969, 30.06007],
							"size": [2.2625, 2.925, 16.83977],
							"pivot": [-3, 14.78756, 34.37912],
							"rotation": [-25, 0, 0],
							"uv": {
								"north": {"uv": [78, 111], "uv_size": [2, 3]},
								"east": {"uv": [77, 9], "uv_size": [17, 3]},
								"south": {"uv": [80, 111], "uv_size": [2, 3]},
								"west": {"uv": [77, 12], "uv_size": [17, 3]},
								"up": {"uv": [85, 87], "uv_size": [2, 17]},
								"down": {"uv": [87, 104], "uv_size": [2, -17]}
							}
						},
						{
							"origin": [-3.15, 17.29469, 38.06007],
							"size": [2.2625, 0.92777, 8.83977],
							"pivot": [-3, 14.78756, 34.37912],
							"rotation": [-25, 0, 0],
							"uv": {
								"north": {"uv": [55, 117], "uv_size": [2, 1]},
								"east": {"uv": [101, 39], "uv_size": [9, 1]},
								"south": {"uv": [117, 56], "uv_size": [2, 1]},
								"west": {"uv": [101, 40], "uv_size": [9, 1]},
								"up": {"uv": [29, 93], "uv_size": [2, 9]},
								"down": {"uv": [93, 102], "uv_size": [2, -9]}
							}
						},
						{
							"origin": [-3.15, 14.86482, 2.03747],
							"size": [2.2625, 3.75945, 45.32476],
							"pivot": [-3, 14.78756, 34.37912],
							"rotation": [-10, 0, 0],
							"uv": {
								"north": {"uv": [106, 97], "uv_size": [2, 4]},
								"east": {"uv": [32, 8], "uv_size": [45, 4]},
								"south": {"uv": [106, 101], "uv_size": [2, 4]},
								"west": {"uv": [32, 12], "uv_size": [45, 4]},
								"up": {"uv": [2, 48], "uv_size": [2, 45]},
								"down": {"uv": [4, 93], "uv_size": [2, -45]}
							}
						},
						{
							"origin": [3.29998, 7.73041, 1.81007],
							"size": [1.21128, 1.39204, 45.08977],
							"pivot": [-3, 14.78756, 34.37912],
							"rotation": [-19.65736, 15.7627, 37.25235],
							"uv": {
								"north": {"uv": [47, 118], "uv_size": [1, 1]},
								"east": {"uv": [77, 21], "uv_size": [45, 1]},
								"south": {"uv": [48, 118], "uv_size": [1, 1]},
								"west": {"uv": [77, 22], "uv_size": [45, 1]},
								"up": {"uv": [61, 71], "uv_size": [1, 45]},
								"down": {"uv": [62, 116], "uv_size": [1, -45]}
							}
						},
						{
							"origin": [-0.50193, 15.96668, 2.05447],
							"size": [1.66857, 1.75318, 45.32438],
							"pivot": [-3, 14.78756, 34.37912],
							"rotation": [-6.92766, -6.87757, -44.58321],
							"uv": {
								"north": {"uv": [112, 85], "uv_size": [2, 2]},
								"east": {"uv": [49, 38], "uv_size": [45, 2]},
								"south": {"uv": [87, 112], "uv_size": [2, 2]},
								"west": {"uv": [49, 40], "uv_size": [45, 2]},
								"up": {"uv": [6, 48], "uv_size": [2, 45]},
								"down": {"uv": [8, 93], "uv_size": [2, -45]}
							}
						},
						{
							"origin": [-7.24439, 16.04443, 2.05447],
							"size": [1.74632, 1.67543, 45.32486],
							"pivot": [-3, 14.78756, 34.37912],
							"rotation": [-6.92766, 6.87757, 44.58321],
							"uv": {
								"north": {"uv": [89, 112], "uv_size": [2, 2]},
								"east": {"uv": [49, 42], "uv_size": [45, 2]},
								"south": {"uv": [91, 112], "uv_size": [2, 2]},
								"west": {"uv": [49, 44], "uv_size": [45, 2]},
								"up": {"uv": [10, 48], "uv_size": [2, 45]},
								"down": {"uv": [12, 93], "uv_size": [2, -45]}
							}
						},
						{
							"origin": [5.90366, 14.75531, 1.81007],
							"size": [1.33058, 1.24997, 45.08977],
							"pivot": [-3, 14.78756, 34.37912],
							"rotation": [0, 25, 90],
							"uv": {
								"north": {"uv": [118, 50], "uv_size": [1, 1]},
								"east": {"uv": [77, 23], "uv_size": [45, 1]},
								"south": {"uv": [53, 118], "uv_size": [1, 1]},
								"west": {"uv": [77, 24], "uv_size": [45, 1]},
								"up": {"uv": [63, 71], "uv_size": [1, 45]},
								"down": {"uv": [64, 116], "uv_size": [1, -45]}
							}
						},
						{
							"origin": [-8.10768, 14.75531, 2.00447],
							"size": [1.53921, 0.99304, 45.375],
							"pivot": [-3, 14.78756, 34.37912],
							"rotation": [0, 9.75, 90],
							"uv": {
								"north": {"uv": [117, 57], "uv_size": [2, 1]},
								"east": {"uv": [77, 25], "uv_size": [45, 1]},
								"south": {"uv": [117, 60], "uv_size": [2, 1]},
								"west": {"uv": [77, 26], "uv_size": [45, 1]},
								"up": {"uv": [14, 48], "uv_size": [2, 45]},
								"down": {"uv": [16, 93], "uv_size": [2, -45]}
							}
						},
						{
							"origin": [-5.2125, 5.61969, 1.81007],
							"size": [2.3625, 3.9, 45.08977],
							"pivot": [-3, 14.78756, 34.37912],
							"rotation": [-25, 0, 0],
							"uv": {
								"north": {"uv": [102, 106], "uv_size": [2, 4]},
								"east": {"uv": [32, 16], "uv_size": [45, 4]},
								"south": {"uv": [104, 106], "uv_size": [2, 4]},
								"west": {"uv": [32, 20], "uv_size": [45, 4]},
								"up": {"uv": [18, 48], "uv_size": [2, 45]},
								"down": {"uv": [20, 93], "uv_size": [2, -45]}
							}
						},
						{
							"origin": [-3.15, 9.51969, 1.81007],
							"size": [2.2125, 2, 45.08977],
							"pivot": [-3, 14.78756, 34.37912],
							"rotation": [-25, 0, 0],
							"uv": {
								"north": {"uv": [93, 112], "uv_size": [2, 2]},
								"east": {"uv": [49, 46], "uv_size": [45, 2]},
								"south": {"uv": [112, 93], "uv_size": [2, 2]},
								"west": {"uv": [49, 48], "uv_size": [45, 2]},
								"up": {"uv": [22, 48], "uv_size": [2, 45]},
								"down": {"uv": [24, 93], "uv_size": [2, -45]}
							}
						},
						{
							"origin": [-5.0625, 9.51969, 1.81007],
							"size": [2.1125, 2, 45.08977],
							"pivot": [-3, 14.78756, 34.37912],
							"rotation": [-25, 0, 0],
							"uv": {
								"north": {"uv": [113, 0], "uv_size": [2, 2]},
								"east": {"uv": [49, 50], "uv_size": [45, 2]},
								"south": {"uv": [113, 2], "uv_size": [2, 2]},
								"west": {"uv": [49, 52], "uv_size": [45, 2]},
								"up": {"uv": [26, 48], "uv_size": [2, 45]},
								"down": {"uv": [28, 93], "uv_size": [2, -45]}
							}
						},
						{
							"origin": [0.56847, 14.75531, 2.00447],
							"size": [1.53921, 0.99304, 45.375],
							"pivot": [-3, 14.78756, 34.37912],
							"rotation": [0, -9.75, -90],
							"uv": {
								"north": {"uv": [117, 61], "uv_size": [2, 1]},
								"east": {"uv": [77, 27], "uv_size": [45, 1]},
								"south": {"uv": [117, 62], "uv_size": [2, 1]},
								"west": {"uv": [77, 28], "uv_size": [45, 1]},
								"up": {"uv": [30, 48], "uv_size": [2, 45]},
								"down": {"uv": [32, 97], "uv_size": [2, -45]}
							}
						},
						{
							"origin": [-5.1125, 11.51969, 19.23507],
							"size": [2.2625, 2.85, 27.66477],
							"pivot": [-3, 14.78756, 34.37912],
							"rotation": [-25, 0, 0],
							"uv": {
								"north": {"uv": [82, 111], "uv_size": [2, 3]},
								"east": {"uv": [49, 60], "uv_size": [28, 3]},
								"south": {"uv": [100, 111], "uv_size": [2, 3]},
								"west": {"uv": [62, 32], "uv_size": [28, 3]},
								"up": {"uv": [57, 71], "uv_size": [2, 28]},
								"down": {"uv": [59, 99], "uv_size": [2, -28]}
							}
						},
						{
							"origin": [-5.1125, 17.29469, 36.06007],
							"size": [2.2625, 0.92777, 10.83977],
							"pivot": [-3, 14.78756, 34.37912],
							"rotation": [-25, 0, 0],
							"uv": {
								"north": {"uv": [72, 117], "uv_size": [2, 1]},
								"east": {"uv": [94, 52], "uv_size": [11, 1]},
								"south": {"uv": [74, 117], "uv_size": [2, 1]},
								"west": {"uv": [94, 53], "uv_size": [11, 1]},
								"up": {"uv": [9, 93], "uv_size": [2, 11]},
								"down": {"uv": [11, 104], "uv_size": [2, -11]}
							}
						},
						{
							"origin": [-5.1125, 14.36969, 30.06007],
							"size": [2.2625, 2.925, 16.83977],
							"pivot": [-3, 14.78756, 34.37912],
							"rotation": [-25, 0, 0],
							"uv": {
								"north": {"uv": [111, 105], "uv_size": [2, 3]},
								"east": {"uv": [77, 15], "uv_size": [17, 3]},
								"south": {"uv": [111, 108], "uv_size": [2, 3]},
								"west": {"uv": [77, 18], "uv_size": [17, 3]},
								"up": {"uv": [89, 87], "uv_size": [2, 17]},
								"down": {"uv": [91, 104], "uv_size": [2, -17]}
							}
						},
						{
							"origin": [-10.51126, 7.73041, 1.81007],
							"size": [1.21128, 1.39204, 45.08977],
							"pivot": [-3, 14.78756, 34.37912],
							"rotation": [-19.65736, -15.7627, -37.25235],
							"uv": {
								"north": {"uv": [54, 118], "uv_size": [1, 1]},
								"east": {"uv": [77, 29], "uv_size": [45, 1]},
								"south": {"uv": [55, 118], "uv_size": [1, 1]},
								"west": {"uv": [77, 30], "uv_size": [45, 1]},
								"up": {"uv": [68, 79], "uv_size": [1, 45]},
								"down": {"uv": [69, 124], "uv_size": [1, -45]}
							}
						},
						{
							"origin": [-13.23423, 14.75531, 1.81007],
							"size": [1.33058, 1.24997, 45.08977],
							"pivot": [-3, 14.78756, 34.37912],
							"rotation": [0, -25, -90],
							"uv": {
								"north": {"uv": [56, 118], "uv_size": [1, 1]},
								"east": {"uv": [77, 31], "uv_size": [45, 1]},
								"south": {"uv": [72, 118], "uv_size": [1, 1]},
								"west": {"uv": [77, 54], "uv_size": [45, 1]},
								"up": {"uv": [70, 79], "uv_size": [1, 45]},
								"down": {"uv": [71, 124], "uv_size": [1, -45]}
							}
						},
						{
							"origin": [-5.1125, 14.86482, 2.03747],
							"size": [2.2625, 3.86941, 45.32476],
							"pivot": [-3, 14.78756, 34.37912],
							"rotation": [-10, 0, 0],
							"uv": {
								"north": {"uv": [106, 106], "uv_size": [2, 4]},
								"east": {"uv": [32, 24], "uv_size": [45, 4]},
								"south": {"uv": [9, 107], "uv_size": [2, 4]},
								"west": {"uv": [32, 28], "uv_size": [45, 4]},
								"up": {"uv": [34, 52], "uv_size": [2, 45]},
								"down": {"uv": [36, 97], "uv_size": [2, -45]}
							}
						}
					]
				},
				{
					"name": "Wood",
					"parent": "gun",
					"pivot": [-4.925, 28.375, -44.1],
					"cubes": [
						{
							"origin": [-2.175, 24.275, -35.5],
							"size": [1, 1.475, 19.9],
							"uv": {
								"north": {"uv": [73, 118], "uv_size": [1, 1]},
								"east": {"uv": [91, 60], "uv_size": [20, 1]},
								"south": {"uv": [74, 118], "uv_size": [1, 1]},
								"west": {"uv": [92, 85], "uv_size": [20, 1]},
								"up": {"uv": [13, 93], "uv_size": [1, 20]},
								"down": {"uv": [14, 113], "uv_size": [1, -20]}
							}
						},
						{
							"origin": [-4.81596, 25.79295, -44.05],
							"size": [0.88965, 0.76639, 28.45],
							"pivot": [-4.925, 25.75, -34.1],
							"rotation": [0, 0, 21.5],
							"uv": {
								"north": {"uv": [75, 118], "uv_size": [1, 1]},
								"east": {"uv": [86, 84], "uv_size": [28, 1]},
								"south": {"uv": [77, 118], "uv_size": [1, 1]},
								"west": {"uv": [88, 76], "uv_size": [28, 1]},
								"up": {"uv": [84, 92], "uv_size": [1, 28]},
								"down": {"uv": [2, 121], "uv_size": [1, -28]}
							}
						},
						{
							"origin": [-4.8078, 24.23087, -35.5],
							"size": [0.9328, 1.51913, 19.9],
							"uv": {
								"north": {"uv": [57, 117], "uv_size": [1, 2]},
								"east": {"uv": [77, 61], "uv_size": [20, 2]},
								"south": {"uv": [76, 117], "uv_size": [1, 2]},
								"west": {"uv": [72, 85], "uv_size": [20, 2]},
								"up": {"uv": [15, 93], "uv_size": [1, 20]},
								"down": {"uv": [16, 113], "uv_size": [1, -20]}
							}
						},
						{
							"origin": [-2.1237, 25.76833, -44.05],
							"size": [0.95218, 0.79102, 28.45],
							"pivot": [-1.125, 25.75, -34.1],
							"rotation": [0, 0, -21.5],
							"uv": {
								"north": {"uv": [78, 118], "uv_size": [1, 1]},
								"east": {"uv": [88, 77], "uv_size": [28, 1]},
								"south": {"uv": [79, 118], "uv_size": [1, 1]},
								"west": {"uv": [88, 78], "uv_size": [28, 1]},
								"up": {"uv": [3, 93], "uv_size": [1, 28]},
								"down": {"uv": [4, 121], "uv_size": [1, -28]}
							}
						},
						{
							"origin": [-5.3, 20.85, -35.5],
							"size": [0.92985, 1.3536, 19.9],
							"pivot": [-2.125, 18.05, -14.1],
							"rotation": [0, 0, 40],
							"uv": {
								"north": {"uv": [80, 118], "uv_size": [1, 1]},
								"east": {"uv": [92, 86], "uv_size": [20, 1]},
								"south": {"uv": [81, 118], "uv_size": [1, 1]},
								"west": {"uv": [93, 79], "uv_size": [20, 1]},
								"up": {"uv": [17, 93], "uv_size": [1, 20]},
								"down": {"uv": [18, 113], "uv_size": [1, -20]}
							}
						},
						{
							"origin": [-4.05866, 21.63808, -35.5],
							"size": [2.01358, 0.81192, 19.9],
							"uv": {
								"north": {"uv": [117, 76], "uv_size": [2, 1]},
								"east": {"uv": [93, 80], "uv_size": [20, 1]},
								"south": {"uv": [77, 117], "uv_size": [2, 1]},
								"west": {"uv": [93, 81], "uv_size": [20, 1]},
								"up": {"uv": [47, 83], "uv_size": [2, 20]},
								"down": {"uv": [72, 107], "uv_size": [2, -20]}
							}
						},
						{
							"origin": [-1.72102, 20.88454, -35.5],
							"size": [0.97102, 1.16546, 19.9],
							"pivot": [-3.925, 18.05, -14.1],
							"rotation": [0, 0, -40],
							"uv": {
								"north": {"uv": [118, 81], "uv_size": [1, 1]},
								"east": {"uv": [93, 82], "uv_size": [20, 1]},
								"south": {"uv": [118, 82], "uv_size": [1, 1]},
								"west": {"uv": [93, 83], "uv_size": [20, 1]},
								"up": {"uv": [19, 93], "uv_size": [1, 20]},
								"down": {"uv": [20, 113], "uv_size": [1, -20]}
							}
						},
						{
							"origin": [-5.3, 18.85, -28.5],
							"size": [0.92985, 1.3536, 19.9],
							"pivot": [-2.125, 16.05, -7.1],
							"rotation": [0, 0, 40],
							"uv": {
								"north": {"uv": [86, 118], "uv_size": [1, 1]},
								"east": {"uv": [93, 87], "uv_size": [20, 1]},
								"south": {"uv": [87, 118], "uv_size": [1, 1]},
								"west": {"uv": [93, 88], "uv_size": [20, 1]},
								"up": {"uv": [21, 93], "uv_size": [1, 20]},
								"down": {"uv": [22, 113], "uv_size": [1, -20]}
							}
						},
						{
							"origin": [-1.72102, 18.88454, -28.5],
							"size": [0.97102, 1.16546, 19.9],
							"pivot": [-3.925, 16.05, -7.1],
							"rotation": [0, 0, -40],
							"uv": {
								"north": {"uv": [88, 118], "uv_size": [1, 1]},
								"east": {"uv": [93, 89], "uv_size": [20, 1]},
								"south": {"uv": [90, 118], "uv_size": [1, 1]},
								"west": {"uv": [93, 90], "uv_size": [20, 1]},
								"up": {"uv": [23, 93], "uv_size": [1, 20]},
								"down": {"uv": [24, 113], "uv_size": [1, -20]}
							}
						},
						{
							"origin": [-4.05866, 19.63808, -28.5],
							"size": [2.01358, 0.81192, 19.9],
							"uv": {
								"north": {"uv": [117, 77], "uv_size": [2, 1]},
								"east": {"uv": [93, 91], "uv_size": [20, 1]},
								"south": {"uv": [117, 78], "uv_size": [2, 1]},
								"west": {"uv": [93, 92], "uv_size": [20, 1]},
								"up": {"uv": [74, 87], "uv_size": [2, 20]},
								"down": {"uv": [76, 107], "uv_size": [2, -20]}
							}
						},
						{
							"origin": [-2.175, 20.675, -28.5],
							"size": [1, 3.075, 19.9],
							"uv": {
								"north": {"uv": [32, 115], "uv_size": [1, 3]},
								"east": {"uv": [68, 76], "uv_size": [20, 3]},
								"south": {"uv": [33, 115], "uv_size": [1, 3]},
								"west": {"uv": [77, 0], "uv_size": [20, 3]},
								"up": {"uv": [25, 93], "uv_size": [1, 20]},
								"down": {"uv": [26, 113], "uv_size": [1, -20]}
							}
						},
						{
							"origin": [-4.8078, 20.53087, -28.5],
							"size": [0.9328, 3.21913, 19.9],
							"uv": {
								"north": {"uv": [34, 115], "uv_size": [1, 3]},
								"east": {"uv": [77, 3], "uv_size": [20, 3]},
								"south": {"uv": [35, 115], "uv_size": [1, 3]},
								"west": {"uv": [77, 6], "uv_size": [20, 3]},
								"up": {"uv": [27, 93], "uv_size": [1, 20]},
								"down": {"uv": [28, 113], "uv_size": [1, -20]}
							}
						},
						{
							"origin": [-2.1237, 23.76833, -37.05],
							"size": [0.95218, 0.79102, 28.45],
							"pivot": [-1.125, 23.75, -27.1],
							"rotation": [0, 0, -21.5],
							"uv": {
								"north": {"uv": [91, 118], "uv_size": [1, 1]},
								"east": {"uv": [90, 32], "uv_size": [28, 1]},
								"south": {"uv": [92, 118], "uv_size": [1, 1]},
								"west": {"uv": [90, 33], "uv_size": [28, 1]},
								"up": {"uv": [5, 93], "uv_size": [1, 28]},
								"down": {"uv": [6, 121], "uv_size": [1, -28]}
							}
						},
						{
							"origin": [-4.81596, 23.79295, -37.05],
							"size": [0.88965, 0.76639, 28.45],
							"pivot": [-4.925, 23.75, -27.1],
							"rotation": [0, 0, 21.5],
							"uv": {
								"north": {"uv": [118, 93], "uv_size": [1, 1]},
								"east": {"uv": [90, 34], "uv_size": [28, 1]},
								"south": {"uv": [94, 118], "uv_size": [1, 1]},
								"west": {"uv": [91, 55], "uv_size": [28, 1]},
								"up": {"uv": [7, 93], "uv_size": [1, 28]},
								"down": {"uv": [8, 121], "uv_size": [1, -28]}
							}
						}
					]
				},
				{
					"name": "wood4",
					"parent": "Wood",
					"pivot": [-4.925, 29.75, -50.1],
					"rotation": [-12.5, 0, 0],
					"cubes": [
						{
							"origin": [-2.175, 26.00272, -37.5],
							"size": [1, 3.00211, 3.18523],
							"uv": {
								"north": {"uv": [46, 115], "uv_size": [1, 3]},
								"east": {"uv": [101, 41], "uv_size": [3, 3]},
								"south": {"uv": [47, 115], "uv_size": [1, 3]},
								"west": {"uv": [101, 56], "uv_size": [3, 3]},
								"up": {"uv": [48, 115], "uv_size": [1, 3]},
								"down": {"uv": [79, 118], "uv_size": [1, -3]}
							}
						},
						{
							"origin": [-5.3, 24.35384, -37.5],
							"size": [1.34618, 1.33478, 3.40966],
							"pivot": [-2.125, 22.05, -30.1],
							"rotation": [0, 0, 40],
							"uv": {
								"north": {"uv": [118, 94], "uv_size": [1, 1]},
								"east": {"uv": [115, 2], "uv_size": [3, 1]},
								"south": {"uv": [95, 118], "uv_size": [1, 1]},
								"west": {"uv": [115, 3], "uv_size": [3, 1]},
								"up": {"uv": [115, 79], "uv_size": [1, 3]},
								"down": {"uv": [80, 118], "uv_size": [1, -3]}
							}
						},
						{
							"origin": [-4.05866, 24.99038, -37.5],
							"size": [2.01358, 1.45962, 3.40966],
							"uv": {
								"north": {"uv": [117, 79], "uv_size": [2, 1]},
								"east": {"uv": [115, 38], "uv_size": [3, 1]},
								"south": {"uv": [117, 80], "uv_size": [2, 1]},
								"west": {"uv": [115, 41], "uv_size": [3, 1]},
								"up": {"uv": [111, 111], "uv_size": [2, 3]},
								"down": {"uv": [0, 115], "uv_size": [2, -3]}
							}
						},
						{
							"origin": [-2.13735, 24.38838, -37.5],
							"size": [1.38735, 1.14925, 3.40966],
							"pivot": [-3.925, 22.05, -30.1],
							"rotation": [0, 0, -40],
							"uv": {
								"north": {"uv": [118, 95], "uv_size": [1, 1]},
								"east": {"uv": [115, 42], "uv_size": [3, 1]},
								"south": {"uv": [96, 118], "uv_size": [1, 1]},
								"west": {"uv": [115, 50], "uv_size": [3, 1]},
								"up": {"uv": [81, 115], "uv_size": [1, 3]},
								"down": {"uv": [86, 118], "uv_size": [1, -3]}
							}
						},
						{
							"origin": [-4.8078, 25.86201, -37.5],
							"size": [0.9328, 3.14282, 3.21643],
							"uv": {
								"north": {"uv": [115, 86], "uv_size": [1, 3]},
								"east": {"uv": [103, 9], "uv_size": [3, 3]},
								"south": {"uv": [87, 115], "uv_size": [1, 3]},
								"west": {"uv": [103, 12], "uv_size": [3, 3]},
								"up": {"uv": [88, 115], "uv_size": [1, 3]},
								"down": {"uv": [90, 118], "uv_size": [1, -3]}
							}
						},
						{
							"origin": [-4.8078, 25.86201, -40.5],
							"size": [0.9328, 1.73994, 3.5238],
							"pivot": [-3.0082, 26.61199, -37.25128],
							"rotation": [12.5, 0, 0],
							"uv": {
								"north": {"uv": [117, 81], "uv_size": [1, 2]},
								"east": {"uv": [107, 7], "uv_size": [4, 2]},
								"south": {"uv": [82, 117], "uv_size": [1, 2]},
								"west": {"uv": [107, 12], "uv_size": [4, 2]},
								"up": {"uv": [60, 112], "uv_size": [1, 4]},
								"down": {"uv": [13, 117], "uv_size": [1, -4]}
							}
						},
						{
							"origin": [-4.8078, 27.56201, -43.1],
							"size": [0.9328, 1.43994, 6.1238],
							"pivot": [-3.0082, 26.61199, -37.25128],
							"rotation": [12.5, 0, 0],
							"uv": {
								"north": {"uv": [118, 96], "uv_size": [1, 1]},
								"east": {"uv": [111, 12], "uv_size": [6, 1]},
								"south": {"uv": [97, 118], "uv_size": [1, 1]},
								"west": {"uv": [111, 13], "uv_size": [6, 1]},
								"up": {"uv": [112, 0], "uv_size": [1, 6]},
								"down": {"uv": [12, 118], "uv_size": [1, -6]}
							}
						},
						{
							"origin": [-2.1078, 27.56201, -43.1],
							"size": [0.9328, 1.43994, 6.1238],
							"pivot": [-3.0082, 26.61199, -37.25128],
							"rotation": [12.5, 0, 0],
							"uv": {
								"north": {"uv": [118, 97], "uv_size": [1, 1]},
								"east": {"uv": [111, 18], "uv_size": [6, 1]},
								"south": {"uv": [98, 118], "uv_size": [1, 1]},
								"west": {"uv": [111, 19], "uv_size": [6, 1]},
								"up": {"uv": [29, 112], "uv_size": [1, 6]},
								"down": {"uv": [30, 118], "uv_size": [1, -6]}
							}
						},
						{
							"origin": [-4.8571, 26.04499, -40.5],
							"size": [1.3892, 1.14703, 3.71704],
							"pivot": [-3.0082, 26.61199, -37.25128],
							"rotation": [9.63846, 7.9972, -39.32466],
							"uv": {
								"north": {"uv": [118, 98], "uv_size": [1, 1]},
								"east": {"uv": [111, 42], "uv_size": [4, 1]},
								"south": {"uv": [99, 118], "uv_size": [1, 1]},
								"west": {"uv": [111, 50], "uv_size": [4, 1]},
								"up": {"uv": [14, 113], "uv_size": [1, 4]},
								"down": {"uv": [15, 117], "uv_size": [1, -4]}
							}
						},
						{
							"origin": [-4.05866, 24.99038, -40.5],
							"size": [2.01358, 1.45673, 3.71704],
							"pivot": [-3.0082, 26.61199, -37.25128],
							"rotation": [12.5, 0, 0],
							"uv": {
								"north": {"uv": [117, 83], "uv_size": [2, 1]},
								"east": {"uv": [112, 6], "uv_size": [4, 1]},
								"south": {"uv": [117, 84], "uv_size": [2, 1]},
								"west": {"uv": [112, 58], "uv_size": [4, 1]},
								"up": {"uv": [107, 14], "uv_size": [2, 4]},
								"down": {"uv": [72, 111], "uv_size": [2, -4]}
							}
						},
						{
							"origin": [-2.57239, 25.98885, -40.5],
							"size": [1.34433, 1.33256, 3.71704],
							"pivot": [-3.0082, 26.61199, -37.25128],
							"rotation": [9.63846, -7.9972, 39.32466],
							"uv": {
								"north": {"uv": [118, 99], "uv_size": [1, 1]},
								"east": {"uv": [113, 4], "uv_size": [4, 1]},
								"south": {"uv": [100, 118], "uv_size": [1, 1]},
								"west": {"uv": [113, 5], "uv_size": [4, 1]},
								"up": {"uv": [16, 113], "uv_size": [1, 4]},
								"down": {"uv": [17, 117], "uv_size": [1, -4]}
							}
						},
						{
							"origin": [-2.175, 26.00272, -40.5],
							"size": [1, 2.99922, 3.49261],
							"pivot": [-3.0082, 26.61199, -37.25128],
							"rotation": [12.5, 0, 0],
							"uv": {
								"north": {"uv": [91, 115], "uv_size": [1, 3]},
								"east": {"uv": [103, 15], "uv_size": [3, 3]},
								"south": {"uv": [92, 115], "uv_size": [1, 3]},
								"west": {"uv": [103, 18], "uv_size": [3, 3]},
								"up": {"uv": [95, 115], "uv_size": [1, 3]},
								"down": {"uv": [96, 118], "uv_size": [1, -3]}
							}
						},
						{
							"origin": [-4.86885, 25.53445, -43.8],
							"size": [1.40095, 1.05978, 3.74811],
							"pivot": [-3.0082, 26.01199, -40.55128],
							"rotation": [-11.59948, -9.57658, -39.02504],
							"uv": {
								"north": {"uv": [118, 100], "uv_size": [1, 1]},
								"east": {"uv": [18, 113], "uv_size": [4, 1]},
								"south": {"uv": [101, 118], "uv_size": [1, 1]},
								"west": {"uv": [113, 20], "uv_size": [4, 1]},
								"up": {"uv": [22, 113], "uv_size": [1, 4]},
								"down": {"uv": [23, 117], "uv_size": [1, -4]}
							}
						},
						{
							"origin": [-4.8078, 25.26201, -43.81046],
							"size": [0.9328, 1.60291, 3.73426],
							"pivot": [-3.0082, 26.01199, -40.55128],
							"rotation": [-15, 0, 0],
							"uv": {
								"north": {"uv": [83, 117], "uv_size": [1, 2]},
								"east": {"uv": [107, 18], "uv_size": [4, 2]},
								"south": {"uv": [85, 117], "uv_size": [1, 2]},
								"west": {"uv": [107, 41], "uv_size": [4, 2]},
								"up": {"uv": [24, 113], "uv_size": [1, 4]},
								"down": {"uv": [25, 117], "uv_size": [1, -4]}
							}
						},
						{
							"origin": [-4.05866, 24.50717, -43.8],
							"size": [2.01358, 1.33994, 4.14811],
							"pivot": [-3.0082, 26.01199, -40.55128],
							"rotation": [-15, 0, 0],
							"uv": {
								"north": {"uv": [117, 85], "uv_size": [2, 1]},
								"east": {"uv": [113, 44], "uv_size": [4, 1]},
								"south": {"uv": [117, 86], "uv_size": [2, 1]},
								"west": {"uv": [113, 45], "uv_size": [4, 1]},
								"up": {"uv": [74, 107], "uv_size": [2, 4]},
								"down": {"uv": [76, 111], "uv_size": [2, -4]}
							}
						},
						{
							"origin": [-2.175, 25.40513, -43.81046],
							"size": [1, 1.4598, 3.69112],
							"pivot": [-3.0082, 26.01199, -40.55128],
							"rotation": [-15, 0, 0],
							"uv": {
								"north": {"uv": [118, 101], "uv_size": [1, 1]},
								"east": {"uv": [113, 46], "uv_size": [4, 1]},
								"south": {"uv": [102, 118], "uv_size": [1, 1]},
								"west": {"uv": [113, 47], "uv_size": [4, 1]},
								"up": {"uv": [26, 113], "uv_size": [1, 4]},
								"down": {"uv": [27, 117], "uv_size": [1, -4]}
							}
						},
						{
							"origin": [-2.57239, 25.47831, -43.8],
							"size": [1.35858, 1.24715, 3.74811],
							"pivot": [-3.0082, 26.01199, -40.55128],
							"rotation": [-11.59948, 9.57658, 39.02504],
							"uv": {
								"north": {"uv": [118, 102], "uv_size": [1, 1]},
								"east": {"uv": [113, 48], "uv_size": [4, 1]},
								"south": {"uv": [103, 118], "uv_size": [1, 1]},
								"west": {"uv": [113, 49], "uv_size": [4, 1]},
								"up": {"uv": [28, 113], "uv_size": [1, 4]},
								"down": {"uv": [55, 117], "uv_size": [1, -4]}
							}
						},
						{
							"origin": [-4.8078, 25.4245, -30.23305],
							"size": [0.9328, 3.14282, 3.21643],
							"uv": {
								"north": {"uv": [115, 102], "uv_size": [1, 3]},
								"east": {"uv": [103, 93], "uv_size": [3, 3]},
								"south": {"uv": [115, 106], "uv_size": [1, 3]},
								"west": {"uv": [103, 96], "uv_size": [3, 3]},
								"up": {"uv": [114, 115], "uv_size": [1, 3]},
								"down": {"uv": [115, 118], "uv_size": [1, -3]}
							}
						},
						{
							"origin": [-4.05866, 24.55287, -30.23305],
							"size": [2.01358, 1.45962, 3.40966],
							"uv": {
								"north": {"uv": [117, 87], "uv_size": [2, 1]},
								"east": {"uv": [116, 6], "uv_size": [3, 1]},
								"south": {"uv": [117, 88], "uv_size": [2, 1]},
								"west": {"uv": [116, 14], "uv_size": [3, 1]},
								"up": {"uv": [32, 112], "uv_size": [2, 3]},
								"down": {"uv": [34, 115], "uv_size": [2, -3]}
							}
						},
						{
							"origin": [-5.01877, 24.01868, -30.23305],
							"size": [1.34618, 1.33478, 3.40966],
							"pivot": [-2.125, 22.05, -30.1],
							"rotation": [0, 0, 40],
							"uv": {
								"north": {"uv": [118, 103], "uv_size": [1, 1]},
								"east": {"uv": [116, 15], "uv_size": [3, 1]},
								"south": {"uv": [104, 118], "uv_size": [1, 1]},
								"west": {"uv": [116, 16], "uv_size": [3, 1]},
								"up": {"uv": [58, 116], "uv_size": [1, 3]},
								"down": {"uv": [59, 119], "uv_size": [1, -3]}
							}
						},
						{
							"origin": [-2.175, 25.56521, -30.33305],
							"size": [1, 3.00211, 3.28523],
							"uv": {
								"north": {"uv": [60, 116], "uv_size": [1, 3]},
								"east": {"uv": [103, 99], "uv_size": [3, 3]},
								"south": {"uv": [61, 116], "uv_size": [1, 3]},
								"west": {"uv": [103, 102], "uv_size": [3, 3]},
								"up": {"uv": [62, 116], "uv_size": [1, 3]},
								"down": {"uv": [63, 119], "uv_size": [1, -3]}
							}
						},
						{
							"origin": [-2.41858, 24.05322, -30.23305],
							"size": [1.38735, 1.14925, 3.40966],
							"pivot": [-3.925, 22.05, -30.1],
							"rotation": [0, 0, -40],
							"uv": {
								"north": {"uv": [118, 104], "uv_size": [1, 1]},
								"east": {"uv": [116, 17], "uv_size": [3, 1]},
								"south": {"uv": [105, 118], "uv_size": [1, 1]},
								"west": {"uv": [116, 51], "uv_size": [3, 1]},
								"up": {"uv": [64, 116], "uv_size": [1, 3]},
								"down": {"uv": [116, 79], "uv_size": [1, -3]}
							}
						},
						{
							"origin": [-2.175, 24.00272, -33.5],
							"size": [1, 2.99922, 3.49261],
							"pivot": [-3.0082, 26.61199, -37.25128],
							"rotation": [12.5, 0, 0],
							"uv": {
								"north": {"uv": [116, 79], "uv_size": [1, 3]},
								"east": {"uv": [9, 104], "uv_size": [3, 3]},
								"south": {"uv": [116, 86], "uv_size": [1, 3]},
								"west": {"uv": [104, 41], "uv_size": [3, 3]},
								"up": {"uv": [116, 100], "uv_size": [1, 3]},
								"down": {"uv": [116, 109], "uv_size": [1, -3]}
							}
						},
						{
							"origin": [-1.28681, 24.45676, -33.5],
							"size": [1.34433, 1.33256, 3.71704],
							"pivot": [-3.0082, 26.61199, -37.25128],
							"rotation": [9.63846, -7.9972, 39.32466],
							"uv": {
								"north": {"uv": [118, 105], "uv_size": [1, 1]},
								"east": {"uv": [113, 52], "uv_size": [4, 1]},
								"south": {"uv": [106, 118], "uv_size": [1, 1]},
								"west": {"uv": [113, 53], "uv_size": [4, 1]},
								"up": {"uv": [56, 113], "uv_size": [1, 4]},
								"down": {"uv": [113, 83], "uv_size": [1, -4]}
							}
						},
						{
							"origin": [-4.05866, 22.99038, -33.5],
							"size": [2.01358, 1.45673, 3.71704],
							"pivot": [-3.0082, 26.61199, -37.25128],
							"rotation": [12.5, 0, 0],
							"uv": {
								"north": {"uv": [117, 89], "uv_size": [2, 1]},
								"east": {"uv": [113, 60], "uv_size": [4, 1]},
								"south": {"uv": [117, 90], "uv_size": [2, 1]},
								"west": {"uv": [113, 61], "uv_size": [4, 1]},
								"up": {"uv": [78, 107], "uv_size": [2, 4]},
								"down": {"uv": [80, 111], "uv_size": [2, -4]}
							}
						},
						{
							"origin": [-6.14267, 24.5129, -33.5],
							"size": [1.3892, 1.14703, 3.71704],
							"pivot": [-3.0082, 26.61199, -37.25128],
							"rotation": [9.63846, 7.9972, -39.32466],
							"uv": {
								"north": {"uv": [118, 106], "uv_size": [1, 1]},
								"east": {"uv": [113, 62], "uv_size": [4, 1]},
								"south": {"uv": [107, 118], "uv_size": [1, 1]},
								"west": {"uv": [113, 83], "uv_size": [4, 1]},
								"up": {"uv": [113, 87], "uv_size": [1, 4]},
								"down": {"uv": [97, 117], "uv_size": [1, -4]}
							}
						},
						{
							"origin": [-4.8078, 23.86201, -33.5],
							"size": [0.9328, 3.13994, 3.5238],
							"pivot": [-3.0082, 26.61199, -37.25128],
							"rotation": [12.5, 0, 0],
							"uv": {
								"north": {"uv": [116, 115], "uv_size": [1, 3]},
								"east": {"uv": [57, 99], "uv_size": [4, 3]},
								"south": {"uv": [9, 117], "uv_size": [1, 3]},
								"west": {"uv": [99, 93], "uv_size": [4, 3]},
								"up": {"uv": [98, 113], "uv_size": [1, 4]},
								"down": {"uv": [99, 117], "uv_size": [1, -4]}
							}
						},
						{
							"origin": [-3.50971, 26.59537, -36.66743],
							"size": [1.35858, 1.24715, 3.74811],
							"pivot": [-3.0082, 26.01199, -40.55128],
							"rotation": [-11.59948, 9.57658, 39.02504],
							"uv": {
								"north": {"uv": [118, 107], "uv_size": [1, 1]},
								"east": {"uv": [113, 91], "uv_size": [4, 1]},
								"south": {"uv": [108, 118], "uv_size": [1, 1]},
								"west": {"uv": [113, 92], "uv_size": [4, 1]},
								"up": {"uv": [113, 105], "uv_size": [1, 4]},
								"down": {"uv": [108, 117], "uv_size": [1, -4]}
							}
						},
						{
							"origin": [-2.175, 26.86335, -36.67788],
							"size": [1, 1.4598, 3.69112],
							"pivot": [-3.0082, 26.01199, -40.55128],
							"rotation": [-15, 0, 0],
							"uv": {
								"north": {"uv": [118, 108], "uv_size": [1, 1]},
								"east": {"uv": [113, 109], "uv_size": [4, 1]},
								"south": {"uv": [109, 118], "uv_size": [1, 1]},
								"west": {"uv": [113, 110], "uv_size": [4, 1]},
								"up": {"uv": [109, 113], "uv_size": [1, 4]},
								"down": {"uv": [110, 117], "uv_size": [1, -4]}
							}
						},
						{
							"origin": [-4.05866, 25.96539, -36.66743],
							"size": [2.01358, 1.33994, 4.14811],
							"pivot": [-3.0082, 26.01199, -40.55128],
							"rotation": [-15, 0, 0],
							"uv": {
								"north": {"uv": [117, 91], "uv_size": [2, 1]},
								"east": {"uv": [113, 111], "uv_size": [4, 1]},
								"south": {"uv": [117, 92], "uv_size": [2, 1]},
								"west": {"uv": [113, 112], "uv_size": [4, 1]},
								"up": {"uv": [82, 107], "uv_size": [2, 4]},
								"down": {"uv": [0, 112], "uv_size": [2, -4]}
							}
						},
						{
							"origin": [-4.8078, 26.72023, -36.67788],
							"size": [0.9328, 1.60291, 3.73426],
							"pivot": [-3.0082, 26.01199, -40.55128],
							"rotation": [-15, 0, 0],
							"uv": {
								"north": {"uv": [89, 117], "uv_size": [1, 2]},
								"east": {"uv": [107, 61], "uv_size": [4, 2]},
								"south": {"uv": [93, 117], "uv_size": [1, 2]},
								"west": {"uv": [108, 93], "uv_size": [4, 2]},
								"up": {"uv": [113, 113], "uv_size": [1, 4]},
								"down": {"uv": [11, 118], "uv_size": [1, -4]}
							}
						},
						{
							"origin": [-3.93152, 26.65151, -36.66743],
							"size": [1.40095, 1.05978, 3.74811],
							"pivot": [-3.0082, 26.01199, -40.55128],
							"rotation": [-11.59948, -9.57658, -39.02504],
							"uv": {
								"north": {"uv": [118, 109], "uv_size": [1, 1]},
								"east": {"uv": [114, 9], "uv_size": [4, 1]},
								"south": {"uv": [110, 118], "uv_size": [1, 1]},
								"west": {"uv": [114, 10], "uv_size": [4, 1]},
								"up": {"uv": [18, 114], "uv_size": [1, 4]},
								"down": {"uv": [19, 118], "uv_size": [1, -4]}
							}
						},
						{
							"origin": [-4.8078, 25.56201, -34.7],
							"size": [0.9328, 1.43994, 1.3238],
							"pivot": [-3.0082, 26.61199, -37.25128],
							"rotation": [12.5, 0, 0],
							"uv": {
								"north": {"uv": [118, 110], "uv_size": [1, 1]},
								"east": {"uv": [111, 118], "uv_size": [1, 1]},
								"south": {"uv": [118, 111], "uv_size": [1, 1]},
								"west": {"uv": [112, 118], "uv_size": [1, 1]},
								"up": {"uv": [118, 112], "uv_size": [1, 1]},
								"down": {"uv": [113, 119], "uv_size": [1, -1]}
							}
						},
						{
							"origin": [-2.1078, 25.56201, -34.5],
							"size": [0.9328, 1.43994, 1.2238],
							"pivot": [-3.0082, 26.61199, -37.25128],
							"rotation": [12.5, 0, 0],
							"uv": {
								"north": {"uv": [118, 113], "uv_size": [1, 1]},
								"east": {"uv": [114, 118], "uv_size": [1, 1]},
								"south": {"uv": [118, 114], "uv_size": [1, 1]},
								"west": {"uv": [115, 118], "uv_size": [1, 1]},
								"up": {"uv": [118, 115], "uv_size": [1, 1]},
								"down": {"uv": [116, 119], "uv_size": [1, -1]}
							}
						}
					]
				},
				{
					"name": "Barrel",
					"parent": "gun",
					"pivot": [-4.17652, 25.39846, -38.002],
					"cubes": [
						{
							"origin": [-2.22582, 25.1646, -77.502],
							"size": [0.61313, 1.02589, 62],
							"uv": {
								"north": {"uv": [118, 116], "uv_size": [1, 1]},
								"east": {"uv": [62, 35], "uv_size": [62, 1]},
								"south": {"uv": [117, 118], "uv_size": [1, 1]},
								"west": {"uv": [62, 36], "uv_size": [62, 1]},
								"up": {"uv": [46, 52], "uv_size": [1, 62]},
								"down": {"uv": [65, 125], "uv_size": [1, -62]}
							}
						},
						{
							"origin": [-4.37885, 25.13989, -77.502],
							"size": [0.60467, 1.14213, 62],
							"uv": {
								"north": {"uv": [118, 117], "uv_size": [1, 1]},
								"east": {"uv": [62, 37], "uv_size": [62, 1]},
								"south": {"uv": [118, 118], "uv_size": [1, 1]},
								"west": {"uv": [66, 63], "uv_size": [62, 1]},
								"up": {"uv": [66, 64], "uv_size": [1, 62]},
								"down": {"uv": [67, 126], "uv_size": [1, -62]}
							}
						},
						{
							"origin": [-1.87149, 24.19398, -77.504],
							"size": [0.55074, 1.38087, 62],
							"inflate": -0.002,
							"pivot": [-3.8171, 24.85171, -28.004],
							"rotation": [0, 0, -46],
							"uv": {
								"north": {"uv": [0, 119], "uv_size": [1, 1]},
								"east": {"uv": [68, 64], "uv_size": [62, 1]},
								"south": {"uv": [119, 0], "uv_size": [1, 1]},
								"west": {"uv": [68, 65], "uv_size": [62, 1]},
								"up": {"uv": [38, 68], "uv_size": [1, 62]},
								"down": {"uv": [39, 130], "uv_size": [1, -62]}
							}
						},
						{
							"origin": [-4.73061, 24.26365, -77.504],
							"size": [0.6021, 1.25799, 62],
							"inflate": -0.002,
							"pivot": [-2.1829, 24.85171, -28.004],
							"rotation": [0, 0, 46],
							"uv": {
								"north": {"uv": [1, 119], "uv_size": [1, 1]},
								"east": {"uv": [68, 66], "uv_size": [62, 1]},
								"south": {"uv": [119, 1], "uv_size": [1, 1]},
								"west": {"uv": [68, 67], "uv_size": [62, 1]},
								"up": {"uv": [40, 68], "uv_size": [1, 62]},
								"down": {"uv": [41, 130], "uv_size": [1, -62]}
							}
						},
						{
							"origin": [-3.46885, 26.525, -77.5],
							"size": [0.86373, 0.61994, 62],
							"inflate": 0.002,
							"uv": {
								"north": {"uv": [119, 2], "uv_size": [1, 1]},
								"east": {"uv": [68, 68], "uv_size": [62, 1]},
								"south": {"uv": [119, 3], "uv_size": [1, 1]},
								"west": {"uv": [68, 69], "uv_size": [62, 1]},
								"up": {"uv": [42, 68], "uv_size": [1, 62]},
								"down": {"uv": [43, 130], "uv_size": [1, -62]}
							}
						},
						{
							"origin": [-3.49086, 24.2863, -77.5],
							"size": [0.96459, 0.54111, 62],
							"inflate": 0.002,
							"uv": {
								"north": {"uv": [119, 4], "uv_size": [1, 1]},
								"east": {"uv": [68, 70], "uv_size": [62, 1]},
								"south": {"uv": [119, 5], "uv_size": [1, 1]},
								"west": {"uv": [68, 71], "uv_size": [62, 1]},
								"up": {"uv": [44, 68], "uv_size": [1, 62]},
								"down": {"uv": [45, 130], "uv_size": [1, -62]}
							}
						},
						{
							"origin": [-4.00202, 24.22231, -77.504],
							"size": [0.45132, 1.23567, 62],
							"inflate": -0.002,
							"pivot": [-3.8171, 24.85171, -28.004],
							"rotation": [0, 0, -46],
							"uv": {
								"north": {"uv": [119, 6], "uv_size": [1, 1]},
								"east": {"uv": [68, 72], "uv_size": [62, 1]},
								"south": {"uv": [119, 7], "uv_size": [1, 1]},
								"west": {"uv": [68, 73], "uv_size": [62, 1]},
								"up": {"uv": [49, 71], "uv_size": [1, 62]},
								"down": {"uv": [50, 133], "uv_size": [1, -62]}
							}
						},
						{
							"origin": [-2.4993, 24.20999, -77.504],
							"size": [0.48942, 1.27124, 62],
							"inflate": -0.002,
							"pivot": [-2.1829, 24.85171, -28.004],
							"rotation": [0, 0, 46],
							"uv": {
								"north": {"uv": [119, 8], "uv_size": [1, 1]},
								"east": {"uv": [68, 74], "uv_size": [62, 1]},
								"south": {"uv": [119, 9], "uv_size": [1, 1]},
								"west": {"uv": [68, 75], "uv_size": [62, 1]},
								"up": {"uv": [51, 71], "uv_size": [1, 62]},
								"down": {"uv": [52, 133], "uv_size": [1, -62]}
							}
						}
					]
				},
				{
					"name": "rightarm",
					"parent": "main",
					"pivot": [-7.3, 7.3, 20.8],
					"rotation": [-101.81106, -12.40003, -2.46982],
					"cubes": [
						{"origin": [-11.3, -16.7, 10.8], "size": [8, 24, 8], "uv": [32, 145]}
					]
				},
				{
					"name": "leftarm",
					"parent": "main",
					"pivot": [6.52761, 13.965, -5.67708],
					"rotation": [-119.61483, 1.67666, -38.31282],
					"cubes": [
						{"origin": [0.98089, -10.51216, -7.24231], "size": [8, 24, 8], "uv": [0, 143]}
					]
				},
				{
					"name": "muzzleflash",
					"parent": "main",
					"pivot": [-3, 25.65, -78],
					"cubes": [
						{
							"origin": [-3.5, 25.15, -78.5],
							"size": [1, 1, 1],
							"inflate": -0.4,
							"uv": {
								"north": {"uv": [119, 17], "uv_size": [1, 1]},
								"east": {"uv": [18, 119], "uv_size": [1, 1]},
								"south": {"uv": [119, 18], "uv_size": [1, 1]},
								"west": {"uv": [19, 119], "uv_size": [1, 1]},
								"up": {"uv": [119, 19], "uv_size": [1, 1]},
								"down": {"uv": [20, 120], "uv_size": [1, -1]}
							}
						}
					]
				},
				{
					"name": "scope",
					"parent": "main",
					"pivot": [-3.03225, 27.93921, 8.175],
					"cubes": [
						{
							"origin": [-3.53225, 27.43921, 7.675],
							"size": [1, 1, 1],
							"inflate": -0.4,
							"uv": {
								"north": {"uv": [119, 10], "uv_size": [1, 1]},
								"east": {"uv": [11, 119], "uv_size": [1, 1]},
								"south": {"uv": [164, 34], "uv_size": [1, 1]},
								"west": {"uv": [12, 119], "uv_size": [1, 1]},
								"up": {"uv": [119, 12], "uv_size": [1, 1]},
								"down": {"uv": [13, 120], "uv_size": [1, -1]}
							}
						}
					]
				}
			]
		}
	]
}