{
	"format_version": "1.12.0",
	"minecraft:geometry": [
		{
			"description": {
				"identifier": "geometry.unknown",
				"texture_width": 128,
				"texture_height": 128,
				"visible_bounds_width": 8,
				"visible_bounds_height": 4,
				"visible_bounds_offset": [0, 1, 0]
			},
			"bones": [
				{
					"name": "main",
					"pivot": [0, 20, 0]
				},
				{
					"name": "gun",
					"parent": "main",
					"pivot": [-3.3663, 25.75894, -14.61028],
					"cubes": [
						{
							"origin": [-4.7125, 15.67555, -16.66427],
							"size": [2.604, 4.564, 1.174],
							"inflate": -0.1,
							"uv": {
								"north": {"uv": [59, 2], "uv_size": [3, 5]},
								"east": {"uv": [57, 75], "uv_size": [1, 5]},
								"south": {"uv": [59, 7], "uv_size": [3, 5]},
								"west": {"uv": [2, 76], "uv_size": [1, 5]},
								"up": {"uv": [78, 2], "uv_size": [3, 1]},
								"down": {"uv": [78, 4], "uv_size": [3, -1]}
							}
						},
						{
							"origin": [-4.7311, 15.75891, -22.98684],
							"size": [2.604, 3.164, 0.944],
							"inflate": -0.1,
							"pivot": [-3.4291, 18.49091, -24.01484],
							"rotation": [22.5, 0, 0],
							"uv": {
								"north": {"uv": [53, 21], "uv_size": [3, 3]},
								"east": {"uv": [40, 77], "uv_size": [1, 3]},
								"south": {"uv": [54, 39], "uv_size": [3, 3]},
								"west": {"uv": [45, 77], "uv_size": [1, 3]},
								"up": {"uv": [78, 11], "uv_size": [3, 1]},
								"down": {"uv": [78, 19], "uv_size": [3, -1]}
							}
						},
						{
							"origin": [-4.7311, 20.90841, -26.37819],
							"size": [2.604, 3.164, 1.544],
							"inflate": -0.1,
							"pivot": [-3.4291, 22.49041, -22.90619],
							"rotation": [70, 0, 0],
							"uv": {
								"north": {"uv": [74, 72], "uv_size": [3, 3]},
								"east": {"uv": [54, 75], "uv_size": [2, 3]},
								"south": {"uv": [75, 2], "uv_size": [3, 3]},
								"west": {"uv": [75, 61], "uv_size": [2, 3]},
								"up": {"uv": [75, 64], "uv_size": [3, 2]},
								"down": {"uv": [75, 68], "uv_size": [3, -2]}
							}
						},
						{
							"origin": [-4.7311, 14.63997, -21.48926],
							"size": [2.604, 2.964, 0.944],
							"inflate": -0.1,
							"pivot": [-3.4291, 16.62197, -21.01726],
							"rotation": [75, 0, 0],
							"uv": {
								"north": {"uv": [74, 69], "uv_size": [3, 3]},
								"east": {"uv": [1, 79], "uv_size": [1, 3]},
								"south": {"uv": [70, 74], "uv_size": [3, 3]},
								"west": {"uv": [79, 5], "uv_size": [1, 3]},
								"up": {"uv": [78, 67], "uv_size": [3, 1]},
								"down": {"uv": [79, 9], "uv_size": [3, -1]}
							}
						},
						{
							"origin": [-4.7225, 15.66555, -19.40567],
							"size": [2.6054, 0.9454, 3.9254],
							"inflate": -0.11,
							"uv": {
								"north": {"uv": [78, 4], "uv_size": [3, 1]},
								"east": {"uv": [76, 0], "uv_size": [4, 1]},
								"south": {"uv": [78, 10], "uv_size": [3, 1]},
								"west": {"uv": [76, 1], "uv_size": [4, 1]},
								"up": {"uv": [62, 2], "uv_size": [3, 4]},
								"down": {"uv": [62, 10], "uv_size": [3, -4]}
							}
						}
					]
				},
				{
					"name": "Trigger",
					"parent": "gun",
					"pivot": [-3.4105, 18.7652, -18.43849],
					"rotation": [27.5, 0, 0],
					"cubes": [
						{
							"origin": [-3.9225, 18.13164, -19.31978],
							"size": [1.024, 2.834, 0.944],
							"inflate": -0.1,
							"pivot": [-2.3805, 17.23864, -18.38278],
							"rotation": [-21, 0, 0],
							"uv": {
								"north": {"uv": [54, 78], "uv_size": [1, 3]},
								"east": {"uv": [55, 78], "uv_size": [1, 3]},
								"south": {"uv": [78, 55], "uv_size": [1, 3]},
								"west": {"uv": [78, 58], "uv_size": [1, 3]},
								"up": {"uv": [76, 81], "uv_size": [1, 1]},
								"down": {"uv": [77, 82], "uv_size": [1, -1]}
							}
						},
						{
							"origin": [-3.9225, 16.49096, -19.7337],
							"size": [1.024, 1.634, 0.944],
							"inflate": -0.1,
							"pivot": [-2.3805, 17.19796, -18.2967],
							"rotation": [-46, 0, 0],
							"uv": {
								"north": {"uv": [50, 81], "uv_size": [1, 2]},
								"east": {"uv": [51, 81], "uv_size": [1, 2]},
								"south": {"uv": [52, 81], "uv_size": [1, 2]},
								"west": {"uv": [53, 81], "uv_size": [1, 2]},
								"up": {"uv": [57, 83], "uv_size": [1, 1]},
								"down": {"uv": [83, 58], "uv_size": [1, -1]}
							}
						}
					]
				},
				{
					"name": "Grip",
					"parent": "gun",
					"pivot": [-2.7525, 19.93714, -8.10028],
					"cubes": [
						{
							"origin": [-5.0775, 16.26214, -15.57903],
							"size": [3.255, 3.72, 6.7585],
							"uv": {
								"north": {"uv": [60, 37], "uv_size": [3, 4]},
								"east": {"uv": [46, 20], "uv_size": [7, 4]},
								"south": {"uv": [61, 18], "uv_size": [3, 4]},
								"west": {"uv": [20, 48], "uv_size": [7, 4]},
								"up": {"uv": [27, 48], "uv_size": [3, 7]},
								"down": {"uv": [50, 35], "uv_size": [3, -7]}
							}
						},
						{
							"origin": [-5.124, 6.63614, -14.65828],
							"size": [3.348, 12.323, 6.2545],
							"pivot": [-2.52, 15.79714, -13.10028],
							"rotation": [12.5, 0, 0],
							"uv": {
								"north": {"uv": [8, 48], "uv_size": [3, 12]},
								"east": {"uv": [32, 0], "uv_size": [6, 12]},
								"south": {"uv": [11, 48], "uv_size": [3, 12]},
								"west": {"uv": [32, 12], "uv_size": [6, 12]},
								"up": {"uv": [24, 52], "uv_size": [3, 6]},
								"down": {"uv": [30, 58], "uv_size": [3, -6]}
							}
						},
						{
							"origin": [-5.22378, 7.03331, -14.2461],
							"size": [3.54756, 10.05331, 5.46686],
							"pivot": [-2.5479, 15.71948, -13.03484],
							"rotation": [12.5, 0, 0],
							"uv": {
								"north": {"uv": [0, 48], "uv_size": [4, 10]},
								"east": {"uv": [43, 44], "uv_size": [5, 10]},
								"south": {"uv": [4, 48], "uv_size": [4, 10]},
								"west": {"uv": [45, 32], "uv_size": [5, 10]},
								"up": {"uv": [50, 35], "uv_size": [4, 5]},
								"down": {"uv": [20, 57], "uv_size": [4, -5]}
							}
						},
						{
							"origin": [-5.07764, 15.797, -15.57917],
							"size": [0.93028, 0.93028, 5.53378],
							"inflate": -0.002,
							"uv": {
								"north": {"uv": [53, 20], "uv_size": [1, 1]},
								"east": {"uv": [66, 40], "uv_size": [6, 1]},
								"south": {"uv": [53, 34], "uv_size": [1, 1]},
								"west": {"uv": [73, 22], "uv_size": [6, 1]},
								"up": {"uv": [22, 75], "uv_size": [1, 6]},
								"down": {"uv": [23, 81], "uv_size": [1, -6]}
							}
						},
						{
							"origin": [-4.61243, 15.79721, -15.57896],
							"size": [2.78986, 0.92986, 5.53336],
							"inflate": 0.001,
							"uv": {
								"north": {"uv": [78, 19], "uv_size": [3, 1]},
								"east": {"uv": [73, 23], "uv_size": [6, 1]},
								"south": {"uv": [78, 20], "uv_size": [3, 1]},
								"west": {"uv": [74, 36], "uv_size": [6, 1]},
								"up": {"uv": [33, 52], "uv_size": [3, 6]},
								"down": {"uv": [48, 58], "uv_size": [3, -6]}
							}
						},
						{
							"origin": [-5.07764, 12.22356, -16.22156],
							"size": [0.93028, 0.93028, 5.53378],
							"inflate": -0.002,
							"pivot": [-3.915, 13.45595, -12.80367],
							"rotation": [-60, 0, 0],
							"uv": {
								"north": {"uv": [82, 27], "uv_size": [1, 1]},
								"east": {"uv": [30, 75], "uv_size": [6, 1]},
								"south": {"uv": [28, 82], "uv_size": [1, 1]},
								"west": {"uv": [75, 30], "uv_size": [6, 1]},
								"up": {"uv": [37, 75], "uv_size": [1, 6]},
								"down": {"uv": [75, 43], "uv_size": [1, -6]}
							}
						},
						{
							"origin": [-5.0775, 12.68489, -16.2204],
							"size": [3.255, 3.72, 5.5335],
							"pivot": [-3.915, 13.45214, -12.80265],
							"rotation": [-60, 0, 0],
							"uv": {
								"north": {"uv": [62, 10], "uv_size": [3, 4]},
								"east": {"uv": [48, 48], "uv_size": [6, 4]},
								"south": {"uv": [63, 37], "uv_size": [3, 4]},
								"west": {"uv": [49, 24], "uv_size": [6, 4]},
								"up": {"uv": [54, 0], "uv_size": [3, 6]},
								"down": {"uv": [54, 12], "uv_size": [3, -6]}
							}
						},
						{
							"origin": [-4.61243, 12.21996, -16.22033],
							"size": [2.78986, 0.92986, 5.53336],
							"inflate": 0.001,
							"pivot": [-3.915, 13.45214, -12.80265],
							"rotation": [-60, 0, 0],
							"uv": {
								"north": {"uv": [78, 41], "uv_size": [3, 1]},
								"east": {"uv": [75, 28], "uv_size": [6, 1]},
								"south": {"uv": [78, 42], "uv_size": [3, 1]},
								"west": {"uv": [75, 29], "uv_size": [6, 1]},
								"up": {"uv": [51, 52], "uv_size": [3, 6]},
								"down": {"uv": [53, 34], "uv_size": [3, -6]}
							}
						}
					]
				},
				{
					"name": "Frame",
					"parent": "gun",
					"pivot": [-4.9845, 27.84214, -0.66028],
					"cubes": [
						{
							"origin": [-4.98443, 19.98221, -18.12221],
							"size": [0.92986, 3.19886, 9.29986],
							"inflate": 0.001,
							"uv": {
								"north": {"uv": [28, 76], "uv_size": [1, 3]},
								"east": {"uv": [48, 42], "uv_size": [9, 3]},
								"south": {"uv": [56, 76], "uv_size": [1, 3]},
								"west": {"uv": [48, 45], "uv_size": [9, 3]},
								"up": {"uv": [66, 74], "uv_size": [1, 9]},
								"down": {"uv": [67, 83], "uv_size": [1, -9]}
							}
						},
						{
							"origin": [-4.98443, 23.18221, -10.92221],
							"size": [0.92986, 1.42386, 2.09986],
							"inflate": 0.001,
							"uv": {
								"north": {"uv": [83, 12], "uv_size": [1, 1]},
								"east": {"uv": [30, 51], "uv_size": [2, 1]},
								"south": {"uv": [83, 13], "uv_size": [1, 1]},
								"west": {"uv": [70, 79], "uv_size": [2, 1]},
								"up": {"uv": [5, 81], "uv_size": [1, 2]},
								"down": {"uv": [6, 83], "uv_size": [1, -2]}
							}
						},
						{
							"origin": [-4.70557, 19.98207, -8.82235],
							"size": [2.79014, 1.86014, 1.86014],
							"inflate": -0.001,
							"pivot": [-2.8455, 19.98214, -8.82228],
							"rotation": [53, 0, 0],
							"uv": {
								"north": {"uv": [45, 42], "uv_size": [3, 2]},
								"east": {"uv": [54, 37], "uv_size": [2, 2]},
								"south": {"uv": [50, 40], "uv_size": [3, 2]},
								"west": {"uv": [76, 10], "uv_size": [2, 2]},
								"up": {"uv": [75, 24], "uv_size": [3, 2]},
								"down": {"uv": [75, 28], "uv_size": [3, -2]}
							}
						},
						{
							"origin": [-4.98464, 19.982, -8.82242],
							"size": [0.93028, 1.86028, 1.86028],
							"inflate": -0.002,
							"pivot": [-4.0545, 19.98214, -8.82228],
							"rotation": [53, 0, 0],
							"uv": {
								"north": {"uv": [53, 40], "uv_size": [1, 2]},
								"east": {"uv": [76, 18], "uv_size": [2, 2]},
								"south": {"uv": [73, 12], "uv_size": [1, 2]},
								"west": {"uv": [76, 20], "uv_size": [2, 2]},
								"up": {"uv": [76, 79], "uv_size": [1, 2]},
								"down": {"uv": [77, 81], "uv_size": [1, -2]}
							}
						},
						{
							"origin": [-4.70564, 19.052, -6.96242],
							"size": [2.79028, 2.79028, 0.93028],
							"inflate": -0.002,
							"pivot": [-1.9155, 21.84214, -6.03228],
							"rotation": [-74, 0, 0],
							"uv": {
								"north": {"uv": [72, 37], "uv_size": [3, 3]},
								"east": {"uv": [33, 78], "uv_size": [1, 3]},
								"south": {"uv": [72, 40], "uv_size": [3, 3]},
								"west": {"uv": [34, 78], "uv_size": [1, 3]},
								"up": {"uv": [78, 34], "uv_size": [3, 1]},
								"down": {"uv": [78, 38], "uv_size": [3, -1]}
							}
						},
						{
							"origin": [-4.98471, 19.05193, -6.96249],
							"size": [0.93042, 2.79042, 0.93042],
							"inflate": -0.003,
							"pivot": [-4.9845, 21.84214, -6.03228],
							"rotation": [-74, 0, 0],
							"uv": {
								"north": {"uv": [35, 78], "uv_size": [1, 3]},
								"east": {"uv": [78, 38], "uv_size": [1, 3]},
								"south": {"uv": [78, 49], "uv_size": [1, 3]},
								"west": {"uv": [78, 52], "uv_size": [1, 3]},
								"up": {"uv": [81, 63], "uv_size": [1, 1]},
								"down": {"uv": [75, 82], "uv_size": [1, -1]}
							}
						},
						{
							"origin": [-7.0835, 21.0758, -27.91533],
							"size": [1.23703, 1.86028, 2.16028],
							"inflate": -0.002,
							"pivot": [-4.70736, 21.59198, -26.08506],
							"rotation": [-127, 0, -180],
							"uv": {
								"north": {"uv": [36, 80], "uv_size": [1, 2]},
								"east": {"uv": [76, 39], "uv_size": [2, 2]},
								"south": {"uv": [40, 80], "uv_size": [1, 2]},
								"west": {"uv": [76, 41], "uv_size": [2, 2]},
								"up": {"uv": [41, 80], "uv_size": [1, 2]},
								"down": {"uv": [45, 82], "uv_size": [1, -2]}
							}
						},
						{
							"origin": [-7.08357, 21.00505, -26.84102],
							"size": [1.23717, 2.79042, 1.13042],
							"inflate": -0.003,
							"pivot": [-4.70736, 21.59198, -26.08506],
							"rotation": [118.5, 0, 180],
							"uv": {
								"north": {"uv": [61, 78], "uv_size": [1, 3]},
								"east": {"uv": [62, 78], "uv_size": [1, 3]},
								"south": {"uv": [63, 78], "uv_size": [1, 3]},
								"west": {"uv": [64, 78], "uv_size": [1, 3]},
								"up": {"uv": [82, 28], "uv_size": [1, 1]},
								"down": {"uv": [82, 30], "uv_size": [1, -1]}
							}
						},
						{
							"origin": [-9.01526, 21.0758, -27.91533],
							"size": [0.90453, 1.86028, 2.16028],
							"inflate": -0.002,
							"pivot": [-6.28836, 21.59198, -26.08506],
							"rotation": [-127, 0, -180],
							"uv": {
								"north": {"uv": [22, 81], "uv_size": [1, 2]},
								"east": {"uv": [77, 43], "uv_size": [2, 2]},
								"south": {"uv": [23, 81], "uv_size": [1, 2]},
								"west": {"uv": [77, 45], "uv_size": [2, 2]},
								"up": {"uv": [24, 81], "uv_size": [1, 2]},
								"down": {"uv": [81, 26], "uv_size": [1, -2]}
							}
						},
						{
							"origin": [-9.01533, 21.00505, -26.84102],
							"size": [0.90467, 2.79042, 1.13042],
							"inflate": -0.003,
							"pivot": [-6.28836, 21.59198, -26.08506],
							"rotation": [118.5, 0, 180],
							"uv": {
								"north": {"uv": [78, 64], "uv_size": [1, 3]},
								"east": {"uv": [74, 78], "uv_size": [1, 3]},
								"south": {"uv": [75, 78], "uv_size": [1, 3]},
								"west": {"uv": [78, 75], "uv_size": [1, 3]},
								"up": {"uv": [82, 31], "uv_size": [1, 1]},
								"down": {"uv": [82, 33], "uv_size": [1, -1]}
							}
						},
						{
							"origin": [-4.7055, 21.84214, -8.82228],
							"size": [2.79, 2.139, 2.79],
							"uv": {
								"north": {"uv": [51, 75], "uv_size": [3, 2]},
								"east": {"uv": [75, 51], "uv_size": [3, 2]},
								"south": {"uv": [75, 53], "uv_size": [3, 2]},
								"west": {"uv": [75, 59], "uv_size": [3, 2]},
								"up": {"uv": [74, 12], "uv_size": [3, 3]},
								"down": {"uv": [74, 18], "uv_size": [3, -3]}
							}
						},
						{
							"origin": [-4.98443, 21.84221, -8.82221],
							"size": [0.92986, 2.13886, 2.78986],
							"inflate": 0.001,
							"uv": {
								"north": {"uv": [46, 80], "uv_size": [1, 2]},
								"east": {"uv": [48, 75], "uv_size": [3, 2]},
								"south": {"uv": [57, 80], "uv_size": [1, 2]},
								"west": {"uv": [75, 49], "uv_size": [3, 2]},
								"up": {"uv": [78, 78], "uv_size": [1, 3]},
								"down": {"uv": [0, 82], "uv_size": [1, -3]}
							}
						},
						{
							"origin": [-4.7055, 19.98214, -25.32228],
							"size": [2.79, 3.999, 16.5],
							"uv": {
								"north": {"uv": [61, 55], "uv_size": [3, 4]},
								"east": {"uv": [32, 24], "uv_size": [17, 4]},
								"south": {"uv": [61, 59], "uv_size": [3, 4]},
								"west": {"uv": [32, 28], "uv_size": [17, 4]},
								"up": {"uv": [37, 40], "uv_size": [3, 17]},
								"down": {"uv": [40, 61], "uv_size": [3, -17]}
							}
						},
						{
							"origin": [-3.1055, 23.98114, -17.52228],
							"size": [1.19, 0.651, 8.7],
							"uv": {
								"north": {"uv": [82, 35], "uv_size": [1, 1]},
								"east": {"uv": [64, 61], "uv_size": [9, 1]},
								"south": {"uv": [36, 82], "uv_size": [1, 1]},
								"west": {"uv": [64, 62], "uv_size": [9, 1]},
								"up": {"uv": [68, 74], "uv_size": [1, 9]},
								"down": {"uv": [69, 83], "uv_size": [1, -9]}
							}
						},
						{
							"origin": [-2.6595, 19.98214, -25.51578],
							"size": [0.93, 5.208, 7.998],
							"uv": {
								"north": {"uv": [3, 76], "uv_size": [1, 5]},
								"east": {"uv": [46, 10], "uv_size": [8, 5]},
								"south": {"uv": [4, 76], "uv_size": [1, 5]},
								"west": {"uv": [46, 15], "uv_size": [8, 5]},
								"up": {"uv": [10, 75], "uv_size": [1, 8]},
								"down": {"uv": [20, 83], "uv_size": [1, -8]}
							}
						},
						{
							"origin": [-5.1705, 19.98214, -25.51578],
							"size": [0.93, 5.208, 7.998],
							"uv": {
								"north": {"uv": [41, 75], "uv_size": [1, 5]},
								"east": {"uv": [46, 0], "uv_size": [8, 5]},
								"south": {"uv": [46, 75], "uv_size": [1, 5]},
								"west": {"uv": [46, 5], "uv_size": [8, 5]},
								"up": {"uv": [8, 75], "uv_size": [1, 8]},
								"down": {"uv": [9, 83], "uv_size": [1, -8]}
							}
						},
						{
							"origin": [-4.82916, 19.98214, -26.45359],
							"size": [1.33, 2.983, 0.998],
							"uv": {
								"north": {"uv": [44, 79], "uv_size": [1, 3]},
								"east": {"uv": [56, 79], "uv_size": [1, 3]},
								"south": {"uv": [79, 58], "uv_size": [1, 3]},
								"west": {"uv": [60, 79], "uv_size": [1, 3]},
								"up": {"uv": [60, 83], "uv_size": [1, 1]},
								"down": {"uv": [83, 61], "uv_size": [1, -1]}
							}
						},
						{
							"origin": [-3.50084, 19.98214, -26.45359],
							"size": [1.43, 2.983, 0.998],
							"uv": {
								"north": {"uv": [28, 79], "uv_size": [1, 3]},
								"east": {"uv": [38, 79], "uv_size": [1, 3]},
								"south": {"uv": [39, 79], "uv_size": [1, 3]},
								"west": {"uv": [43, 79], "uv_size": [1, 3]},
								"up": {"uv": [59, 83], "uv_size": [1, 1]},
								"down": {"uv": [83, 60], "uv_size": [1, -1]}
							}
						},
						{
							"origin": [-5.02787, 19.98214, -26.32465],
							"size": [0.93, 5.208, 0.998],
							"pivot": [-4.56287, 22.58614, -25.82565],
							"rotation": [0, -20, 0],
							"uv": {
								"north": {"uv": [24, 76], "uv_size": [1, 5]},
								"east": {"uv": [25, 76], "uv_size": [1, 5]},
								"south": {"uv": [26, 76], "uv_size": [1, 5]},
								"west": {"uv": [27, 76], "uv_size": [1, 5]},
								"up": {"uv": [61, 83], "uv_size": [1, 1]},
								"down": {"uv": [83, 62], "uv_size": [1, -1]}
							}
						},
						{
							"origin": [-2.80213, 19.98214, -26.32464],
							"size": [0.93, 5.208, 0.998],
							"pivot": [-2.33713, 22.58614, -25.82564],
							"rotation": [0, 20, 0],
							"uv": {
								"north": {"uv": [5, 76], "uv_size": [1, 5]},
								"east": {"uv": [76, 5], "uv_size": [1, 5]},
								"south": {"uv": [6, 76], "uv_size": [1, 5]},
								"west": {"uv": [7, 76], "uv_size": [1, 5]},
								"up": {"uv": [58, 83], "uv_size": [1, 1]},
								"down": {"uv": [83, 59], "uv_size": [1, -1]}
							}
						}
					]
				},
				{
					"name": "hexadecagon",
					"parent": "Frame",
					"pivot": [-1.9, 28.9, -2.8],
					"cubes": [
						{
							"origin": [-1.99, 22.76573, -8.475],
							"size": [0.18, 0.26853, 1.35],
							"pivot": [-2.26, 22.9, -7.8],
							"rotation": [45, 0, 0],
							"uv": {
								"north": {"uv": [25, 83], "uv_size": [1, 1]},
								"east": {"uv": [83, 25], "uv_size": [1, 1]},
								"south": {"uv": [26, 83], "uv_size": [1, 1]},
								"west": {"uv": [83, 26], "uv_size": [1, 1]},
								"up": {"uv": [27, 83], "uv_size": [1, 1]},
								"down": {"uv": [83, 28], "uv_size": [1, -1]}
							}
						},
						{
							"origin": [-1.99, 22.76573, -8.475],
							"size": [0.18, 0.26853, 1.35],
							"pivot": [-2.26, 22.9, -7.8],
							"rotation": [22.5, 0, 0],
							"uv": {
								"north": {"uv": [28, 83], "uv_size": [1, 1]},
								"east": {"uv": [83, 28], "uv_size": [1, 1]},
								"south": {"uv": [29, 83], "uv_size": [1, 1]},
								"west": {"uv": [83, 29], "uv_size": [1, 1]},
								"up": {"uv": [30, 83], "uv_size": [1, 1]},
								"down": {"uv": [83, 31], "uv_size": [1, -1]}
							}
						},
						{
							"origin": [-1.99, 22.76573, -8.475],
							"size": [0.18, 0.26853, 1.35],
							"uv": {
								"north": {"uv": [31, 83], "uv_size": [1, 1]},
								"east": {"uv": [83, 31], "uv_size": [1, 1]},
								"south": {"uv": [32, 83], "uv_size": [1, 1]},
								"west": {"uv": [83, 32], "uv_size": [1, 1]},
								"up": {"uv": [33, 83], "uv_size": [1, 1]},
								"down": {"uv": [83, 34], "uv_size": [1, -1]}
							}
						},
						{
							"origin": [-1.99, 22.76573, -8.475],
							"size": [0.18, 0.26853, 1.35],
							"pivot": [-2.26, 22.9, -7.8],
							"rotation": [-22.5, 0, 0],
							"uv": {
								"north": {"uv": [34, 83], "uv_size": [1, 1]},
								"east": {"uv": [83, 34], "uv_size": [1, 1]},
								"south": {"uv": [35, 83], "uv_size": [1, 1]},
								"west": {"uv": [83, 35], "uv_size": [1, 1]},
								"up": {"uv": [36, 83], "uv_size": [1, 1]},
								"down": {"uv": [83, 37], "uv_size": [1, -1]}
							}
						},
						{
							"origin": [-1.99, 22.76573, -8.475],
							"size": [0.18, 0.26853, 1.35],
							"pivot": [-2.26, 22.9, -7.8],
							"rotation": [-45, 0, 0],
							"uv": {
								"north": {"uv": [37, 83], "uv_size": [1, 1]},
								"east": {"uv": [83, 37], "uv_size": [1, 1]},
								"south": {"uv": [38, 83], "uv_size": [1, 1]},
								"west": {"uv": [83, 38], "uv_size": [1, 1]},
								"up": {"uv": [39, 83], "uv_size": [1, 1]},
								"down": {"uv": [83, 40], "uv_size": [1, -1]}
							}
						},
						{
							"origin": [-1.99, 22.225, -7.93427],
							"size": [0.18, 1.35, 0.26853],
							"pivot": [-2.26, 22.9, -7.8],
							"rotation": [22.5, 0, 0],
							"uv": {
								"north": {"uv": [40, 83], "uv_size": [1, 1]},
								"east": {"uv": [83, 40], "uv_size": [1, 1]},
								"south": {"uv": [41, 83], "uv_size": [1, 1]},
								"west": {"uv": [83, 41], "uv_size": [1, 1]},
								"up": {"uv": [42, 83], "uv_size": [1, 1]},
								"down": {"uv": [83, 43], "uv_size": [1, -1]}
							}
						},
						{
							"origin": [-1.99, 22.225, -7.93427],
							"size": [0.18, 1.35, 0.26853],
							"uv": {
								"north": {"uv": [43, 83], "uv_size": [1, 1]},
								"east": {"uv": [83, 43], "uv_size": [1, 1]},
								"south": {"uv": [44, 83], "uv_size": [1, 1]},
								"west": {"uv": [83, 44], "uv_size": [1, 1]},
								"up": {"uv": [45, 83], "uv_size": [1, 1]},
								"down": {"uv": [83, 46], "uv_size": [1, -1]}
							}
						},
						{
							"origin": [-1.99, 22.225, -7.93427],
							"size": [0.18, 1.35, 0.26853],
							"pivot": [-2.26, 22.9, -7.8],
							"rotation": [-22.5, 0, 0],
							"uv": {
								"north": {"uv": [46, 83], "uv_size": [1, 1]},
								"east": {"uv": [83, 46], "uv_size": [1, 1]},
								"south": {"uv": [47, 83], "uv_size": [1, 1]},
								"west": {"uv": [83, 47], "uv_size": [1, 1]},
								"up": {"uv": [48, 83], "uv_size": [1, 1]},
								"down": {"uv": [83, 49], "uv_size": [1, -1]}
							}
						}
					]
				},
				{
					"name": "bone2",
					"parent": "gun",
					"pivot": [-3.45, 33.60814, -24.84028]
				},
				{
					"name": "Barrel",
					"parent": "gun",
					"pivot": [-3.45726, 29.94718, -21.48781],
					"cubes": [
						{
							"origin": [-3.82819, 24.40624, -35.21606],
							"size": [0.74185, 0.41576, 17.45648],
							"inflate": 0.002,
							"uv": {
								"north": {"uv": [82, 12], "uv_size": [1, 1]},
								"east": {"uv": [58, 24], "uv_size": [17, 1]},
								"south": {"uv": [82, 13], "uv_size": [1, 1]},
								"west": {"uv": [58, 25], "uv_size": [17, 1]},
								"up": {"uv": [58, 26], "uv_size": [1, 17]},
								"down": {"uv": [30, 75], "uv_size": [1, -17]}
							}
						},
						{
							"origin": [-3.82819, 23.07236, -35.21606],
							"size": [0.74185, 0.41576, 17.45648],
							"inflate": 0.002,
							"uv": {
								"north": {"uv": [82, 14], "uv_size": [1, 1]},
								"east": {"uv": [58, 43], "uv_size": [17, 1]},
								"south": {"uv": [82, 15], "uv_size": [1, 1]},
								"west": {"uv": [58, 44], "uv_size": [17, 1]},
								"up": {"uv": [31, 58], "uv_size": [1, 17]},
								"down": {"uv": [32, 75], "uv_size": [1, -17]}
							}
						},
						{
							"origin": [2.32991, 16.86826, -35.21606],
							"size": [0.74185, 0.41576, 17.45648],
							"inflate": 0.002,
							"pivot": [-3.45726, 17.78908, -18.25948],
							"rotation": [0, 0, -90],
							"uv": {
								"north": {"uv": [82, 16], "uv_size": [1, 1]},
								"east": {"uv": [58, 45], "uv_size": [17, 1]},
								"south": {"uv": [82, 17], "uv_size": [1, 1]},
								"west": {"uv": [58, 46], "uv_size": [17, 1]},
								"up": {"uv": [33, 58], "uv_size": [1, 17]},
								"down": {"uv": [34, 75], "uv_size": [1, -17]}
							}
						},
						{
							"origin": [0.38767, 21.4329, -35.21606],
							"size": [0.74185, 0.41576, 17.45648],
							"inflate": 0.002,
							"pivot": [-3.45726, 17.78908, -18.25948],
							"rotation": [0, 0, -42.5],
							"uv": {
								"north": {"uv": [82, 18], "uv_size": [1, 1]},
								"east": {"uv": [58, 47], "uv_size": [17, 1]},
								"south": {"uv": [82, 19], "uv_size": [1, 1]},
								"west": {"uv": [58, 48], "uv_size": [17, 1]},
								"up": {"uv": [35, 58], "uv_size": [1, 17]},
								"down": {"uv": [48, 75], "uv_size": [1, -17]}
							}
						},
						{
							"origin": [0.27665, 22.80995, -35.21606],
							"size": [0.74185, 0.41576, 17.45648],
							"inflate": 0.002,
							"pivot": [-3.45726, 17.78908, -18.25948],
							"rotation": [0, 0, -42.5],
							"uv": {
								"north": {"uv": [82, 20], "uv_size": [1, 1]},
								"east": {"uv": [58, 49], "uv_size": [17, 1]},
								"south": {"uv": [21, 82], "uv_size": [1, 1]},
								"west": {"uv": [58, 50], "uv_size": [17, 1]},
								"up": {"uv": [49, 58], "uv_size": [1, 17]},
								"down": {"uv": [50, 75], "uv_size": [1, -17]}
							}
						},
						{
							"origin": [-8.04404, 21.4329, -35.21606],
							"size": [0.74185, 0.41576, 17.45648],
							"inflate": 0.002,
							"pivot": [-3.45726, 17.78908, -18.25948],
							"rotation": [0, 0, 42.5],
							"uv": {
								"north": {"uv": [82, 21], "uv_size": [1, 1]},
								"east": {"uv": [58, 51], "uv_size": [17, 1]},
								"south": {"uv": [82, 22], "uv_size": [1, 1]},
								"west": {"uv": [58, 52], "uv_size": [17, 1]},
								"up": {"uv": [51, 58], "uv_size": [1, 17]},
								"down": {"uv": [52, 75], "uv_size": [1, -17]}
							}
						},
						{
							"origin": [-7.93302, 22.80995, -35.21606],
							"size": [0.74185, 0.41576, 17.45648],
							"inflate": 0.002,
							"pivot": [-3.45726, 17.78908, -18.25948],
							"rotation": [0, 0, 42.5],
							"uv": {
								"north": {"uv": [82, 23], "uv_size": [1, 1]},
								"east": {"uv": [58, 53], "uv_size": [17, 1]},
								"south": {"uv": [82, 24], "uv_size": [1, 1]},
								"west": {"uv": [58, 54], "uv_size": [17, 1]},
								"up": {"uv": [53, 58], "uv_size": [1, 17]},
								"down": {"uv": [58, 72], "uv_size": [1, -17]}
							}
						},
						{
							"origin": [2.32991, 18.29415, -35.21606],
							"size": [0.74185, 0.41576, 17.45648],
							"inflate": 0.002,
							"pivot": [-3.45726, 17.78908, -18.25948],
							"rotation": [0, 0, -90],
							"uv": {
								"north": {"uv": [82, 25], "uv_size": [1, 1]},
								"east": {"uv": [59, 0], "uv_size": [17, 1]},
								"south": {"uv": [82, 26], "uv_size": [1, 1]},
								"west": {"uv": [59, 1], "uv_size": [17, 1]},
								"up": {"uv": [59, 26], "uv_size": [1, 17]},
								"down": {"uv": [59, 72], "uv_size": [1, -17]}
							}
						}
					]
				},
				{
					"name": "FrameCha",
					"parent": "gun",
					"pivot": [-4.37767, 31.42402, -10.03173],
					"cubes": [
						{
							"origin": [-3.77857, 23.98021, -18.52321],
							"size": [0.67307, 0.65193, 9.70093],
							"uv": {
								"north": {"uv": [83, 10], "uv_size": [1, 1]},
								"east": {"uv": [64, 59], "uv_size": [10, 1]},
								"south": {"uv": [83, 11], "uv_size": [1, 1]},
								"west": {"uv": [64, 60], "uv_size": [10, 1]},
								"up": {"uv": [67, 64], "uv_size": [1, 10]},
								"down": {"uv": [68, 12], "uv_size": [1, -10]}
							}
						},
						{
							"origin": [-4.83443, 23.18121, -17.52221],
							"size": [1.05486, 1.45086, 6.59986],
							"inflate": 0.001,
							"uv": {
								"north": {"uv": [82, 33], "uv_size": [1, 1]},
								"east": {"uv": [66, 12], "uv_size": [7, 1]},
								"south": {"uv": [82, 34], "uv_size": [1, 1]},
								"west": {"uv": [66, 13], "uv_size": [7, 1]},
								"up": {"uv": [75, 5], "uv_size": [1, 7]},
								"down": {"uv": [21, 82], "uv_size": [1, -7]}
							}
						},
						{
							"origin": [-4.7055, 23.98114, -8.82228],
							"size": [2.79, 1.209, 2.79],
							"uv": {
								"north": {"uv": [78, 21], "uv_size": [3, 1]},
								"east": {"uv": [78, 24], "uv_size": [3, 1]},
								"south": {"uv": [78, 25], "uv_size": [3, 1]},
								"west": {"uv": [78, 26], "uv_size": [3, 1]},
								"up": {"uv": [66, 37], "uv_size": [3, 3]},
								"down": {"uv": [69, 40], "uv_size": [3, -3]}
							}
						},
						{
							"origin": [-3.47178, 24.487, -9.25601],
							"size": [1.56, 8.991, 2.4645],
							"pivot": [-3.91128, 24.90571, -8.97553],
							"rotation": [90, 0, 0],
							"uv": {
								"north": {"uv": [54, 12], "uv_size": [2, 9]},
								"east": {"uv": [43, 54], "uv_size": [2, 9]},
								"south": {"uv": [45, 54], "uv_size": [2, 9]},
								"west": {"uv": [54, 48], "uv_size": [2, 9]},
								"up": {"uv": [34, 76], "uv_size": [2, 2]},
								"down": {"uv": [76, 39], "uv_size": [2, -2]}
							}
						},
						{
							"origin": [-3.47464, 23.06882, -11.10996],
							"size": [1.56014, 1.58114, 3.16214],
							"inflate": -0.001,
							"pivot": [-3.91407, 24.9793, -8.92534],
							"rotation": [143, 0, 0],
							"uv": {
								"north": {"uv": [30, 76], "uv_size": [2, 2]},
								"east": {"uv": [75, 31], "uv_size": [3, 2]},
								"south": {"uv": [32, 76], "uv_size": [2, 2]},
								"west": {"uv": [75, 33], "uv_size": [3, 2]},
								"up": {"uv": [30, 48], "uv_size": [2, 3]},
								"down": {"uv": [54, 37], "uv_size": [2, -3]}
							}
						},
						{
							"origin": [-4.98364, 20.1938, -22.36076],
							"size": [1.50914, 1.58114, 3.16214],
							"inflate": -0.001,
							"pivot": [-4.37767, 25.42402, -15.03173],
							"rotation": [143, 0, 0],
							"uv": {
								"north": {"uv": [61, 76], "uv_size": [2, 2]},
								"east": {"uv": [38, 75], "uv_size": [3, 2]},
								"south": {"uv": [63, 76], "uv_size": [2, 2]},
								"west": {"uv": [43, 75], "uv_size": [3, 2]},
								"up": {"uv": [75, 43], "uv_size": [2, 3]},
								"down": {"uv": [75, 49], "uv_size": [2, -3]}
							}
						},
						{
							"origin": [-4.98078, 18.94912, -15.83052],
							"size": [1.509, 8.991, 2.4645],
							"pivot": [-4.37767, 25.42402, -15.03173],
							"rotation": [90, 0, 0],
							"uv": {
								"north": {"uv": [27, 55], "uv_size": [2, 9]},
								"east": {"uv": [56, 12], "uv_size": [2, 9]},
								"south": {"uv": [56, 21], "uv_size": [2, 9]},
								"west": {"uv": [56, 30], "uv_size": [2, 9]},
								"up": {"uv": [76, 55], "uv_size": [2, 2]},
								"down": {"uv": [76, 59], "uv_size": [2, -2]}
							}
						},
						{
							"origin": [-5.07153, 24.36198, -10.88457],
							"size": [0.39975, 1.9514, 1.6645],
							"pivot": [-5.02628, 25.85748, -10.05232],
							"rotation": [90, 7.5, 0],
							"uv": {
								"north": {"uv": [25, 81], "uv_size": [1, 2]},
								"east": {"uv": [77, 47], "uv_size": [2, 2]},
								"south": {"uv": [26, 81], "uv_size": [1, 2]},
								"west": {"uv": [48, 77], "uv_size": [2, 2]},
								"up": {"uv": [81, 26], "uv_size": [1, 2]},
								"down": {"uv": [27, 83], "uv_size": [1, -2]}
							}
						},
						{
							"origin": [-2.23078, 24.36198, -10.88457],
							"size": [0.42442, 1.92172, 1.6645],
							"pivot": [-1.87628, 25.85748, -10.05232],
							"rotation": [90, -7.5, 0],
							"uv": {
								"north": {"uv": [81, 28], "uv_size": [1, 2]},
								"east": {"uv": [50, 77], "uv_size": [2, 2]},
								"south": {"uv": [30, 81], "uv_size": [1, 2]},
								"west": {"uv": [52, 77], "uv_size": [2, 2]},
								"up": {"uv": [31, 81], "uv_size": [1, 2]},
								"down": {"uv": [32, 83], "uv_size": [1, -2]}
							}
						},
						{
							"origin": [-2.40767, 24.71198, -12.4005],
							"size": [0.509, 2.291, 1.6645],
							"pivot": [-2.15317, 25.85748, -11.56825],
							"rotation": [90, 7.5, 0],
							"uv": {
								"north": {"uv": [37, 81], "uv_size": [1, 2]},
								"east": {"uv": [70, 77], "uv_size": [2, 2]},
								"south": {"uv": [81, 41], "uv_size": [1, 2]},
								"west": {"uv": [77, 71], "uv_size": [2, 2]},
								"up": {"uv": [48, 81], "uv_size": [1, 2]},
								"down": {"uv": [49, 83], "uv_size": [1, -2]}
							}
						},
						{
							"origin": [-4.93078, 24.36198, -12.88457],
							"size": [0.509, 2.291, 1.6645],
							"pivot": [-5.47628, 25.85748, -12.05232],
							"rotation": [90, -7.5, 0],
							"uv": {
								"north": {"uv": [33, 81], "uv_size": [1, 2]},
								"east": {"uv": [77, 61], "uv_size": [2, 2]},
								"south": {"uv": [34, 81], "uv_size": [1, 2]},
								"west": {"uv": [77, 69], "uv_size": [2, 2]},
								"up": {"uv": [81, 34], "uv_size": [1, 2]},
								"down": {"uv": [35, 83], "uv_size": [1, -2]}
							}
						},
						{
							"origin": [-3.77178, 24.5543, -19.15166],
							"size": [1.835, 1.991, 2.4645],
							"pivot": [-2.51628, 25.5498, -17.91941],
							"rotation": [37.5, 0, 0],
							"uv": {
								"north": {"uv": [77, 7], "uv_size": [2, 2]},
								"east": {"uv": [77, 12], "uv_size": [2, 2]},
								"south": {"uv": [77, 14], "uv_size": [2, 2]},
								"west": {"uv": [77, 16], "uv_size": [2, 2]},
								"up": {"uv": [38, 77], "uv_size": [2, 2]},
								"down": {"uv": [43, 79], "uv_size": [2, -2]}
							}
						},
						{
							"origin": [-4.95578, 24.5543, -19.15166],
							"size": [1.184, 1.991, 2.4645],
							"pivot": [-4.37628, 25.5498, -17.91941],
							"rotation": [37.5, 0, 0],
							"uv": {
								"north": {"uv": [7, 81], "uv_size": [1, 2]},
								"east": {"uv": [76, 75], "uv_size": [2, 2]},
								"south": {"uv": [81, 9], "uv_size": [1, 2]},
								"west": {"uv": [77, 5], "uv_size": [2, 2]},
								"up": {"uv": [81, 18], "uv_size": [1, 2]},
								"down": {"uv": [81, 22], "uv_size": [1, -2]}
							}
						},
						{
							"origin": [-4.98078, 10.94912, -32.43052],
							"size": [1.209, 17.691, 1.0645],
							"pivot": [-4.37767, 25.42402, -32.03173],
							"rotation": [90, 0, 0],
							"uv": {
								"north": {"uv": [20, 57], "uv_size": [1, 18]},
								"east": {"uv": [21, 57], "uv_size": [1, 18]},
								"south": {"uv": [22, 57], "uv_size": [1, 18]},
								"west": {"uv": [23, 57], "uv_size": [1, 18]},
								"up": {"uv": [45, 82], "uv_size": [1, 1]},
								"down": {"uv": [82, 46], "uv_size": [1, -1]}
							}
						},
						{
							"origin": [-3.12078, 16.487, -25.85601],
							"size": [1.209, 17.691, 1.0645],
							"pivot": [-3.91128, 24.90571, -25.97553],
							"rotation": [90, 0, 0],
							"uv": {
								"north": {"uv": [36, 52], "uv_size": [1, 18]},
								"east": {"uv": [47, 54], "uv_size": [1, 18]},
								"south": {"uv": [29, 55], "uv_size": [1, 18]},
								"west": {"uv": [56, 48], "uv_size": [1, 18]},
								"up": {"uv": [44, 82], "uv_size": [1, 1]},
								"down": {"uv": [82, 45], "uv_size": [1, -1]}
							}
						},
						{
							"origin": [-3.49153, 17.30245, -25.85601],
							"size": [0.8955, 17.691, 1.0645],
							"pivot": [-4.59553, 25.72116, -25.97553],
							"rotation": [90, 0, 0],
							"uv": {
								"north": {"uv": [4, 58], "uv_size": [1, 18]},
								"east": {"uv": [5, 58], "uv_size": [1, 18]},
								"south": {"uv": [6, 58], "uv_size": [1, 18]},
								"west": {"uv": [7, 58], "uv_size": [1, 18]},
								"up": {"uv": [83, 9], "uv_size": [1, 1]},
								"down": {"uv": [10, 84], "uv_size": [1, -1]}
							}
						},
						{
							"origin": [-4.29653, 11.76457, -32.43052],
							"size": [0.809, 17.691, 1.0645],
							"pivot": [-3.69343, 26.23947, -32.03173],
							"rotation": [90, 0, 0],
							"uv": {
								"north": {"uv": [58, 0], "uv_size": [1, 18]},
								"east": {"uv": [1, 58], "uv_size": [1, 18]},
								"south": {"uv": [2, 58], "uv_size": [1, 18]},
								"west": {"uv": [3, 58], "uv_size": [1, 18]},
								"up": {"uv": [83, 8], "uv_size": [1, 1]},
								"down": {"uv": [9, 84], "uv_size": [1, -1]}
							}
						},
						{
							"origin": [-3.32148, 17.26339, -26.93457],
							"size": [1.209, 17.691, 1.0645],
							"pivot": [-2.71698, 26.10889, -26.40232],
							"rotation": [90, 0, -40],
							"uv": {
								"north": {"uv": [54, 57], "uv_size": [1, 18]},
								"east": {"uv": [55, 57], "uv_size": [1, 18]},
								"south": {"uv": [57, 57], "uv_size": [1, 18]},
								"west": {"uv": [0, 58], "uv_size": [1, 18]},
								"up": {"uv": [82, 50], "uv_size": [1, 1]},
								"down": {"uv": [82, 52], "uv_size": [1, -1]}
							}
						},
						{
							"origin": [-4.86554, 11.53265, -32.43052],
							"size": [1.209, 17.691, 1.0645],
							"pivot": [-4.26244, 26.00755, -32.03173],
							"rotation": [90, 0, 40],
							"uv": {
								"north": {"uv": [37, 57], "uv_size": [1, 18]},
								"east": {"uv": [38, 57], "uv_size": [1, 18]},
								"south": {"uv": [39, 57], "uv_size": [1, 18]},
								"west": {"uv": [57, 39], "uv_size": [1, 18]},
								"up": {"uv": [82, 48], "uv_size": [1, 1]},
								"down": {"uv": [82, 50], "uv_size": [1, -1]}
							}
						},
						{
							"origin": [-8.35152, 22.33587, -35.24583],
							"size": [0.74185, 0.88076, 14.15648],
							"inflate": 0.002,
							"pivot": [-3.20674, 19.34305, -18.28925],
							"rotation": [0, 0, 42.5],
							"uv": {
								"north": {"uv": [82, 38], "uv_size": [1, 1]},
								"east": {"uv": [60, 27], "uv_size": [14, 1]},
								"south": {"uv": [39, 82], "uv_size": [1, 1]},
								"west": {"uv": [60, 28], "uv_size": [14, 1]},
								"up": {"uv": [13, 60], "uv_size": [1, 14]},
								"down": {"uv": [14, 74], "uv_size": [1, -14]}
							}
						},
						{
							"origin": [1.01032, 22.88388, -35.24583],
							"size": [0.74185, 0.69476, 14.15648],
							"inflate": 0.002,
							"pivot": [-2.83461, 19.24006, -18.28925],
							"rotation": [0, 0, -42.5],
							"uv": {
								"north": {"uv": [82, 37], "uv_size": [1, 1]},
								"east": {"uv": [59, 17], "uv_size": [14, 1]},
								"south": {"uv": [38, 82], "uv_size": [1, 1]},
								"west": {"uv": [60, 26], "uv_size": [14, 1]},
								"up": {"uv": [11, 60], "uv_size": [1, 14]},
								"down": {"uv": [12, 74], "uv_size": [1, -14]}
							}
						},
						{
							"origin": [-7.114, 21.85692, -35.24583],
							"size": [0.46285, 0.41576, 14.15648],
							"inflate": 0.002,
							"pivot": [-2.63823, 16.83605, -18.28925],
							"rotation": [0, 0, 42.5],
							"uv": {
								"north": {"uv": [43, 82], "uv_size": [1, 1]},
								"east": {"uv": [60, 35], "uv_size": [14, 1]},
								"south": {"uv": [82, 43], "uv_size": [1, 1]},
								"west": {"uv": [60, 36], "uv_size": [14, 1]},
								"up": {"uv": [40, 61], "uv_size": [1, 14]},
								"down": {"uv": [41, 75], "uv_size": [1, -14]}
							}
						},
						{
							"origin": [-0.23562, 21.85692, -35.24583],
							"size": [0.46285, 0.41576, 14.15648],
							"inflate": 0.002,
							"pivot": [-4.24854, 16.83605, -18.28925],
							"rotation": [0, 0, -42.5],
							"uv": {
								"north": {"uv": [82, 41], "uv_size": [1, 1]},
								"east": {"uv": [60, 33], "uv_size": [14, 1]},
								"south": {"uv": [82, 42], "uv_size": [1, 1]},
								"west": {"uv": [60, 34], "uv_size": [14, 1]},
								"up": {"uv": [19, 60], "uv_size": [1, 14]},
								"down": {"uv": [60, 69], "uv_size": [1, -14]}
							}
						},
						{
							"origin": [2.41736, 18.37439, -35.24583],
							"size": [1.32785, 0.41576, 14.15648],
							"inflate": 0.002,
							"pivot": [-3.55581, 17.59032, -18.28925],
							"rotation": [0, 0, -90],
							"uv": {
								"north": {"uv": [82, 39], "uv_size": [1, 1]},
								"east": {"uv": [60, 29], "uv_size": [14, 1]},
								"south": {"uv": [40, 82], "uv_size": [1, 1]},
								"west": {"uv": [60, 30], "uv_size": [14, 1]},
								"up": {"uv": [15, 60], "uv_size": [1, 14]},
								"down": {"uv": [16, 74], "uv_size": [1, -14]}
							}
						},
						{
							"origin": [2.41736, 16.16564, -35.24583],
							"size": [1.32785, 0.41576, 14.15648],
							"inflate": 0.002,
							"pivot": [-3.55581, 17.59032, -18.28925],
							"rotation": [0, 0, -90],
							"uv": {
								"north": {"uv": [82, 40], "uv_size": [1, 1]},
								"east": {"uv": [60, 31], "uv_size": [14, 1]},
								"south": {"uv": [41, 82], "uv_size": [1, 1]},
								"west": {"uv": [60, 32], "uv_size": [14, 1]},
								"up": {"uv": [17, 60], "uv_size": [1, 14]},
								"down": {"uv": [18, 74], "uv_size": [1, -14]}
							}
						},
						{
							"origin": [-2.5551, 18.07781, -30.33458],
							"size": [0.634, 9.791, 0.4645],
							"pivot": [-2.5256, 23.02331, -30.40233],
							"rotation": [90, 0, 0],
							"uv": {
								"north": {"uv": [66, 2], "uv_size": [1, 10]},
								"east": {"uv": [56, 66], "uv_size": [1, 10]},
								"south": {"uv": [66, 64], "uv_size": [1, 10]},
								"west": {"uv": [67, 2], "uv_size": [1, 10]},
								"up": {"uv": [47, 82], "uv_size": [1, 1]},
								"down": {"uv": [82, 48], "uv_size": [1, -1]}
							}
						},
						{
							"origin": [-4.9901, 15.31495, -30.83052],
							"size": [0.659, 9.791, 0.4645],
							"pivot": [-4.387, 21.88985, -32.03173],
							"rotation": [90, 0, 0],
							"uv": {
								"north": {"uv": [8, 65], "uv_size": [1, 10]},
								"east": {"uv": [9, 65], "uv_size": [1, 10]},
								"south": {"uv": [10, 65], "uv_size": [1, 10]},
								"west": {"uv": [65, 64], "uv_size": [1, 10]},
								"up": {"uv": [46, 82], "uv_size": [1, 1]},
								"down": {"uv": [82, 47], "uv_size": [1, -1]}
							}
						},
						{
							"origin": [-2.9176, 18.1966, -30.78458],
							"size": [0.809, 9.791, 0.8645],
							"pivot": [-2.5131, 23.0921, -30.35233],
							"rotation": [90, 0, 47],
							"uv": {
								"north": {"uv": [70, 2], "uv_size": [1, 10]},
								"east": {"uv": [36, 70], "uv_size": [1, 10]},
								"south": {"uv": [70, 64], "uv_size": [1, 10]},
								"west": {"uv": [71, 2], "uv_size": [1, 10]},
								"up": {"uv": [83, 16], "uv_size": [1, 1]},
								"down": {"uv": [83, 18], "uv_size": [1, -1]}
							}
						},
						{
							"origin": [-4.9926, 18.1966, -30.88458],
							"size": [0.309, 9.791, 0.7645],
							"pivot": [-2.5131, 23.0921, -30.35233],
							"rotation": [90, 0, 47],
							"uv": {
								"north": {"uv": [11, 74], "uv_size": [1, 10]},
								"east": {"uv": [12, 74], "uv_size": [1, 10]},
								"south": {"uv": [13, 74], "uv_size": [1, 10]},
								"west": {"uv": [14, 74], "uv_size": [1, 10]},
								"up": {"uv": [22, 83], "uv_size": [1, 1]},
								"down": {"uv": [83, 23], "uv_size": [1, -1]}
							}
						},
						{
							"origin": [-4.77875, 18.14175, -30.78458],
							"size": [0.809, 9.791, 0.8645],
							"pivot": [-4.44925, 23.03725, -30.35233],
							"rotation": [90, 0, -47],
							"uv": {
								"north": {"uv": [68, 64], "uv_size": [1, 10]},
								"east": {"uv": [69, 2], "uv_size": [1, 10]},
								"south": {"uv": [60, 69], "uv_size": [1, 10]},
								"west": {"uv": [69, 64], "uv_size": [1, 10]},
								"up": {"uv": [83, 14], "uv_size": [1, 1]},
								"down": {"uv": [83, 16], "uv_size": [1, -1]}
							}
						},
						{
							"origin": [-2.22875, 18.14175, -30.88458],
							"size": [0.309, 9.791, 0.7645],
							"pivot": [-4.44925, 23.03725, -30.35233],
							"rotation": [90, 0, -47],
							"uv": {
								"north": {"uv": [42, 73], "uv_size": [1, 10]},
								"east": {"uv": [73, 61], "uv_size": [1, 10]},
								"south": {"uv": [73, 71], "uv_size": [1, 10]},
								"west": {"uv": [74, 2], "uv_size": [1, 10]},
								"up": {"uv": [21, 83], "uv_size": [1, 1]},
								"down": {"uv": [83, 22], "uv_size": [1, -1]}
							}
						},
						{
							"origin": [-4.35785, 18.03822, -30.78458],
							"size": [0.99549, 9.791, 0.5895],
							"pivot": [-4.02835, 22.93372, -30.35233],
							"rotation": [90, 0, 0],
							"uv": {
								"north": {"uv": [59, 72], "uv_size": [1, 10]},
								"east": {"uv": [72, 64], "uv_size": [1, 10]},
								"south": {"uv": [73, 2], "uv_size": [1, 10]},
								"west": {"uv": [29, 73], "uv_size": [1, 10]},
								"up": {"uv": [20, 83], "uv_size": [1, 1]},
								"down": {"uv": [83, 21], "uv_size": [1, -1]}
							}
						},
						{
							"origin": [-3.36236, 18.03822, -30.78458],
							"size": [0.809, 9.791, 0.5895],
							"pivot": [-2.95786, 22.93372, -30.35233],
							"rotation": [90, 0, 0],
							"uv": {
								"north": {"uv": [71, 64], "uv_size": [1, 10]},
								"east": {"uv": [72, 2], "uv_size": [1, 10]},
								"south": {"uv": [47, 72], "uv_size": [1, 10]},
								"west": {"uv": [58, 72], "uv_size": [1, 10]},
								"up": {"uv": [83, 18], "uv_size": [1, 1]},
								"down": {"uv": [83, 20], "uv_size": [1, -1]}
							}
						},
						{
							"origin": [-3.36236, 20.36322, -30.78458],
							"size": [0.459, 9.791, 0.5145],
							"pivot": [-2.95786, 25.25872, -30.35233],
							"rotation": [90, 0, 0],
							"uv": {
								"north": {"uv": [19, 74], "uv_size": [1, 10]},
								"east": {"uv": [74, 26], "uv_size": [1, 10]},
								"south": {"uv": [74, 59], "uv_size": [1, 10]},
								"west": {"uv": [65, 74], "uv_size": [1, 10]},
								"up": {"uv": [24, 83], "uv_size": [1, 1]},
								"down": {"uv": [83, 25], "uv_size": [1, -1]}
							}
						},
						{
							"origin": [-3.98285, 20.36322, -30.78458],
							"size": [0.62049, 9.791, 0.5145],
							"pivot": [-4.02835, 25.25872, -30.35233],
							"rotation": [90, 0, 0],
							"uv": {
								"north": {"uv": [15, 74], "uv_size": [1, 10]},
								"east": {"uv": [16, 74], "uv_size": [1, 10]},
								"south": {"uv": [17, 74], "uv_size": [1, 10]},
								"west": {"uv": [18, 74], "uv_size": [1, 10]},
								"up": {"uv": [23, 83], "uv_size": [1, 1]},
								"down": {"uv": [83, 24], "uv_size": [1, -1]}
							}
						},
						{
							"origin": [-4.98443, 23.98121, -8.82221],
							"size": [0.92986, 1.20886, 2.78986],
							"inflate": 0.001,
							"uv": {
								"north": {"uv": [73, 17], "uv_size": [1, 1]},
								"east": {"uv": [78, 27], "uv_size": [3, 1]},
								"south": {"uv": [81, 37], "uv_size": [1, 1]},
								"west": {"uv": [30, 78], "uv_size": [3, 1]},
								"up": {"uv": [72, 77], "uv_size": [1, 3]},
								"down": {"uv": [78, 34], "uv_size": [1, -3]}
							}
						}
					]
				},
				{
					"name": "sight",
					"parent": "FrameCha",
					"pivot": [-3.91128, 27.40571, -8.97553],
					"cubes": [
						{
							"origin": [-4.42178, 26.18698, -9.90957],
							"size": [1.96, 2.591, 0.4145],
							"pivot": [-3.44178, 27.28248, -9.65232],
							"rotation": [90, 0, 0],
							"uv": {
								"north": {"uv": [74, 75], "uv_size": [2, 3]},
								"east": {"uv": [79, 64], "uv_size": [1, 3]},
								"south": {"uv": [0, 76], "uv_size": [2, 3]},
								"west": {"uv": [79, 69], "uv_size": [1, 3]},
								"up": {"uv": [81, 11], "uv_size": [2, 1]},
								"down": {"uv": [81, 31], "uv_size": [2, -1]}
							}
						},
						{
							"origin": [-3.5211, 28.68698, -9.90957],
							"size": [0.1673, 0.091, 0.9145],
							"pivot": [-3.44178, 27.28248, -9.65232],
							"rotation": [90, 0, 0],
							"uv": {
								"north": {"uv": [88, 15], "uv_size": [3, 28]},
								"east": {"uv": [86, 15], "uv_size": [2, 28]},
								"south": {"uv": [93, 15], "uv_size": [3, 28]},
								"west": {"uv": [91, 15], "uv_size": [2, 28]},
								"up": {"uv": [88, 13], "uv_size": [3, 2]},
								"down": {"uv": [91, 15], "uv_size": [3, -2]}
							}
						},
						{
							"origin": [-3.5211, 25.53698, -35.65957],
							"size": [0.1673, 1.691, 1.7145],
							"pivot": [-3.43745, 27.48248, -34.60232],
							"rotation": [55, 0, 0],
							"uv": {
								"north": {"uv": [71, 81], "uv_size": [1, 2]},
								"east": {"uv": [77, 73], "uv_size": [2, 2]},
								"south": {"uv": [72, 81], "uv_size": [1, 2]},
								"west": {"uv": [76, 77], "uv_size": [2, 2]},
								"up": {"uv": [73, 81], "uv_size": [1, 2]},
								"down": {"uv": [74, 83], "uv_size": [1, -2]}
							}
						},
						{
							"origin": [-4.32175, 26.73, -10.10876],
							"size": [0.96, 2.092, 0.6395],
							"pivot": [-3.39175, 27.32568, -9.65151],
							"rotation": [90, 0, 32.5],
							"uv": {
								"north": {"uv": [54, 81], "uv_size": [1, 2]},
								"east": {"uv": [55, 81], "uv_size": [1, 2]},
								"south": {"uv": [61, 81], "uv_size": [1, 2]},
								"west": {"uv": [62, 81], "uv_size": [1, 2]},
								"up": {"uv": [63, 83], "uv_size": [1, 1]},
								"down": {"uv": [83, 64], "uv_size": [1, -1]}
							}
						},
						{
							"origin": [-3.72788, 26.76199, -10.78376],
							"size": [0.96, 2.092, 0.6395],
							"pivot": [-4.69788, 27.35767, -9.65151],
							"rotation": [90, 0, -32.5],
							"uv": {
								"north": {"uv": [63, 81], "uv_size": [1, 2]},
								"east": {"uv": [64, 81], "uv_size": [1, 2]},
								"south": {"uv": [81, 67], "uv_size": [1, 2]},
								"west": {"uv": [70, 81], "uv_size": [1, 2]},
								"up": {"uv": [64, 83], "uv_size": [1, 1]},
								"down": {"uv": [83, 65], "uv_size": [1, -1]}
							}
						}
					]
				},
				{
					"name": "Barrel2",
					"parent": "FrameCha",
					"pivot": [-3.45726, 30.22358, -25.26676],
					"cubes": [
						{
							"origin": [-3.72749, 25.81424, -35.25389],
							"size": [0.54047, 0.66742, 0.33215],
							"inflate": 0.002,
							"uv": {
								"north": {"uv": [82, 52], "uv_size": [1, 1]},
								"east": {"uv": [82, 53], "uv_size": [1, 1]},
								"south": {"uv": [82, 54], "uv_size": [1, 1]},
								"west": {"uv": [82, 55], "uv_size": [1, 1]},
								"up": {"uv": [56, 82], "uv_size": [1, 1]},
								"down": {"uv": [82, 57], "uv_size": [1, -1]}
							}
						},
						{
							"origin": [-3.72749, 25.20551, -35.25389],
							"size": [0.54047, 0.60473, 0.33215],
							"inflate": 0.002,
							"uv": {
								"north": {"uv": [57, 82], "uv_size": [1, 1]},
								"east": {"uv": [82, 57], "uv_size": [1, 1]},
								"south": {"uv": [58, 82], "uv_size": [1, 1]},
								"west": {"uv": [59, 82], "uv_size": [1, 1]},
								"up": {"uv": [60, 82], "uv_size": [1, 1]},
								"down": {"uv": [82, 62], "uv_size": [1, -1]}
							}
						},
						{
							"origin": [0.76791, 20.67651, -35.25389],
							"size": [0.54047, 0.30242, 0.33215],
							"inflate": 0.002,
							"pivot": [-3.45726, 21.34818, -22.87613],
							"rotation": [0, 0, -90],
							"uv": {
								"north": {"uv": [82, 62], "uv_size": [1, 1]},
								"east": {"uv": [82, 63], "uv_size": [1, 1]},
								"south": {"uv": [82, 67], "uv_size": [1, 1]},
								"west": {"uv": [82, 68], "uv_size": [1, 1]},
								"up": {"uv": [82, 72], "uv_size": [1, 1]},
								"down": {"uv": [82, 74], "uv_size": [1, -1]}
							}
						},
						{
							"origin": [-0.64992, 24.0087, -35.25389],
							"size": [0.54047, 0.59442, 0.33215],
							"inflate": 0.002,
							"pivot": [-3.45726, 21.34818, -22.87613],
							"rotation": [0, 0, -42.5],
							"uv": {
								"north": {"uv": [82, 74], "uv_size": [1, 1]},
								"east": {"uv": [75, 82], "uv_size": [1, 1]},
								"south": {"uv": [82, 75], "uv_size": [1, 1]},
								"west": {"uv": [76, 82], "uv_size": [1, 1]},
								"up": {"uv": [82, 76], "uv_size": [1, 1]},
								"down": {"uv": [77, 83], "uv_size": [1, -1]}
							}
						},
						{
							"origin": [-0.73096, 24.94095, -35.25389],
							"size": [0.54047, 0.37542, 0.33215],
							"inflate": 0.002,
							"pivot": [-3.45726, 21.34818, -22.87613],
							"rotation": [0, 0, -42.5],
							"uv": {
								"north": {"uv": [82, 77], "uv_size": [1, 1]},
								"east": {"uv": [78, 82], "uv_size": [1, 1]},
								"south": {"uv": [82, 78], "uv_size": [1, 1]},
								"west": {"uv": [79, 82], "uv_size": [1, 1]},
								"up": {"uv": [82, 79], "uv_size": [1, 1]},
								"down": {"uv": [80, 83], "uv_size": [1, -1]}
							}
						},
						{
							"origin": [-6.80507, 24.0087, -35.25389],
							"size": [0.54047, 0.59442, 0.33215],
							"inflate": 0.002,
							"pivot": [-3.45726, 21.34818, -22.87613],
							"rotation": [0, 0, 42.5],
							"uv": {
								"north": {"uv": [82, 80], "uv_size": [1, 1]},
								"east": {"uv": [81, 82], "uv_size": [1, 1]},
								"south": {"uv": [82, 81], "uv_size": [1, 1]},
								"west": {"uv": [82, 82], "uv_size": [1, 1]},
								"up": {"uv": [0, 83], "uv_size": [1, 1]},
								"down": {"uv": [83, 1], "uv_size": [1, -1]}
							}
						},
						{
							"origin": [-6.72403, 24.94095, -35.25389],
							"size": [0.54047, 0.37542, 0.33215],
							"inflate": 0.002,
							"pivot": [-3.45726, 21.34818, -22.87613],
							"rotation": [0, 0, 42.5],
							"uv": {
								"north": {"uv": [1, 83], "uv_size": [1, 1]},
								"east": {"uv": [83, 1], "uv_size": [1, 1]},
								"south": {"uv": [2, 83], "uv_size": [1, 1]},
								"west": {"uv": [3, 83], "uv_size": [1, 1]},
								"up": {"uv": [4, 83], "uv_size": [1, 1]},
								"down": {"uv": [5, 84], "uv_size": [1, -1]}
							}
						},
						{
							"origin": [0.76791, 21.71742, -35.25389],
							"size": [0.54047, 0.30242, 0.33215],
							"inflate": 0.002,
							"pivot": [-3.45726, 21.34818, -22.87613],
							"rotation": [0, 0, -90],
							"uv": {
								"north": {"uv": [83, 5], "uv_size": [1, 1]},
								"east": {"uv": [6, 83], "uv_size": [1, 1]},
								"south": {"uv": [83, 6], "uv_size": [1, 1]},
								"west": {"uv": [7, 83], "uv_size": [1, 1]},
								"up": {"uv": [83, 7], "uv_size": [1, 1]},
								"down": {"uv": [8, 84], "uv_size": [1, -1]}
							}
						}
					]
				},
				{
					"name": "hexadecagon2",
					"parent": "FrameCha",
					"pivot": [-5, 30.9, -2.8],
					"cubes": [
						{
							"origin": [-5.09, 24.76573, -8.475],
							"size": [3.28, 0.26853, 1.35],
							"pivot": [-5.36, 24.9, -7.8],
							"rotation": [45, 0, 0],
							"uv": {
								"north": {"uv": [79, 12], "uv_size": [3, 1]},
								"east": {"uv": [49, 83], "uv_size": [1, 1]},
								"south": {"uv": [79, 13], "uv_size": [3, 1]},
								"west": {"uv": [83, 49], "uv_size": [1, 1]},
								"up": {"uv": [79, 14], "uv_size": [3, 1]},
								"down": {"uv": [79, 16], "uv_size": [3, -1]}
							}
						},
						{
							"origin": [-5.09, 24.76573, -8.475],
							"size": [3.28, 0.26853, 1.35],
							"pivot": [-5.36, 24.9, -7.8],
							"rotation": [22.5, 0, 0],
							"uv": {
								"north": {"uv": [79, 16], "uv_size": [3, 1]},
								"east": {"uv": [50, 83], "uv_size": [1, 1]},
								"south": {"uv": [79, 17], "uv_size": [3, 1]},
								"west": {"uv": [83, 50], "uv_size": [1, 1]},
								"up": {"uv": [79, 22], "uv_size": [3, 1]},
								"down": {"uv": [79, 24], "uv_size": [3, -1]}
							}
						},
						{
							"origin": [-5.09, 24.76573, -8.475],
							"size": [3.28, 0.26853, 1.35],
							"uv": {
								"north": {"uv": [30, 79], "uv_size": [3, 1]},
								"east": {"uv": [51, 83], "uv_size": [1, 1]},
								"south": {"uv": [79, 31], "uv_size": [3, 1]},
								"west": {"uv": [83, 51], "uv_size": [1, 1]},
								"up": {"uv": [79, 32], "uv_size": [3, 1]},
								"down": {"uv": [79, 34], "uv_size": [3, -1]}
							}
						},
						{
							"origin": [-5.09, 24.76573, -8.475],
							"size": [3.28, 0.26853, 1.35],
							"pivot": [-5.36, 24.9, -7.8],
							"rotation": [-22.5, 0, 0],
							"uv": {
								"north": {"uv": [79, 38], "uv_size": [3, 1]},
								"east": {"uv": [52, 83], "uv_size": [1, 1]},
								"south": {"uv": [79, 39], "uv_size": [3, 1]},
								"west": {"uv": [83, 52], "uv_size": [1, 1]},
								"up": {"uv": [79, 40], "uv_size": [3, 1]},
								"down": {"uv": [79, 44], "uv_size": [3, -1]}
							}
						},
						{
							"origin": [-5.09, 24.76573, -8.475],
							"size": [3.28, 0.26853, 1.35],
							"pivot": [-5.36, 24.9, -7.8],
							"rotation": [-45, 0, 0],
							"uv": {
								"north": {"uv": [79, 44], "uv_size": [3, 1]},
								"east": {"uv": [53, 83], "uv_size": [1, 1]},
								"south": {"uv": [79, 45], "uv_size": [3, 1]},
								"west": {"uv": [83, 53], "uv_size": [1, 1]},
								"up": {"uv": [79, 46], "uv_size": [3, 1]},
								"down": {"uv": [79, 48], "uv_size": [3, -1]}
							}
						},
						{
							"origin": [-5.09, 24.225, -7.93427],
							"size": [3.28, 1.35, 0.26853],
							"pivot": [-5.36, 24.9, -7.8],
							"rotation": [22.5, 0, 0],
							"uv": {
								"north": {"uv": [48, 79], "uv_size": [3, 1]},
								"east": {"uv": [54, 83], "uv_size": [1, 1]},
								"south": {"uv": [79, 48], "uv_size": [3, 1]},
								"west": {"uv": [83, 54], "uv_size": [1, 1]},
								"up": {"uv": [79, 49], "uv_size": [3, 1]},
								"down": {"uv": [79, 51], "uv_size": [3, -1]}
							}
						},
						{
							"origin": [-5.09, 24.225, -7.93427],
							"size": [3.28, 1.35, 0.26853],
							"uv": {
								"north": {"uv": [51, 79], "uv_size": [3, 1]},
								"east": {"uv": [55, 83], "uv_size": [1, 1]},
								"south": {"uv": [79, 51], "uv_size": [3, 1]},
								"west": {"uv": [83, 55], "uv_size": [1, 1]},
								"up": {"uv": [79, 52], "uv_size": [3, 1]},
								"down": {"uv": [79, 54], "uv_size": [3, -1]}
							}
						},
						{
							"origin": [-5.09, 24.225, -7.93427],
							"size": [3.28, 1.35, 0.26853],
							"pivot": [-5.36, 24.9, -7.8],
							"rotation": [-22.5, 0, 0],
							"uv": {
								"north": {"uv": [79, 54], "uv_size": [3, 1]},
								"east": {"uv": [56, 83], "uv_size": [1, 1]},
								"south": {"uv": [79, 55], "uv_size": [3, 1]},
								"west": {"uv": [83, 56], "uv_size": [1, 1]},
								"up": {"uv": [79, 56], "uv_size": [3, 1]},
								"down": {"uv": [79, 58], "uv_size": [3, -1]}
							}
						}
					]
				},
				{
					"name": "hexadecagon3",
					"parent": "FrameCha",
					"pivot": [-3.47515, 24.9, -7.8],
					"cubes": [
						{
							"origin": [-5.14878, 24.81987, -8.20285],
							"size": [3.40815, 0.16027, 0.80571],
							"pivot": [-4.61508, 24.9, -7.8],
							"rotation": [45, 0, 0],
							"uv": {
								"north": {"uv": [79, 72], "uv_size": [3, 1]},
								"east": {"uv": [83, 76], "uv_size": [1, 1]},
								"south": {"uv": [79, 73], "uv_size": [3, 1]},
								"west": {"uv": [77, 83], "uv_size": [1, 1]},
								"up": {"uv": [79, 74], "uv_size": [3, 1]},
								"down": {"uv": [79, 76], "uv_size": [3, -1]}
							}
						},
						{
							"origin": [-5.14878, 24.81987, -8.20285],
							"size": [3.40815, 0.16027, 0.80571],
							"pivot": [-4.61508, 24.9, -7.8],
							"rotation": [22.5, 0, 0],
							"uv": {
								"north": {"uv": [79, 76], "uv_size": [3, 1]},
								"east": {"uv": [83, 77], "uv_size": [1, 1]},
								"south": {"uv": [79, 77], "uv_size": [3, 1]},
								"west": {"uv": [78, 83], "uv_size": [1, 1]},
								"up": {"uv": [79, 78], "uv_size": [3, 1]},
								"down": {"uv": [79, 80], "uv_size": [3, -1]}
							}
						},
						{
							"origin": [-5.14878, 24.81987, -8.20285],
							"size": [3.40815, 0.16027, 0.80571],
							"uv": {
								"north": {"uv": [80, 0], "uv_size": [3, 1]},
								"east": {"uv": [83, 78], "uv_size": [1, 1]},
								"south": {"uv": [80, 1], "uv_size": [3, 1]},
								"west": {"uv": [79, 83], "uv_size": [1, 1]},
								"up": {"uv": [80, 5], "uv_size": [3, 1]},
								"down": {"uv": [80, 7], "uv_size": [3, -1]}
							}
						},
						{
							"origin": [-5.14878, 24.81987, -8.20285],
							"size": [3.40815, 0.16027, 0.80571],
							"pivot": [-4.61508, 24.9, -7.8],
							"rotation": [-22.5, 0, 0],
							"uv": {
								"north": {"uv": [80, 7], "uv_size": [3, 1]},
								"east": {"uv": [83, 79], "uv_size": [1, 1]},
								"south": {"uv": [30, 80], "uv_size": [3, 1]},
								"west": {"uv": [80, 83], "uv_size": [1, 1]},
								"up": {"uv": [80, 36], "uv_size": [3, 1]},
								"down": {"uv": [48, 81], "uv_size": [3, -1]}
							}
						},
						{
							"origin": [-5.14878, 24.81987, -8.20285],
							"size": [3.40815, 0.16027, 0.80571],
							"pivot": [-4.61508, 24.9, -7.8],
							"rotation": [-45, 0, 0],
							"uv": {
								"north": {"uv": [51, 80], "uv_size": [3, 1]},
								"east": {"uv": [83, 80], "uv_size": [1, 1]},
								"south": {"uv": [80, 58], "uv_size": [3, 1]},
								"west": {"uv": [81, 83], "uv_size": [1, 1]},
								"up": {"uv": [80, 59], "uv_size": [3, 1]},
								"down": {"uv": [80, 61], "uv_size": [3, -1]}
							}
						},
						{
							"origin": [-5.14878, 24.49715, -7.88013],
							"size": [3.40815, 0.80571, 0.16027],
							"pivot": [-4.61508, 24.9, -7.8],
							"rotation": [22.5, 0, 0],
							"uv": {
								"north": {"uv": [80, 64], "uv_size": [3, 1]},
								"east": {"uv": [83, 81], "uv_size": [1, 1]},
								"south": {"uv": [80, 65], "uv_size": [3, 1]},
								"west": {"uv": [82, 83], "uv_size": [1, 1]},
								"up": {"uv": [80, 66], "uv_size": [3, 1]},
								"down": {"uv": [80, 70], "uv_size": [3, -1]}
							}
						},
						{
							"origin": [-5.14878, 24.49715, -7.88013],
							"size": [3.40815, 0.80571, 0.16027],
							"uv": {
								"north": {"uv": [70, 80], "uv_size": [3, 1]},
								"east": {"uv": [83, 82], "uv_size": [1, 1]},
								"south": {"uv": [80, 70], "uv_size": [3, 1]},
								"west": {"uv": [83, 83], "uv_size": [1, 1]},
								"up": {"uv": [80, 71], "uv_size": [3, 1]},
								"down": {"uv": [79, 81], "uv_size": [3, -1]}
							}
						},
						{
							"origin": [-5.14878, 24.49715, -7.88013],
							"size": [3.40815, 0.80571, 0.16027],
							"pivot": [-4.61508, 24.9, -7.8],
							"rotation": [-22.5, 0, 0],
							"uv": {
								"north": {"uv": [2, 81], "uv_size": [3, 1]},
								"east": {"uv": [0, 84], "uv_size": [1, 1]},
								"south": {"uv": [81, 2], "uv_size": [3, 1]},
								"west": {"uv": [84, 0], "uv_size": [1, 1]},
								"up": {"uv": [81, 3], "uv_size": [3, 1]},
								"down": {"uv": [81, 5], "uv_size": [3, -1]}
							}
						}
					]
				},
				{
					"name": "Barrel3",
					"parent": "FrameCha",
					"pivot": [-3.45726, 29.94718, -4.01281],
					"cubes": [
						{
							"origin": [-3.82819, 24.40624, -17.74106],
							"size": [0.74185, 0.41576, 11.55648],
							"inflate": 0.002,
							"uv": {
								"north": {"uv": [83, 65], "uv_size": [1, 1]},
								"east": {"uv": [60, 41], "uv_size": [12, 1]},
								"south": {"uv": [66, 83], "uv_size": [1, 1]},
								"west": {"uv": [60, 42], "uv_size": [12, 1]},
								"up": {"uv": [57, 0], "uv_size": [1, 12]},
								"down": {"uv": [42, 73], "uv_size": [1, -12]}
							}
						},
						{
							"origin": [-3.82819, 23.07236, -17.74106],
							"size": [0.74185, 0.41576, 11.55648],
							"inflate": 0.002,
							"uv": {
								"north": {"uv": [83, 66], "uv_size": [1, 1]},
								"east": {"uv": [61, 22], "uv_size": [12, 1]},
								"south": {"uv": [67, 83], "uv_size": [1, 1]},
								"west": {"uv": [61, 23], "uv_size": [12, 1]},
								"up": {"uv": [43, 63], "uv_size": [1, 12]},
								"down": {"uv": [44, 75], "uv_size": [1, -12]}
							}
						},
						{
							"origin": [-4.02819, 23.42236, -6.71606],
							"size": [1.14185, 1.06576, 0.55648],
							"inflate": 0.002,
							"pivot": [-3.45726, 23.95524, -6.36281],
							"rotation": [0, 0, -50],
							"uv": {
								"north": {"uv": [83, 73], "uv_size": [1, 1]},
								"east": {"uv": [74, 83], "uv_size": [1, 1]},
								"south": {"uv": [83, 74], "uv_size": [1, 1]},
								"west": {"uv": [75, 83], "uv_size": [1, 1]},
								"up": {"uv": [83, 75], "uv_size": [1, 1]},
								"down": {"uv": [76, 84], "uv_size": [1, -1]}
							}
						},
						{
							"origin": [2.32991, 16.86826, -17.74106],
							"size": [0.74185, 0.41576, 11.55648],
							"inflate": 0.002,
							"pivot": [-3.45726, 17.78908, -0.78448],
							"rotation": [0, 0, -90],
							"uv": {
								"north": {"uv": [83, 67], "uv_size": [1, 1]},
								"east": {"uv": [62, 14], "uv_size": [12, 1]},
								"south": {"uv": [68, 83], "uv_size": [1, 1]},
								"west": {"uv": [62, 15], "uv_size": [12, 1]},
								"up": {"uv": [45, 63], "uv_size": [1, 12]},
								"down": {"uv": [46, 75], "uv_size": [1, -12]}
							}
						},
						{
							"origin": [0.38767, 21.4329, -17.74106],
							"size": [0.74185, 0.41576, 11.55648],
							"inflate": 0.002,
							"pivot": [-3.45726, 17.78908, -0.78448],
							"rotation": [0, 0, -42.5],
							"uv": {
								"north": {"uv": [83, 68], "uv_size": [1, 1]},
								"east": {"uv": [62, 16], "uv_size": [12, 1]},
								"south": {"uv": [69, 83], "uv_size": [1, 1]},
								"west": {"uv": [61, 63], "uv_size": [12, 1]},
								"up": {"uv": [24, 64], "uv_size": [1, 12]},
								"down": {"uv": [25, 76], "uv_size": [1, -12]}
							}
						},
						{
							"origin": [0.27665, 22.80995, -17.74106],
							"size": [0.74185, 0.41576, 11.55648],
							"inflate": 0.002,
							"pivot": [-3.45726, 17.78908, -0.78448],
							"rotation": [0, 0, -42.5],
							"uv": {
								"north": {"uv": [83, 69], "uv_size": [1, 1]},
								"east": {"uv": [64, 18], "uv_size": [12, 1]},
								"south": {"uv": [70, 83], "uv_size": [1, 1]},
								"west": {"uv": [64, 19], "uv_size": [12, 1]},
								"up": {"uv": [26, 64], "uv_size": [1, 12]},
								"down": {"uv": [27, 76], "uv_size": [1, -12]}
							}
						},
						{
							"origin": [-8.04404, 21.4329, -17.74106],
							"size": [0.74185, 0.41576, 11.55648],
							"inflate": 0.002,
							"pivot": [-3.45726, 17.78908, -0.78448],
							"rotation": [0, 0, 42.5],
							"uv": {
								"north": {"uv": [83, 70], "uv_size": [1, 1]},
								"east": {"uv": [64, 20], "uv_size": [12, 1]},
								"south": {"uv": [71, 83], "uv_size": [1, 1]},
								"west": {"uv": [64, 21], "uv_size": [12, 1]},
								"up": {"uv": [28, 64], "uv_size": [1, 12]},
								"down": {"uv": [61, 76], "uv_size": [1, -12]}
							}
						},
						{
							"origin": [-7.93302, 22.80995, -17.74106],
							"size": [0.74185, 0.41576, 11.55648],
							"inflate": 0.002,
							"pivot": [-3.45726, 17.78908, -0.78448],
							"rotation": [0, 0, 42.5],
							"uv": {
								"north": {"uv": [83, 71], "uv_size": [1, 1]},
								"east": {"uv": [64, 55], "uv_size": [12, 1]},
								"south": {"uv": [72, 83], "uv_size": [1, 1]},
								"west": {"uv": [64, 56], "uv_size": [12, 1]},
								"up": {"uv": [62, 64], "uv_size": [1, 12]},
								"down": {"uv": [63, 76], "uv_size": [1, -12]}
							}
						},
						{
							"origin": [2.32991, 18.29415, -17.74106],
							"size": [0.74185, 0.41576, 11.55648],
							"inflate": 0.002,
							"pivot": [-3.45726, 17.78908, -0.78448],
							"rotation": [0, 0, -90],
							"uv": {
								"north": {"uv": [83, 72], "uv_size": [1, 1]},
								"east": {"uv": [64, 57], "uv_size": [12, 1]},
								"south": {"uv": [73, 83], "uv_size": [1, 1]},
								"west": {"uv": [64, 58], "uv_size": [12, 1]},
								"up": {"uv": [64, 64], "uv_size": [1, 12]},
								"down": {"uv": [65, 14], "uv_size": [1, -12]}
							}
						}
					]
				},
				{
					"name": "magazine",
					"parent": "gun",
					"pivot": [-3.45, 16.15209, -5.36799],
					"cubes": [
						{
							"origin": [-4.724, 2.63614, -18.48328],
							"size": [2.548, 12.323, 5.3045],
							"pivot": [-2.52, 32.39714, -33.50028],
							"rotation": [12.5, 0, 0],
							"uv": {
								"north": {"uv": [14, 48], "uv_size": [3, 12]},
								"east": {"uv": [32, 40], "uv_size": [5, 12]},
								"south": {"uv": [17, 48], "uv_size": [3, 12]},
								"west": {"uv": [40, 32], "uv_size": [5, 12]},
								"up": {"uv": [59, 12], "uv_size": [3, 5]},
								"down": {"uv": [8, 65], "uv_size": [3, -5]}
							}
						},
						{
							"origin": [-4.724, 2.43614, -18.48328],
							"size": [2.548, 0.223, 5.7045],
							"pivot": [-2.52, 32.39714, -33.50028],
							"rotation": [12.5, 0, 0],
							"uv": {
								"north": {"uv": [79, 61], "uv_size": [3, 1]},
								"east": {"uv": [75, 35], "uv_size": [6, 1]},
								"south": {"uv": [79, 62], "uv_size": [3, 1]},
								"west": {"uv": [75, 68], "uv_size": [6, 1]},
								"up": {"uv": [58, 18], "uv_size": [3, 6]},
								"down": {"uv": [24, 64], "uv_size": [3, -6]}
							}
						}
					]
				},
				{
					"name": "bullet",
					"parent": "magazine",
					"pivot": [-3.47598, 24.92645, -7.43064],
					"cubes": [
						{
							"origin": [-4.17884, 15.78221, -13.93973],
							"size": [0.95236, 1.01236, 3.9186],
							"pivot": [-4.00266, 15.48839, -24.83043],
							"rotation": [11.93845, -3.73171, 17.10967],
							"uv": {
								"north": {"uv": [62, 83], "uv_size": [1, 1]},
								"east": {"uv": [77, 9], "uv_size": [4, 1]},
								"south": {"uv": [83, 62], "uv_size": [1, 1]},
								"west": {"uv": [77, 63], "uv_size": [4, 1]},
								"up": {"uv": [49, 28], "uv_size": [1, 4]},
								"down": {"uv": [55, 28], "uv_size": [1, -4]}
							}
						}
					]
				},
				{
					"name": "rightarm",
					"parent": "main",
					"pivot": [-3.65435, 14.27504, -1.78047],
					"rotation": [-101.81106, -12.40003, -2.46982],
					"cubes": [
						{
							"origin": [-9.65435, 2.27504, -5.78047],
							"size": [8, 24, 8],
							"uv": {
								"north": {"uv": [0, 0], "uv_size": [8, 24]},
								"east": {"uv": [8, 0], "uv_size": [8, 24]},
								"south": {"uv": [16, 0], "uv_size": [8, 24]},
								"west": {"uv": [0, 24], "uv_size": [8, 24]},
								"up": {"uv": [32, 32], "uv_size": [8, 8]},
								"down": {"uv": [38, 8], "uv_size": [8, -8]}
							}
						}
					]
				},
				{
					"name": "leftarm",
					"parent": "main",
					"pivot": [2.34932, 9.03234, -2.20029],
					"rotation": [-119.61483, 1.67666, -38.31282],
					"cubes": [
						{
							"origin": [-1.65068, -2.96766, -6.20029],
							"size": [8, 24, 8],
							"uv": {
								"north": {"uv": [24, 0], "uv_size": [8, 24]},
								"east": {"uv": [8, 24], "uv_size": [8, 24]},
								"south": {"uv": [16, 24], "uv_size": [8, 24]},
								"west": {"uv": [24, 24], "uv_size": [8, 24]},
								"up": {"uv": [38, 8], "uv_size": [8, 8]},
								"down": {"uv": [38, 24], "uv_size": [8, -8]}
							}
						}
					]
				},
				{
					"name": "muzzleflash",
					"parent": "main",
					"pivot": [-3.5, 23.85, -35.75],
					"cubes": [
						{
							"origin": [-4, 23.35, -36.25],
							"size": [1, 1, 1],
							"inflate": -0.4,
							"uv": {
								"north": {"uv": [78, 81], "uv_size": [1, 1]},
								"east": {"uv": [79, 81], "uv_size": [1, 1]},
								"south": {"uv": [80, 81], "uv_size": [1, 1]},
								"west": {"uv": [81, 81], "uv_size": [1, 1]},
								"up": {"uv": [0, 82], "uv_size": [1, 1]},
								"down": {"uv": [1, 83], "uv_size": [1, -1]}
							}
						}
					]
				},
				{
					"name": "scope",
					"parent": "main",
					"pivot": [-3.438, 27.75, -9.15],
					"cubes": [
						{
							"origin": [-3.938, 27.25, -9.65],
							"size": [1, 1, 1],
							"inflate": -0.4,
							"uv": {
								"north": {"uv": [2, 82], "uv_size": [1, 1]},
								"east": {"uv": [3, 82], "uv_size": [1, 1]},
								"south": {"uv": [4, 82], "uv_size": [1, 1]},
								"west": {"uv": [82, 8], "uv_size": [1, 1]},
								"up": {"uv": [82, 9], "uv_size": [1, 1]},
								"down": {"uv": [82, 11], "uv_size": [1, -1]}
							}
						}
					]
				}
			]
		}
	]
}