{
	"format_version": "1.12.0",
	"minecraft:geometry": [
		{
			"description": {
				"identifier": "geometry.unknown",
				"texture_width": 256,
				"texture_height": 256,
				"visible_bounds_width": 12,
				"visible_bounds_height": 6,
				"visible_bounds_offset": [0, 0, 0]
			},
			"bones": [
				{
					"name": "main",
					"pivot": [-3, 20, 0]
				},
				{
					"name": "gun",
					"parent": "main",
					"pivot": [-1.2, 29.475, 2.9]
				},
				{
					"name": "Teuing2",
					"parent": "gun",
					"pivot": [-2.99912, 18.77135, -4.99874],
					"rotation": [-90, 0, 0],
					"cubes": [
						{
							"origin": [-3.72338, 17.18923, -9.14863],
							"size": [1.44718, 0.25627, 1.8538],
							"inflate": 0.002,
							"pivot": [-2.99979, 16.56737, -8.12173],
							"rotation": [-87.5, 0, 180],
							"uv": {
								"north": {"uv": [119, 55], "uv_size": [1, 1]},
								"east": {"uv": [117, 61], "uv_size": [2, 1]},
								"south": {"uv": [119, 56], "uv_size": [1, 1]},
								"west": {"uv": [117, 71], "uv_size": [2, 1]},
								"up": {"uv": [42, 117], "uv_size": [1, 2]},
								"down": {"uv": [67, 119], "uv_size": [1, -2]}
							}
						},
						{
							"origin": [-4.0238, 17.842, -7.97447],
							"size": [1.44718, 0.53774, 1.80168],
							"inflate": 0.002,
							"pivot": [-3.15, 17.37686, -5.00614],
							"rotation": [15, 0, 180],
							"uv": {
								"north": {"uv": [119, 57], "uv_size": [1, 1]},
								"east": {"uv": [117, 72], "uv_size": [2, 1]},
								"south": {"uv": [119, 58], "uv_size": [1, 1]},
								"west": {"uv": [117, 73], "uv_size": [2, 1]},
								"up": {"uv": [117, 74], "uv_size": [1, 2]},
								"down": {"uv": [117, 78], "uv_size": [1, -2]}
							}
						},
						{
							"origin": [-4.0238, 17.68744, -6.28999],
							"size": [1.44718, 0.53169, 1.10576],
							"inflate": 0.002,
							"pivot": [-3.15, 17.37686, -5.00614],
							"rotation": [7.5, 0, 180],
							"uv": {
								"north": {"uv": [119, 60], "uv_size": [1, 1]},
								"east": {"uv": [119, 61], "uv_size": [1, 1]},
								"south": {"uv": [64, 119], "uv_size": [1, 1]},
								"west": {"uv": [119, 64], "uv_size": [1, 1]},
								"up": {"uv": [65, 119], "uv_size": [1, 1]},
								"down": {"uv": [119, 66], "uv_size": [1, -1]}
							}
						},
						{
							"origin": [-4.0238, 17.63712, -5.39275],
							"size": [1.44718, 0.50766, 1.24068],
							"inflate": 0.002,
							"pivot": [-3.15, 17.37686, -5.00614],
							"rotation": [-7.5, 0, 180],
							"uv": {
								"north": {"uv": [66, 119], "uv_size": [1, 1]},
								"east": {"uv": [119, 66], "uv_size": [1, 1]},
								"south": {"uv": [67, 119], "uv_size": [1, 1]},
								"west": {"uv": [119, 67], "uv_size": [1, 1]},
								"up": {"uv": [119, 71], "uv_size": [1, 1]},
								"down": {"uv": [119, 73], "uv_size": [1, -1]}
							}
						},
						{
							"origin": [-4.0238, 18.19323, -5.04366],
							"size": [1.44718, 0.33232, 1.75204],
							"inflate": 0.002,
							"pivot": [-3.15, 17.37686, -5.00614],
							"rotation": [-57.5, 0, 180],
							"uv": {
								"north": {"uv": [119, 73], "uv_size": [1, 1]},
								"east": {"uv": [78, 117], "uv_size": [2, 1]},
								"south": {"uv": [78, 119], "uv_size": [1, 1]},
								"west": {"uv": [117, 78], "uv_size": [2, 1]},
								"up": {"uv": [117, 79], "uv_size": [1, 2]},
								"down": {"uv": [80, 119], "uv_size": [1, -2]}
							}
						},
						{
							"origin": [-4.0238, 18.64323, -3.71309],
							"size": [1.44718, 0.34523, 2.11507],
							"inflate": 0.002,
							"pivot": [-3.15, 17.37686, -5.00614],
							"rotation": [-75, 0, 180],
							"uv": {
								"north": {"uv": [119, 78], "uv_size": [1, 1]},
								"east": {"uv": [81, 117], "uv_size": [2, 1]},
								"south": {"uv": [79, 119], "uv_size": [1, 1]},
								"west": {"uv": [117, 81], "uv_size": [2, 1]},
								"up": {"uv": [83, 117], "uv_size": [1, 2]},
								"down": {"uv": [88, 119], "uv_size": [1, -2]}
							}
						},
						{
							"origin": [-3.42423, 19.68474, -3.98886],
							"size": [1.44804, 0.48155, 1.13478],
							"inflate": 0.002,
							"pivot": [-2.85, 20.46952, -3.70614],
							"rotation": [53.49474, -0.04705, -179.8637],
							"uv": {
								"north": {"uv": [80, 119], "uv_size": [1, 1]},
								"east": {"uv": [81, 119], "uv_size": [1, 1]},
								"south": {"uv": [119, 81], "uv_size": [1, 1]},
								"west": {"uv": [82, 119], "uv_size": [1, 1]},
								"up": {"uv": [119, 82], "uv_size": [1, 1]},
								"down": {"uv": [83, 120], "uv_size": [1, -1]}
							}
						},
						{
							"origin": [-3.42423, 19.66027, -5.07871],
							"size": [1.44804, 0.49868, 1.18965],
							"inflate": 0.002,
							"pivot": [-2.85, 20.46952, -3.70614],
							"rotation": [45.99474, -0.04705, -179.8637],
							"uv": {
								"north": {"uv": [119, 86], "uv_size": [1, 1]},
								"east": {"uv": [119, 87], "uv_size": [1, 1]},
								"south": {"uv": [88, 119], "uv_size": [1, 1]},
								"west": {"uv": [89, 119], "uv_size": [1, 1]},
								"up": {"uv": [119, 89], "uv_size": [1, 1]},
								"down": {"uv": [119, 91], "uv_size": [1, -1]}
							}
						},
						{
							"origin": [-3.42423, 19.28448, -6.57447],
							"size": [1.44804, 0.51991, 1.79933],
							"inflate": 0.002,
							"pivot": [-2.85, 20.46952, -3.70614],
							"rotation": [28.49474, -0.04705, -179.8637],
							"uv": {
								"north": {"uv": [119, 91], "uv_size": [1, 1]},
								"east": {"uv": [117, 82], "uv_size": [2, 1]},
								"south": {"uv": [119, 92], "uv_size": [1, 1]},
								"west": {"uv": [117, 89], "uv_size": [2, 1]},
								"up": {"uv": [89, 117], "uv_size": [1, 2]},
								"down": {"uv": [117, 92], "uv_size": [1, -2]}
							}
						}
					]
				},
				{
					"name": "trigger",
					"parent": "Teuing2",
					"pivot": [-2.35, 20.46952, -6.70614],
					"cubes": [
						{
							"origin": [-1.92423, 17.28448, -7.57447],
							"size": [0.44804, 0.51991, 1.79933],
							"inflate": 0.002,
							"pivot": [-2.35, 18.46952, -4.70614],
							"rotation": [28.49474, -0.04705, -179.8637],
							"uv": {
								"north": {"uv": [93, 119], "uv_size": [1, 1]},
								"east": {"uv": [117, 92], "uv_size": [2, 1]},
								"south": {"uv": [119, 93], "uv_size": [1, 1]},
								"west": {"uv": [117, 93], "uv_size": [2, 1]},
								"up": {"uv": [117, 94], "uv_size": [1, 2]},
								"down": {"uv": [99, 119], "uv_size": [1, -2]}
							}
						},
						{
							"origin": [-1.92423, 17.66027, -6.07871],
							"size": [0.44804, 0.49868, 1.18965],
							"inflate": 0.002,
							"pivot": [-2.35, 18.46952, -4.70614],
							"rotation": [45.99474, -0.04705, -179.8637],
							"uv": {
								"north": {"uv": [94, 119], "uv_size": [1, 1]},
								"east": {"uv": [119, 94], "uv_size": [1, 1]},
								"south": {"uv": [95, 119], "uv_size": [1, 1]},
								"west": {"uv": [119, 95], "uv_size": [1, 1]},
								"up": {"uv": [96, 119], "uv_size": [1, 1]},
								"down": {"uv": [119, 97], "uv_size": [1, -1]}
							}
						}
					]
				},
				{
					"name": "chamber",
					"parent": "gun",
					"pivot": [-3.175, 26.28504, -3.69909],
					"cubes": [
						{
							"origin": [-3.955, 25.17939, -7.02],
							"size": [1.91, 1.24121, 6.24],
							"pivot": [-3, 25.8, -3.9],
							"rotation": [45, 0, 0],
							"uv": {
								"north": {"uv": [118, 68], "uv_size": [2, 1]},
								"east": {"uv": [113, 13], "uv_size": [6, 1]},
								"south": {"uv": [118, 69], "uv_size": [2, 1]},
								"west": {"uv": [113, 14], "uv_size": [6, 1]},
								"up": {"uv": [62, 106], "uv_size": [2, 6]},
								"down": {"uv": [106, 86], "uv_size": [2, -6]}
							}
						},
						{
							"origin": [-3.955, 25.17939, -7.02],
							"size": [1.91, 1.24121, 6.24],
							"pivot": [-3, 25.8, -3.9],
							"rotation": [22.5, 0, 0],
							"uv": {
								"north": {"uv": [118, 70], "uv_size": [2, 1]},
								"east": {"uv": [113, 15], "uv_size": [6, 1]},
								"south": {"uv": [118, 74], "uv_size": [2, 1]},
								"west": {"uv": [113, 60], "uv_size": [6, 1]},
								"up": {"uv": [106, 86], "uv_size": [2, 6]},
								"down": {"uv": [106, 98], "uv_size": [2, -6]}
							}
						},
						{
							"origin": [-3.955, 22.68, -4.52061],
							"size": [1.91, 6.24, 1.24121],
							"pivot": [-3, 25.8, -3.9],
							"rotation": [0, 0, 0],
							"uv": {
								"north": {"uv": [93, 106], "uv_size": [2, 6]},
								"east": {"uv": [113, 79], "uv_size": [1, 6]},
								"south": {"uv": [95, 106], "uv_size": [2, 6]},
								"west": {"uv": [113, 85], "uv_size": [1, 6]},
								"up": {"uv": [118, 75], "uv_size": [2, 1]},
								"down": {"uv": [118, 77], "uv_size": [2, -1]}
							}
						},
						{
							"origin": [-3.955, 22.68, -4.52061],
							"size": [1.91, 6.24, 1.24121],
							"pivot": [-3, 25.8, -3.9],
							"rotation": [-22.5, 0, 0],
							"uv": {
								"north": {"uv": [97, 106], "uv_size": [2, 6]},
								"east": {"uv": [113, 91], "uv_size": [1, 6]},
								"south": {"uv": [106, 98], "uv_size": [2, 6]},
								"west": {"uv": [93, 113], "uv_size": [1, 6]},
								"up": {"uv": [118, 77], "uv_size": [2, 1]},
								"down": {"uv": [78, 119], "uv_size": [2, -1]}
							}
						},
						{
							"origin": [-4.705, 28.18, -4.02061],
							"size": [1.66, 0.49, 0.24121],
							"pivot": [-3, 25.8, -3.9],
							"rotation": [-22.5, 0, 0],
							"uv": {
								"north": {"uv": [118, 79], "uv_size": [2, 1]},
								"east": {"uv": [54, 120], "uv_size": [1, 1]},
								"south": {"uv": [118, 80], "uv_size": [2, 1]},
								"west": {"uv": [120, 54], "uv_size": [1, 1]},
								"up": {"uv": [81, 118], "uv_size": [2, 1]},
								"down": {"uv": [118, 84], "uv_size": [2, -1]}
							}
						}
					]
				},
				{
					"name": "hammer",
					"parent": "gun",
					"pivot": [-2.875, 25.78865, 1.44935],
					"rotation": [-112.5, 0, 0],
					"cubes": [
						{
							"origin": [-2.63635, 26.15763, -0.54362],
							"size": [0.77556, 1.17157, 2.7],
							"pivot": [-2.35, 26.21841, 1.25638],
							"rotation": [0, -42.5, -90],
							"uv": {
								"north": {"uv": [55, 120], "uv_size": [1, 1]},
								"east": {"uv": [116, 57], "uv_size": [3, 1]},
								"south": {"uv": [120, 55], "uv_size": [1, 1]},
								"west": {"uv": [116, 58], "uv_size": [3, 1]},
								"up": {"uv": [116, 77], "uv_size": [1, 3]},
								"down": {"uv": [116, 83], "uv_size": [1, -3]}
							}
						},
						{
							"origin": [-3.01278, 27.05019, 0.35624],
							"size": [0.52556, 1.17157, 0.7],
							"pivot": [-2.875, 27.63598, 0.95624],
							"rotation": [0, 20, -90],
							"uv": {
								"north": {"uv": [120, 58], "uv_size": [1, 1]},
								"east": {"uv": [120, 59], "uv_size": [1, 1]},
								"south": {"uv": [60, 120], "uv_size": [1, 1]},
								"west": {"uv": [120, 60], "uv_size": [1, 1]},
								"up": {"uv": [61, 120], "uv_size": [1, 1]},
								"down": {"uv": [120, 62], "uv_size": [1, -1]}
							}
						},
						{
							"origin": [-3.28778, 27.52519, -0.49376],
							"size": [0.27556, 0.27157, 0.4],
							"pivot": [-2.875, 27.63598, 0.95624],
							"rotation": [0, 20, -90],
							"uv": {
								"north": {"uv": [120, 70], "uv_size": [1, 1]},
								"east": {"uv": [120, 71], "uv_size": [1, 1]},
								"south": {"uv": [120, 72], "uv_size": [1, 1]},
								"west": {"uv": [120, 73], "uv_size": [1, 1]},
								"up": {"uv": [120, 74], "uv_size": [1, 1]},
								"down": {"uv": [120, 76], "uv_size": [1, -1]}
							}
						},
						{
							"origin": [-3.16448, 25.93956, 2.31573],
							"size": [0.77556, 1.17157, 1.95],
							"pivot": [-2.35, 26.00035, 2.28812],
							"rotation": [0, -87.5, -90],
							"uv": {
								"north": {"uv": [120, 56], "uv_size": [1, 1]},
								"east": {"uv": [118, 84], "uv_size": [2, 1]},
								"south": {"uv": [120, 57], "uv_size": [1, 1]},
								"west": {"uv": [118, 85], "uv_size": [2, 1]},
								"up": {"uv": [118, 86], "uv_size": [1, 2]},
								"down": {"uv": [90, 120], "uv_size": [1, -2]}
							}
						}
					]
				},
				{
					"name": "frame",
					"parent": "gun",
					"pivot": [-4.8, 29.475, -24.1]
				},
				{
					"name": "sight",
					"parent": "frame",
					"pivot": [-3.225, 28.775, -31],
					"cubes": [
						{
							"origin": [-6.98921, 28.34275, -20.025],
							"size": [1.51421, 0.99304, 5.5],
							"pivot": [-4.8, 27.075, -6.025],
							"rotation": [0, 0, 90],
							"uv": {
								"north": {"uv": [82, 116], "uv_size": [2, 1]},
								"east": {"uv": [92, 75], "uv_size": [6, 1]},
								"south": {"uv": [88, 116], "uv_size": [2, 1]},
								"west": {"uv": [92, 76], "uv_size": [6, 1]},
								"up": {"uv": [99, 92], "uv_size": [2, 6]},
								"down": {"uv": [99, 104], "uv_size": [2, -6]}
							}
						},
						{
							"origin": [-6.24006, 28.34275, -14.68346],
							"size": [1.46506, 0.99304, 5.75846],
							"pivot": [-4.8, 27.075, -6.025],
							"rotation": [0, 5, 90],
							"uv": {
								"north": {"uv": [97, 119], "uv_size": [1, 1]},
								"east": {"uv": [112, 106], "uv_size": [6, 1]},
								"south": {"uv": [98, 119], "uv_size": [1, 1]},
								"west": {"uv": [112, 107], "uv_size": [6, 1]},
								"up": {"uv": [109, 112], "uv_size": [1, 6]},
								"down": {"uv": [44, 119], "uv_size": [1, -6]}
							}
						}
					]
				},
				{
					"name": "frame2",
					"parent": "frame",
					"pivot": [-2.1, 27.425, 3.4],
					"cubes": [
						{
							"origin": [-2.15, 20.225, -5.3],
							"size": [1.1, 5, 8.2],
							"pivot": [-2.1, 25.925, 0.4],
							"rotation": [-27.5, 0, 0],
							"uv": {
								"north": {"uv": [94, 113], "uv_size": [1, 5]},
								"east": {"uv": [82, 52], "uv_size": [8, 5]},
								"south": {"uv": [95, 113], "uv_size": [1, 5]},
								"west": {"uv": [82, 57], "uv_size": [8, 5]},
								"up": {"uv": [106, 104], "uv_size": [1, 8]},
								"down": {"uv": [40, 115], "uv_size": [1, -8]}
							}
						},
						{
							"origin": [1.79566, 21.04266, -4.9306],
							"size": [1.0868, 1.28758, 8.2],
							"pivot": [-2.1, 26.63461, 0.7694],
							"rotation": [-21.741, 17.26588, 36.65996],
							"uv": {
								"north": {"uv": [102, 118], "uv_size": [1, 1]},
								"east": {"uv": [105, 13], "uv_size": [8, 1]},
								"south": {"uv": [118, 102], "uv_size": [1, 1]},
								"west": {"uv": [105, 14], "uv_size": [8, 1]},
								"up": {"uv": [41, 107], "uv_size": [1, 8]},
								"down": {"uv": [42, 115], "uv_size": [1, -8]}
							}
						},
						{
							"origin": [-3.41569, 24.68756, -5.3],
							"size": [1.56317, 1.39896, 8.2],
							"pivot": [-2.1, 25.925, 0.4],
							"rotation": [-20.20848, -19.05681, -41.57337],
							"uv": {
								"north": {"uv": [99, 116], "uv_size": [2, 1]},
								"east": {"uv": [105, 15], "uv_size": [8, 1]},
								"south": {"uv": [103, 116], "uv_size": [2, 1]},
								"west": {"uv": [105, 60], "uv_size": [8, 1]},
								"up": {"uv": [41, 93], "uv_size": [2, 8]},
								"down": {"uv": [43, 101], "uv_size": [2, -8]}
							}
						},
						{
							"origin": [-3.62028, 23.41477, -5.3],
							"size": [1.56317, 1.39896, 8.2],
							"pivot": [-2.1, 25.925, 0.4],
							"rotation": [-20.20848, 19.05681, 41.57337],
							"uv": {
								"north": {"uv": [116, 109], "uv_size": [2, 1]},
								"east": {"uv": [105, 61], "uv_size": [8, 1]},
								"south": {"uv": [116, 110], "uv_size": [2, 1]},
								"west": {"uv": [107, 54], "uv_size": [8, 1]},
								"up": {"uv": [4, 98], "uv_size": [2, 8]},
								"down": {"uv": [6, 106], "uv_size": [2, -8]}
							}
						},
						{
							"origin": [-9.58635, 27.50236, -4.9306],
							"size": [1.25056, 1.15461, 8.2],
							"pivot": [-2.1, 26.63461, 0.7694],
							"rotation": [0, -27.5, -90],
							"uv": {
								"north": {"uv": [118, 103], "uv_size": [1, 1]},
								"east": {"uv": [107, 55], "uv_size": [8, 1]},
								"south": {"uv": [118, 104], "uv_size": [1, 1]},
								"west": {"uv": [107, 56], "uv_size": [8, 1]},
								"up": {"uv": [43, 107], "uv_size": [1, 8]},
								"down": {"uv": [107, 112], "uv_size": [1, -8]}
							}
						},
						{
							"origin": [-9.49624, 26.50236, -4.9306],
							"size": [1.25056, 1.15461, 8.2],
							"pivot": [-2.00989, 26.63461, 0.7694],
							"rotation": [0, -27.5, -90],
							"uv": {
								"north": {"uv": [119, 49], "uv_size": [1, 1]},
								"east": {"uv": [107, 59], "uv_size": [8, 1]},
								"south": {"uv": [119, 50], "uv_size": [1, 1]},
								"west": {"uv": [108, 16], "uv_size": [8, 1]},
								"up": {"uv": [110, 108], "uv_size": [1, 8]},
								"down": {"uv": [64, 119], "uv_size": [1, -8]}
							}
						},
						{
							"origin": [-3.08635, 26.79275, -0.3],
							"size": [1.27556, 0.99304, 3.2],
							"pivot": [-2.1, 25.925, 0.4],
							"rotation": [0, -27.5, -90],
							"uv": {
								"north": {"uv": [25, 119], "uv_size": [1, 1]},
								"east": {"uv": [115, 59], "uv_size": [3, 1]},
								"south": {"uv": [119, 25], "uv_size": [1, 1]},
								"west": {"uv": [115, 108], "uv_size": [3, 1]},
								"up": {"uv": [115, 109], "uv_size": [1, 3]},
								"down": {"uv": [115, 116], "uv_size": [1, -3]}
							}
						},
						{
							"origin": [-3.08635, 25.86421, -0.3],
							"size": [1.27556, 0.92157, 3.2],
							"pivot": [-2.1, 25.925, 0.4],
							"rotation": [0, -27.5, -90],
							"uv": {
								"north": {"uv": [28, 119], "uv_size": [1, 1]},
								"east": {"uv": [116, 16], "uv_size": [3, 1]},
								"south": {"uv": [35, 119], "uv_size": [1, 1]},
								"west": {"uv": [116, 20], "uv_size": [3, 1]},
								"up": {"uv": [116, 21], "uv_size": [1, 3]},
								"down": {"uv": [25, 119], "uv_size": [1, -3]}
							}
						},
						{
							"origin": [-3.08635, 26.79275, -1.4],
							"size": [1.27556, 0.99304, 0.4],
							"pivot": [-2.1, 25.925, 0.4],
							"rotation": [0, -27.5, -90],
							"uv": {
								"north": {"uv": [66, 120], "uv_size": [1, 1]},
								"east": {"uv": [120, 66], "uv_size": [1, 1]},
								"south": {"uv": [67, 120], "uv_size": [1, 1]},
								"west": {"uv": [120, 67], "uv_size": [1, 1]},
								"up": {"uv": [120, 68], "uv_size": [1, 1]},
								"down": {"uv": [120, 70], "uv_size": [1, -1]}
							}
						},
						{
							"origin": [-3.08635, 27.29275, -1],
							"size": [1.27556, 0.49304, 0.7],
							"pivot": [-2.1, 25.925, 0.4],
							"rotation": [0, -27.5, -90],
							"uv": {
								"north": {"uv": [120, 76], "uv_size": [1, 1]},
								"east": {"uv": [120, 77], "uv_size": [1, 1]},
								"south": {"uv": [78, 120], "uv_size": [1, 1]},
								"west": {"uv": [120, 78], "uv_size": [1, 1]},
								"up": {"uv": [79, 120], "uv_size": [1, 1]},
								"down": {"uv": [120, 80], "uv_size": [1, -1]}
							}
						},
						{
							"origin": [-3.08635, 25.86421, -1.4],
							"size": [1.27556, 0.92157, 0.4],
							"pivot": [-2.1, 25.925, 0.4],
							"rotation": [0, -27.5, -90],
							"uv": {
								"north": {"uv": [62, 120], "uv_size": [1, 1]},
								"east": {"uv": [63, 120], "uv_size": [1, 1]},
								"south": {"uv": [64, 120], "uv_size": [1, 1]},
								"west": {"uv": [120, 64], "uv_size": [1, 1]},
								"up": {"uv": [65, 120], "uv_size": [1, 1]},
								"down": {"uv": [120, 66], "uv_size": [1, -1]}
							}
						},
						{
							"origin": [-3.08635, 25.86421, -1],
							"size": [1.27556, 0.42157, 0.7],
							"pivot": [-2.1, 25.925, 0.4],
							"rotation": [0, -27.5, -90],
							"uv": {
								"north": {"uv": [80, 120], "uv_size": [1, 1]},
								"east": {"uv": [120, 80], "uv_size": [1, 1]},
								"south": {"uv": [81, 120], "uv_size": [1, 1]},
								"west": {"uv": [120, 81], "uv_size": [1, 1]},
								"up": {"uv": [82, 120], "uv_size": [1, 1]},
								"down": {"uv": [120, 83], "uv_size": [1, -1]}
							}
						},
						{
							"origin": [-4.95, 20.225, -5.3],
							"size": [1.1, 5, 8.2],
							"pivot": [-2.1, 25.925, 0.4],
							"rotation": [-27.5, 0, 0],
							"uv": {
								"north": {"uv": [96, 113], "uv_size": [1, 5]},
								"east": {"uv": [68, 85], "uv_size": [8, 5]},
								"south": {"uv": [97, 113], "uv_size": [1, 5]},
								"west": {"uv": [76, 85], "uv_size": [8, 5]},
								"up": {"uv": [45, 108], "uv_size": [1, 8]},
								"down": {"uv": [108, 88], "uv_size": [1, -8]}
							}
						},
						{
							"origin": [-8.46135, 22.19968, -4.9306],
							"size": [1.0868, 1.28758, 8.2],
							"pivot": [-2.1, 26.63461, 0.7694],
							"rotation": [-21.741, -17.26588, -36.65996],
							"uv": {
								"north": {"uv": [105, 118], "uv_size": [1, 1]},
								"east": {"uv": [107, 57], "uv_size": [8, 1]},
								"south": {"uv": [118, 105], "uv_size": [1, 1]},
								"west": {"uv": [107, 58], "uv_size": [8, 1]},
								"up": {"uv": [108, 88], "uv_size": [1, 8]},
								"down": {"uv": [108, 104], "uv_size": [1, -8]}
							}
						}
					]
				},
				{
					"name": "frame4",
					"parent": "frame",
					"pivot": [-2.99643, 25.13453, -1.42703],
					"rotation": [27.5, 0, 0],
					"cubes": [
						{
							"origin": [-2.15, 22.05, -6.55],
							"size": [1.1, 5.8, 3.95],
							"pivot": [-2.1, 28.55, -0.1],
							"rotation": [-27.5, 0, 0],
							"uv": {
								"north": {"uv": [67, 111], "uv_size": [1, 6]},
								"east": {"uv": [25, 93], "uv_size": [4, 6]},
								"south": {"uv": [4, 112], "uv_size": [1, 6]},
								"west": {"uv": [29, 93], "uv_size": [4, 6]},
								"up": {"uv": [33, 114], "uv_size": [1, 4]},
								"down": {"uv": [34, 118], "uv_size": [1, -4]}
							}
						},
						{
							"origin": [1.79566, 22.95805, -6.55],
							"size": [1.0868, 1.28758, 3.95],
							"pivot": [-2.1, 28.55, -0.1],
							"rotation": [-21.741, 17.26588, 36.65996],
							"uv": {
								"north": {"uv": [36, 119], "uv_size": [1, 1]},
								"east": {"uv": [114, 18], "uv_size": [4, 1]},
								"south": {"uv": [37, 119], "uv_size": [1, 1]},
								"west": {"uv": [35, 114], "uv_size": [4, 1]},
								"up": {"uv": [39, 114], "uv_size": [1, 4]},
								"down": {"uv": [114, 83], "uv_size": [1, -4]}
							}
						},
						{
							"origin": [-3.41569, 27.31256, -6.55],
							"size": [1.56317, 1.39896, 3.95],
							"pivot": [-2.1, 28.55, -0.1],
							"rotation": [-20.20848, -19.05681, -41.57337],
							"uv": {
								"north": {"uv": [117, 22], "uv_size": [2, 1]},
								"east": {"uv": [114, 83], "uv_size": [4, 1]},
								"south": {"uv": [117, 23], "uv_size": [2, 1]},
								"west": {"uv": [114, 84], "uv_size": [4, 1]},
								"up": {"uv": [109, 96], "uv_size": [2, 4]},
								"down": {"uv": [109, 104], "uv_size": [2, -4]}
							}
						},
						{
							"origin": [-3.62028, 26.03977, -6.55],
							"size": [1.56317, 1.39896, 3.95],
							"pivot": [-2.1, 28.55, -0.1],
							"rotation": [-20.20848, 19.05681, 41.57337],
							"uv": {
								"north": {"uv": [117, 24], "uv_size": [2, 1]},
								"east": {"uv": [114, 85], "uv_size": [4, 1]},
								"south": {"uv": [117, 25], "uv_size": [2, 1]},
								"west": {"uv": [114, 86], "uv_size": [4, 1]},
								"up": {"uv": [101, 110], "uv_size": [2, 4]},
								"down": {"uv": [110, 108], "uv_size": [2, -4]}
							}
						},
						{
							"origin": [4.13579, 27.61775, -6.55],
							"size": [1.25056, 1.15461, 3.95],
							"pivot": [-2.1, 28.55, -0.1],
							"rotation": [0, 27.5, 90],
							"uv": {
								"north": {"uv": [38, 119], "uv_size": [1, 1]},
								"east": {"uv": [114, 87], "uv_size": [4, 1]},
								"south": {"uv": [42, 119], "uv_size": [1, 1]},
								"west": {"uv": [114, 88], "uv_size": [4, 1]},
								"up": {"uv": [114, 89], "uv_size": [1, 4]},
								"down": {"uv": [114, 97], "uv_size": [1, -4]}
							}
						},
						{
							"origin": [-9.58635, 29.41775, -6.55],
							"size": [1.25056, 1.15461, 3.95],
							"pivot": [-2.1, 28.55, -0.1],
							"rotation": [0, -27.5, -90],
							"uv": {
								"north": {"uv": [43, 119], "uv_size": [1, 1]},
								"east": {"uv": [114, 97], "uv_size": [4, 1]},
								"south": {"uv": [44, 119], "uv_size": [1, 1]},
								"west": {"uv": [114, 98], "uv_size": [4, 1]},
								"up": {"uv": [101, 114], "uv_size": [1, 4]},
								"down": {"uv": [102, 118], "uv_size": [1, -4]}
							}
						},
						{
							"origin": [-3.08635, 29.41775, -6.55],
							"size": [1.27556, 0.99304, 3.95],
							"pivot": [-2.1, 28.55, -0.1],
							"rotation": [0, -27.5, -90],
							"uv": {
								"north": {"uv": [119, 44], "uv_size": [1, 1]},
								"east": {"uv": [114, 99], "uv_size": [4, 1]},
								"south": {"uv": [45, 119], "uv_size": [1, 1]},
								"west": {"uv": [114, 100], "uv_size": [4, 1]},
								"up": {"uv": [114, 108], "uv_size": [1, 4]},
								"down": {"uv": [111, 118], "uv_size": [1, -4]}
							}
						},
						{
							"origin": [-3.08635, 28.48921, -6.55],
							"size": [1.27556, 0.92157, 3.95],
							"pivot": [-2.1, 28.55, -0.1],
							"rotation": [0, -27.5, -90],
							"uv": {
								"north": {"uv": [119, 45], "uv_size": [1, 1]},
								"east": {"uv": [114, 101], "uv_size": [4, 1]},
								"south": {"uv": [119, 46], "uv_size": [1, 1]},
								"west": {"uv": [114, 112], "uv_size": [4, 1]},
								"up": {"uv": [112, 114], "uv_size": [1, 4]},
								"down": {"uv": [114, 117], "uv_size": [1, -4]}
							}
						},
						{
							"origin": [-4.95, 22.05, -6.55],
							"size": [1.1, 5.8, 3.95],
							"pivot": [-2.1, 28.55, -0.1],
							"rotation": [-27.5, 0, 0],
							"uv": {
								"north": {"uv": [5, 112], "uv_size": [1, 6]},
								"east": {"uv": [33, 93], "uv_size": [4, 6]},
								"south": {"uv": [6, 112], "uv_size": [1, 6]},
								"west": {"uv": [37, 93], "uv_size": [4, 6]},
								"up": {"uv": [35, 115], "uv_size": [1, 4]},
								"down": {"uv": [36, 119], "uv_size": [1, -4]}
							}
						},
						{
							"origin": [-8.46135, 24.11507, -6.55],
							"size": [1.0868, 1.28758, 3.95],
							"pivot": [-2.1, 28.55, -0.1],
							"rotation": [-21.741, -17.26588, -36.65996],
							"uv": {
								"north": {"uv": [119, 47], "uv_size": [1, 1]},
								"east": {"uv": [40, 115], "uv_size": [4, 1]},
								"south": {"uv": [119, 48], "uv_size": [1, 1]},
								"west": {"uv": [115, 54], "uv_size": [4, 1]},
								"up": {"uv": [37, 115], "uv_size": [1, 4]},
								"down": {"uv": [38, 119], "uv_size": [1, -4]}
							}
						}
					]
				},
				{
					"name": "frame3",
					"parent": "frame",
					"pivot": [-2.1, 24.525, 8.9],
					"rotation": [2.5, 0, 0],
					"cubes": [
						{
							"origin": [-2.19574, 16.70293, 0.20225],
							"size": [1.1, 5.18521, 11.96975],
							"pivot": [-3.06743, 19.3119, 6.19791],
							"rotation": [-30, 0, 0],
							"uv": {
								"north": {"uv": [113, 97], "uv_size": [1, 5]},
								"east": {"uv": [64, 80], "uv_size": [12, 5]},
								"south": {"uv": [98, 113], "uv_size": [1, 5]},
								"west": {"uv": [80, 72], "uv_size": [12, 5]},
								"up": {"uv": [44, 101], "uv_size": [1, 12]},
								"down": {"uv": [101, 110], "uv_size": [1, -12]}
							}
						},
						{
							"origin": [-1.02802, 17.42461, 0.20225],
							"size": [1.148, 1.15609, 11.96975],
							"pivot": [-3.06743, 19.3119, 6.19791],
							"rotation": [-23.85865, 18.74724, 36.00521],
							"uv": {
								"north": {"uv": [119, 12], "uv_size": [1, 1]},
								"east": {"uv": [99, 19], "uv_size": [12, 1]},
								"south": {"uv": [119, 13], "uv_size": [1, 1]},
								"west": {"uv": [102, 20], "uv_size": [12, 1]},
								"up": {"uv": [102, 98], "uv_size": [1, 12]},
								"down": {"uv": [103, 104], "uv_size": [1, -12]}
							}
						},
						{
							"origin": [-0.91269, 19.73939, 0.20225],
							"size": [1.06113, 1.39829, 11.96975],
							"pivot": [-3.06743, 19.3119, 6.19791],
							"rotation": [-22.20765, -20.70481, -40.89339],
							"uv": {
								"north": {"uv": [119, 14], "uv_size": [1, 1]},
								"east": {"uv": [102, 21], "uv_size": [12, 1]},
								"south": {"uv": [119, 15], "uv_size": [1, 1]},
								"west": {"uv": [102, 22], "uv_size": [12, 1]},
								"up": {"uv": [104, 92], "uv_size": [1, 12]},
								"down": {"uv": [99, 116], "uv_size": [1, -12]}
							}
						},
						{
							"origin": [-6.25197, 19.64669, 0.2454],
							"size": [1.06046, 1.52167, 11.9266],
							"pivot": [-3.06743, 19.3119, 6.19791],
							"rotation": [-22.20765, 20.70481, 40.89339],
							"uv": {
								"north": {"uv": [40, 99], "uv_size": [1, 2]},
								"east": {"uv": [92, 71], "uv_size": [12, 2]},
								"south": {"uv": [105, 116], "uv_size": [1, 2]},
								"west": {"uv": [92, 73], "uv_size": [12, 2]},
								"up": {"uv": [100, 104], "uv_size": [1, 12]},
								"down": {"uv": [103, 116], "uv_size": [1, -12]}
							}
						},
						{
							"origin": [-0.81789, 19.36585, 0.20225],
							"size": [1.24504, 1.17463, 11.96975],
							"pivot": [-3.06743, 19.3119, 6.19791],
							"rotation": [0, 30, 90],
							"uv": {
								"north": {"uv": [119, 16], "uv_size": [1, 1]},
								"east": {"uv": [102, 23], "uv_size": [12, 1]},
								"south": {"uv": [119, 17], "uv_size": [1, 1]},
								"west": {"uv": [104, 71], "uv_size": [12, 1]},
								"up": {"uv": [104, 104], "uv_size": [1, 12]},
								"down": {"uv": [0, 117], "uv_size": [1, -12]}
							}
						},
						{
							"origin": [-6.56202, 19.25796, 0.20225],
							"size": [1.24504, 1.15887, 11.96975],
							"pivot": [-3.06743, 19.3119, 6.19791],
							"rotation": [0, -30, -90],
							"uv": {
								"north": {"uv": [119, 18], "uv_size": [1, 1]},
								"east": {"uv": [104, 72], "uv_size": [12, 1]},
								"south": {"uv": [119, 19], "uv_size": [1, 1]},
								"west": {"uv": [104, 73], "uv_size": [12, 1]},
								"up": {"uv": [1, 105], "uv_size": [1, 12]},
								"down": {"uv": [2, 117], "uv_size": [1, -12]}
							}
						},
						{
							"origin": [-6.63195, 19.30135, 0.2454],
							"size": [1.3849, 0.99304, 11.9266],
							"pivot": [-3.06743, 19.3119, 6.19791],
							"rotation": [0, 30, 90],
							"uv": {
								"north": {"uv": [20, 119], "uv_size": [1, 1]},
								"east": {"uv": [104, 74], "uv_size": [12, 1]},
								"south": {"uv": [119, 20], "uv_size": [1, 1]},
								"west": {"uv": [104, 75], "uv_size": [12, 1]},
								"up": {"uv": [3, 105], "uv_size": [1, 12]},
								"down": {"uv": [78, 117], "uv_size": [1, -12]}
							}
						},
						{
							"origin": [-6.63195, 18.37281, 0.2454],
							"size": [1.3849, 0.99304, 11.9266],
							"pivot": [-3.06743, 19.3119, 6.19791],
							"rotation": [0, 30, 90],
							"uv": {
								"north": {"uv": [21, 119], "uv_size": [1, 1]},
								"east": {"uv": [104, 76], "uv_size": [12, 1]},
								"south": {"uv": [119, 21], "uv_size": [1, 1]},
								"west": {"uv": [104, 77], "uv_size": [12, 1]},
								"up": {"uv": [79, 105], "uv_size": [1, 12]},
								"down": {"uv": [80, 117], "uv_size": [1, -12]}
							}
						},
						{
							"origin": [-5.08251, 16.89291, 0.2454],
							"size": [1.18677, 4.90753, 11.9266],
							"pivot": [-3.06743, 19.3119, 6.19791],
							"rotation": [-30, 0, 0],
							"uv": {
								"north": {"uv": [113, 108], "uv_size": [1, 5]},
								"east": {"uv": [76, 80], "uv_size": [12, 5]},
								"south": {"uv": [113, 113], "uv_size": [1, 5]},
								"west": {"uv": [81, 12], "uv_size": [12, 5]},
								"up": {"uv": [105, 80], "uv_size": [1, 12]},
								"down": {"uv": [81, 117], "uv_size": [1, -12]}
							}
						},
						{
							"origin": [-6.16598, 17.33816, 0.2454],
							"size": [1.09236, 1.41595, 11.9266],
							"pivot": [-3.06743, 19.3119, 6.19791],
							"rotation": [-23.85865, -18.74724, -36.00521],
							"uv": {
								"north": {"uv": [22, 119], "uv_size": [1, 1]},
								"east": {"uv": [104, 78], "uv_size": [12, 1]},
								"south": {"uv": [119, 22], "uv_size": [1, 1]},
								"west": {"uv": [105, 12], "uv_size": [12, 1]},
								"up": {"uv": [105, 92], "uv_size": [1, 12]},
								"down": {"uv": [105, 116], "uv_size": [1, -12]}
							}
						}
					]
				},
				{
					"name": "stock",
					"parent": "frame",
					"pivot": [-2.1, 16.525, 27.9],
					"cubes": [
						{
							"origin": [-3.375, 14.625, 8.87785],
							"size": [2.3625, 5.9, 40.08977],
							"pivot": [-3.24669, 15.4372, 9.77401],
							"rotation": [-25, 0, 0],
							"uv": {
								"north": {"uv": [93, 100], "uv_size": [2, 6]},
								"east": {"uv": [0, 0], "uv_size": [40, 6]},
								"south": {"uv": [95, 100], "uv_size": [2, 6]},
								"west": {"uv": [0, 6], "uv_size": [40, 6]},
								"up": {"uv": [20, 52], "uv_size": [2, 40]},
								"down": {"uv": [22, 92], "uv_size": [2, -40]}
							}
						},
						{
							"origin": [-3.375, 20.075, 25.725],
							"size": [2.2625, 2.85, 25.66477],
							"pivot": [-2.325, 20.675, 12],
							"rotation": [-25, 0, 0],
							"uv": {
								"north": {"uv": [111, 84], "uv_size": [2, 3]},
								"east": {"uv": [56, 52], "uv_size": [26, 3]},
								"south": {"uv": [111, 87], "uv_size": [2, 3]},
								"west": {"uv": [56, 55], "uv_size": [26, 3]},
								"up": {"uv": [4, 72], "uv_size": [2, 26]},
								"down": {"uv": [6, 98], "uv_size": [2, -26]}
							}
						},
						{
							"origin": [-3.375, 22.925, 36.55],
							"size": [2.2625, 2.925, 14.83977],
							"pivot": [-2.325, 20.675, 12],
							"rotation": [-25, 0, 0],
							"uv": {
								"north": {"uv": [111, 90], "uv_size": [2, 3]},
								"east": {"uv": [81, 20], "uv_size": [15, 3]},
								"south": {"uv": [111, 93], "uv_size": [2, 3]},
								"west": {"uv": [81, 23], "uv_size": [15, 3]},
								"up": {"uv": [78, 90], "uv_size": [2, 15]},
								"down": {"uv": [80, 105], "uv_size": [2, -15]}
							}
						},
						{
							"origin": [-3.375, 25.85, 47.55],
							"size": [2.2625, 0.92777, 3.83977],
							"pivot": [-2.325, 20.675, 12],
							"rotation": [-25, 0, 0],
							"uv": {
								"north": {"uv": [116, 111], "uv_size": [2, 1]},
								"east": {"uv": [113, 61], "uv_size": [4, 1]},
								"south": {"uv": [116, 113], "uv_size": [2, 1]},
								"west": {"uv": [114, 17], "uv_size": [4, 1]},
								"up": {"uv": [108, 104], "uv_size": [2, 4]},
								"down": {"uv": [108, 112], "uv_size": [2, -4]}
							}
						},
						{
							"origin": [-3.375, 16.375, 11.30235],
							"size": [2.2625, 3.75945, 40.32476],
							"pivot": [-2.325, 20.675, 12],
							"rotation": [-10, 0, 0],
							"uv": {
								"north": {"uv": [109, 80], "uv_size": [2, 4]},
								"east": {"uv": [48, 0], "uv_size": [40, 4]},
								"south": {"uv": [109, 84], "uv_size": [2, 4]},
								"west": {"uv": [48, 4], "uv_size": [40, 4]},
								"up": {"uv": [24, 52], "uv_size": [2, 40]},
								"down": {"uv": [26, 92], "uv_size": [2, -40]}
							}
						},
						{
							"origin": [-2.30102, 14.79482, 8.87785],
							"size": [1.21128, 1.39204, 40.08977],
							"pivot": [-3.24669, 15.4372, 9.77401],
							"rotation": [-19.65736, 15.7627, 37.25235],
							"uv": {
								"north": {"uv": [106, 118], "uv_size": [1, 1]},
								"east": {"uv": [81, 26], "uv_size": [40, 1]},
								"south": {"uv": [118, 106], "uv_size": [1, 1]},
								"west": {"uv": [81, 27], "uv_size": [40, 1]},
								"up": {"uv": [84, 85], "uv_size": [1, 40]},
								"down": {"uv": [85, 125], "uv_size": [1, -40]}
							}
						},
						{
							"origin": [-3.64069, 19.31315, 11.3],
							"size": [1.66857, 1.75318, 40.32438],
							"pivot": [-2.325, 20.675, 12],
							"rotation": [-6.92766, -6.87757, -44.58321],
							"uv": {
								"north": {"uv": [114, 20], "uv_size": [2, 2]},
								"east": {"uv": [52, 44], "uv_size": [40, 2]},
								"south": {"uv": [114, 22], "uv_size": [2, 2]},
								"west": {"uv": [52, 46], "uv_size": [40, 2]},
								"up": {"uv": [28, 52], "uv_size": [2, 40]},
								"down": {"uv": [30, 92], "uv_size": [2, -40]}
							}
						},
						{
							"origin": [-4.02842, 18.11811, 11.3],
							"size": [1.74632, 1.67543, 40.32486],
							"pivot": [-2.325, 20.675, 12],
							"rotation": [-6.92766, 6.87757, 44.58321],
							"uv": {
								"north": {"uv": [25, 114], "uv_size": [2, 2]},
								"east": {"uv": [52, 48], "uv_size": [40, 2]},
								"south": {"uv": [27, 114], "uv_size": [2, 2]},
								"west": {"uv": [52, 50], "uv_size": [40, 2]},
								"up": {"uv": [32, 52], "uv_size": [2, 40]},
								"down": {"uv": [34, 92], "uv_size": [2, -40]}
							}
						},
						{
							"origin": [-2.69871, 15.42664, 8.87785],
							"size": [1.33058, 1.24997, 40.08977],
							"pivot": [-3.24669, 15.4372, 9.77401],
							"rotation": [0, 25, 90],
							"uv": {
								"north": {"uv": [107, 118], "uv_size": [1, 1]},
								"east": {"uv": [82, 62], "uv_size": [40, 1]},
								"south": {"uv": [118, 107], "uv_size": [1, 1]},
								"west": {"uv": [82, 63], "uv_size": [40, 1]},
								"up": {"uv": [86, 85], "uv_size": [1, 40]},
								"down": {"uv": [87, 125], "uv_size": [1, -40]}
							}
						},
						{
							"origin": [-2.93921, 19.74275, 11.25],
							"size": [1.53921, 0.99304, 40.375],
							"pivot": [-2.325, 20.675, 12],
							"rotation": [0, 9.75, 90],
							"uv": {
								"north": {"uv": [116, 114], "uv_size": [2, 1]},
								"east": {"uv": [88, 0], "uv_size": [40, 1]},
								"south": {"uv": [115, 116], "uv_size": [2, 1]},
								"west": {"uv": [88, 1], "uv_size": [40, 1]},
								"up": {"uv": [36, 52], "uv_size": [2, 40]},
								"down": {"uv": [38, 92], "uv_size": [2, -40]}
							}
						},
						{
							"origin": [-5.4375, 14.625, 8.87785],
							"size": [2.3625, 5.9, 40.08977],
							"pivot": [-3.24669, 15.4372, 9.77401],
							"rotation": [-25, 0, 0],
							"uv": {
								"north": {"uv": [97, 100], "uv_size": [2, 6]},
								"east": {"uv": [0, 12], "uv_size": [40, 6]},
								"south": {"uv": [40, 101], "uv_size": [2, 6]},
								"west": {"uv": [0, 18], "uv_size": [40, 6]},
								"up": {"uv": [40, 52], "uv_size": [2, 40]},
								"down": {"uv": [42, 92], "uv_size": [2, -40]}
							}
						},
						{
							"origin": [-5.05, 19.74275, 11.25],
							"size": [1.53921, 0.99304, 40.375],
							"pivot": [-4.125, 20.675, 12],
							"rotation": [0, -9.75, -90],
							"uv": {
								"north": {"uv": [116, 115], "uv_size": [2, 1]},
								"east": {"uv": [88, 2], "uv_size": [40, 1]},
								"south": {"uv": [0, 117], "uv_size": [2, 1]},
								"west": {"uv": [88, 3], "uv_size": [40, 1]},
								"up": {"uv": [44, 52], "uv_size": [2, 40]},
								"down": {"uv": [46, 92], "uv_size": [2, -40]}
							}
						},
						{
							"origin": [-5.3375, 20.075, 25.725],
							"size": [2.2625, 2.85, 25.66477],
							"pivot": [-4.125, 20.675, 12],
							"rotation": [-25, 0, 0],
							"uv": {
								"north": {"uv": [111, 96], "uv_size": [2, 3]},
								"east": {"uv": [56, 58], "uv_size": [26, 3]},
								"south": {"uv": [111, 99], "uv_size": [2, 3]},
								"west": {"uv": [56, 61], "uv_size": [26, 3]},
								"up": {"uv": [64, 85], "uv_size": [2, 26]},
								"down": {"uv": [66, 111], "uv_size": [2, -26]}
							}
						},
						{
							"origin": [-5.3375, 25.85, 45.55],
							"size": [2.2625, 0.92777, 5.83977],
							"pivot": [-4.125, 20.675, 12],
							"rotation": [-25, 0, 0],
							"uv": {
								"north": {"uv": [2, 117], "uv_size": [2, 1]},
								"east": {"uv": [111, 19], "uv_size": [6, 1]},
								"south": {"uv": [117, 12], "uv_size": [2, 1]},
								"west": {"uv": [111, 24], "uv_size": [6, 1]},
								"up": {"uv": [42, 101], "uv_size": [2, 6]},
								"down": {"uv": [101, 98], "uv_size": [2, -6]}
							}
						},
						{
							"origin": [-5.3375, 22.925, 33.55],
							"size": [2.2625, 2.925, 17.83977],
							"pivot": [-4.125, 20.675, 12],
							"rotation": [-25, 0, 0],
							"uv": {
								"north": {"uv": [111, 108], "uv_size": [2, 3]},
								"east": {"uv": [80, 77], "uv_size": [18, 3]},
								"south": {"uv": [111, 111], "uv_size": [2, 3]},
								"west": {"uv": [81, 17], "uv_size": [18, 3]},
								"up": {"uv": [60, 88], "uv_size": [2, 18]},
								"down": {"uv": [62, 106], "uv_size": [2, -18]}
							}
						},
						{
							"origin": [-5.37041, 14.76693, 8.87785],
							"size": [1.21128, 1.39204, 40.08977],
							"pivot": [-3.24669, 15.4372, 9.77401],
							"rotation": [-19.65736, -15.7627, -37.25235],
							"uv": {
								"north": {"uv": [108, 118], "uv_size": [1, 1]},
								"east": {"uv": [88, 4], "uv_size": [40, 1]},
								"south": {"uv": [118, 108], "uv_size": [1, 1]},
								"west": {"uv": [88, 5], "uv_size": [40, 1]},
								"up": {"uv": [56, 88], "uv_size": [1, 40]},
								"down": {"uv": [57, 128], "uv_size": [1, -40]}
							}
						},
						{
							"origin": [-5.12525, 15.38325, 8.87785],
							"size": [1.33058, 1.24997, 40.08977],
							"pivot": [-3.24669, 15.4372, 9.77401],
							"rotation": [0, -25, -90],
							"uv": {
								"north": {"uv": [109, 118], "uv_size": [1, 1]},
								"east": {"uv": [88, 6], "uv_size": [40, 1]},
								"south": {"uv": [118, 109], "uv_size": [1, 1]},
								"west": {"uv": [88, 7], "uv_size": [40, 1]},
								"up": {"uv": [58, 88], "uv_size": [1, 40]},
								"down": {"uv": [59, 128], "uv_size": [1, -40]}
							}
						},
						{
							"origin": [-5.3375, 16.375, 11.30235],
							"size": [2.2625, 3.86941, 40.32476],
							"pivot": [-4.125, 20.675, 12],
							"rotation": [-10, 0, 0],
							"uv": {
								"north": {"uv": [109, 88], "uv_size": [2, 4]},
								"east": {"uv": [8, 48], "uv_size": [40, 4]},
								"south": {"uv": [109, 92], "uv_size": [2, 4]},
								"west": {"uv": [48, 8], "uv_size": [40, 4]},
								"up": {"uv": [52, 52], "uv_size": [2, 40]},
								"down": {"uv": [54, 92], "uv_size": [2, -40]}
							}
						}
					]
				},
				{
					"name": "Barrel",
					"parent": "gun",
					"pivot": [-4.17652, 26.89846, -37.002],
					"cubes": [
						{
							"origin": [-2.22582, 27.0646, -100.677],
							"size": [0.61313, 1.02589, 94.25],
							"uv": {
								"north": {"uv": [110, 118], "uv_size": [1, 1]},
								"east": {"uv": [48, 28], "uv_size": [94, 1]},
								"south": {"uv": [118, 110], "uv_size": [1, 1]},
								"west": {"uv": [48, 29], "uv_size": [94, 1]},
								"up": {"uv": [48, 30], "uv_size": [1, 94]},
								"down": {"uv": [49, 124], "uv_size": [1, -94]}
							}
						},
						{
							"origin": [-4.37885, 27.03989, -100.677],
							"size": [0.60467, 1.14213, 94.25],
							"uv": {
								"north": {"uv": [111, 118], "uv_size": [1, 1]},
								"east": {"uv": [50, 30], "uv_size": [94, 1]},
								"south": {"uv": [118, 111], "uv_size": [1, 1]},
								"west": {"uv": [50, 31], "uv_size": [94, 1]},
								"up": {"uv": [50, 32], "uv_size": [1, 94]},
								"down": {"uv": [51, 126], "uv_size": [1, -94]}
							}
						},
						{
							"origin": [-1.87149, 26.09398, -100.679],
							"size": [0.55074, 1.38087, 94.25],
							"inflate": -0.002,
							"pivot": [-3.8171, 26.75171, -18.929],
							"rotation": [0, 0, -46],
							"uv": {
								"north": {"uv": [112, 118], "uv_size": [1, 1]},
								"east": {"uv": [52, 32], "uv_size": [94, 1]},
								"south": {"uv": [118, 112], "uv_size": [1, 1]},
								"west": {"uv": [52, 33], "uv_size": [94, 1]},
								"up": {"uv": [8, 52], "uv_size": [1, 94]},
								"down": {"uv": [9, 146], "uv_size": [1, -94]}
							}
						},
						{
							"origin": [-4.73061, 26.16365, -100.679],
							"size": [0.6021, 1.25799, 94.25],
							"inflate": -0.002,
							"pivot": [-2.1829, 26.75171, -18.929],
							"rotation": [0, 0, 46],
							"uv": {
								"north": {"uv": [113, 118], "uv_size": [1, 1]},
								"east": {"uv": [52, 34], "uv_size": [94, 1]},
								"south": {"uv": [118, 113], "uv_size": [1, 1]},
								"west": {"uv": [52, 35], "uv_size": [94, 1]},
								"up": {"uv": [10, 52], "uv_size": [1, 94]},
								"down": {"uv": [11, 146], "uv_size": [1, -94]}
							}
						},
						{
							"origin": [-3.46885, 28.425, -100.675],
							"size": [0.86373, 0.61994, 94.25],
							"inflate": 0.002,
							"uv": {
								"north": {"uv": [118, 114], "uv_size": [1, 1]},
								"east": {"uv": [52, 36], "uv_size": [94, 1]},
								"south": {"uv": [118, 115], "uv_size": [1, 1]},
								"west": {"uv": [52, 37], "uv_size": [94, 1]},
								"up": {"uv": [12, 52], "uv_size": [1, 94]},
								"down": {"uv": [13, 146], "uv_size": [1, -94]}
							}
						},
						{
							"origin": [-3.49086, 26.1863, -100.675],
							"size": [0.96459, 0.54111, 94.25],
							"inflate": 0.002,
							"uv": {
								"north": {"uv": [118, 116], "uv_size": [1, 1]},
								"east": {"uv": [52, 38], "uv_size": [94, 1]},
								"south": {"uv": [117, 118], "uv_size": [1, 1]},
								"west": {"uv": [52, 39], "uv_size": [94, 1]},
								"up": {"uv": [14, 52], "uv_size": [1, 94]},
								"down": {"uv": [15, 146], "uv_size": [1, -94]}
							}
						},
						{
							"origin": [-4.00202, 26.12231, -100.679],
							"size": [0.45132, 1.23567, 94.25],
							"inflate": -0.002,
							"pivot": [-3.8171, 26.75171, -18.929],
							"rotation": [0, 0, -46],
							"uv": {
								"north": {"uv": [118, 117], "uv_size": [1, 1]},
								"east": {"uv": [52, 40], "uv_size": [94, 1]},
								"south": {"uv": [118, 118], "uv_size": [1, 1]},
								"west": {"uv": [52, 41], "uv_size": [94, 1]},
								"up": {"uv": [16, 52], "uv_size": [1, 94]},
								"down": {"uv": [17, 146], "uv_size": [1, -94]}
							}
						},
						{
							"origin": [-2.4993, 26.10999, -100.679],
							"size": [0.48942, 1.27124, 94.25],
							"inflate": -0.002,
							"pivot": [-2.1829, 26.75171, -18.929],
							"rotation": [0, 0, 46],
							"uv": {
								"north": {"uv": [4, 119], "uv_size": [1, 1]},
								"east": {"uv": [52, 42], "uv_size": [94, 1]},
								"south": {"uv": [5, 119], "uv_size": [1, 1]},
								"west": {"uv": [52, 43], "uv_size": [94, 1]},
								"up": {"uv": [18, 52], "uv_size": [1, 94]},
								"down": {"uv": [19, 146], "uv_size": [1, -94]}
							}
						}
					]
				},
				{
					"name": "sight2",
					"parent": "Barrel",
					"pivot": [0.3171, 31.00171, -14.929],
					"cubes": [
						{
							"origin": [-1.50562, 33.1701, -19.41036],
							"size": [1.21157, 0.58011, 14.37182],
							"inflate": 0.002,
							"pivot": [-0.80937, 31.98801, -22.15365],
							"rotation": [0, 0, -42.5],
							"uv": {
								"north": {"uv": [254.93036, 111], "uv_size": [1.06964, 0.60023]},
								"east": {"uv": [163.93036, 72], "uv_size": [42.65438, 0.60023]},
								"south": {"uv": [223.93036, 143], "uv_size": [1.06964, 0.60023]},
								"west": {"uv": [163.93036, 73], "uv_size": [42.65438, 0.60023]},
								"up": {"uv": [153.93036, 64], "uv_size": [1.06964, 42.65438]},
								"down": {"uv": [154.93036, 106.65438], "uv_size": [1.06964, -42.65438]}
							}
						},
						{
							"origin": [-1.61783, 33.13492, -19.41036],
							"size": [1.61693, 0.50129, 14.37182],
							"inflate": 0.002,
							"uv": {
								"north": {"uv": [254.93036, 112], "uv_size": [1.06964, 0.60023]},
								"east": {"uv": [163.93036, 74], "uv_size": [42.65438, 0.60023]},
								"south": {"uv": [224.93036, 143], "uv_size": [1.06964, 0.60023]},
								"west": {"uv": [163.93036, 75], "uv_size": [42.65438, 0.60023]},
								"up": {"uv": [155.93036, 64], "uv_size": [1.06964, 42.65438]},
								"down": {"uv": [156.93036, 106.65438], "uv_size": [1.06964, -42.65438]}
							}
						},
						{
							"origin": [-1.32469, 33.1701, -19.41036],
							"size": [1.21157, 0.58011, 14.37182],
							"inflate": 0.002,
							"pivot": [-0.80937, 31.98801, -22.15365],
							"rotation": [0, 0, 42.5],
							"uv": {
								"north": {"uv": [254.93036, 113], "uv_size": [1.06964, 0.60023]},
								"east": {"uv": [163.93036, 76], "uv_size": [42.65438, 0.60023]},
								"south": {"uv": [225.93036, 143], "uv_size": [1.06964, 0.60023]},
								"west": {"uv": [163.93036, 77], "uv_size": [42.65438, 0.60023]},
								"up": {"uv": [157.93036, 64], "uv_size": [1.06964, 42.65438]},
								"down": {"uv": [158.93036, 106.65438], "uv_size": [1.06964, -42.65438]}
							}
						},
						{
							"origin": [-1.63633, 30.28333, -19.41036],
							"size": [1.65394, 0.48279, 14.37182],
							"inflate": 0.002,
							"pivot": [-0.80937, 31.98801, -22.15365],
							"rotation": [0, 0, -90],
							"uv": {
								"north": {"uv": [254.93036, 114], "uv_size": [1.06964, 0.60023]},
								"east": {"uv": [163.93036, 78], "uv_size": [42.65438, 0.60023]},
								"south": {"uv": [226.93036, 143], "uv_size": [1.06964, 0.60023]},
								"west": {"uv": [189.93036, 64], "uv_size": [42.65438, 0.60023]},
								"up": {"uv": [127.93036, 72], "uv_size": [1.06964, 42.65438]},
								"down": {"uv": [128.93036, 114.65438], "uv_size": [1.06964, -42.65438]}
							}
						},
						{
							"origin": [-1.32469, 30.22582, -19.41036],
							"size": [1.21157, 0.58011, 14.37182],
							"inflate": 0.002,
							"pivot": [-0.80937, 31.98801, -22.15365],
							"rotation": [0, 0, -42.5],
							"uv": {
								"north": {"uv": [227.93036, 143], "uv_size": [1.06964, 0.60023]},
								"east": {"uv": [189.93036, 65], "uv_size": [42.65438, 0.60023]},
								"south": {"uv": [228.93036, 143], "uv_size": [1.06964, 0.60023]},
								"west": {"uv": [189.93036, 66], "uv_size": [42.65438, 0.60023]},
								"up": {"uv": [129.93036, 72], "uv_size": [1.06964, 42.65438]},
								"down": {"uv": [130.93036, 114.65438], "uv_size": [1.06964, -42.65438]}
							}
						},
						{
							"origin": [-1.61783, 30.33981, -19.41036],
							"size": [1.61693, 0.50129, 14.37182],
							"inflate": 0.002,
							"uv": {
								"north": {"uv": [254.93036, 117], "uv_size": [1.06964, 0.60023]},
								"east": {"uv": [189.93036, 67], "uv_size": [42.65438, 0.60023]},
								"south": {"uv": [229.93036, 143], "uv_size": [1.06964, 0.60023]},
								"west": {"uv": [189.93036, 68], "uv_size": [42.65438, 0.60023]},
								"up": {"uv": [131.93036, 72], "uv_size": [1.06964, 42.65438]},
								"down": {"uv": [132.93036, 114.65438], "uv_size": [1.06964, -42.65438]}
							}
						},
						{
							"origin": [-1.50562, 30.22582, -19.41036],
							"size": [1.21157, 0.58011, 14.37182],
							"inflate": 0.002,
							"pivot": [-0.80937, 31.98801, -22.15365],
							"rotation": [0, 0, 42.5],
							"uv": {
								"north": {"uv": [254.93036, 118], "uv_size": [1.06964, 0.60023]},
								"east": {"uv": [189.93036, 69], "uv_size": [42.65438, 0.60023]},
								"south": {"uv": [230.93036, 143], "uv_size": [1.06964, 0.60023]},
								"west": {"uv": [189.93036, 70], "uv_size": [42.65438, 0.60023]},
								"up": {"uv": [133.93036, 72], "uv_size": [1.06964, 42.65438]},
								"down": {"uv": [134.93036, 114.65438], "uv_size": [1.06964, -42.65438]}
							}
						},
						{
							"origin": [-1.63633, 33.2099, -19.41036],
							"size": [1.65394, 0.48279, 14.37182],
							"inflate": 0.002,
							"pivot": [-0.80937, 31.98801, -22.15365],
							"rotation": [0, 0, -90],
							"uv": {
								"north": {"uv": [231.93036, 143], "uv_size": [1.06964, 0.60023]},
								"east": {"uv": [189.93036, 71], "uv_size": [42.65438, 0.60023]},
								"south": {"uv": [232.93036, 143], "uv_size": [1.06964, 0.60023]},
								"west": {"uv": [190.93036, 48], "uv_size": [42.65438, 0.60023]},
								"up": {"uv": [135.93036, 72], "uv_size": [1.06964, 42.65438]},
								"down": {"uv": [136.93036, 114.65438], "uv_size": [1.06964, -42.65438]}
							}
						},
						{
							"origin": [-2.11791, 30.82206, -6.2845],
							"size": [2.6, 2.325, 1],
							"uv": {
								"north": {"uv": [115, 89], "uv_size": [2, 2]},
								"east": {"uv": [118, 90], "uv_size": [1, 2]},
								"south": {"uv": [115, 91], "uv_size": [2, 2]},
								"west": {"uv": [91, 118], "uv_size": [1, 2]},
								"up": {"uv": [118, 88], "uv_size": [2, 1]},
								"down": {"uv": [94, 119], "uv_size": [2, -1]}
							}
						}
					]
				},
				{
					"name": "sight3",
					"parent": "sight2",
					"pivot": [0.26657, 31.80473, -34.52979],
					"cubes": [
						{
							"origin": [-1.40293, 32.65538, -44.44155],
							"size": [1.03281, 0.57951, 25.0342],
							"inflate": 0.002,
							"pivot": [-0.80937, 31.98801, -37.38171],
							"rotation": [0, 0, -42.5],
							"uv": {
								"north": {"uv": [254.93036, 223.39977], "uv_size": [1.06964, 0.60023]},
								"east": {"uv": [163.93036, 184.39977], "uv_size": [42.65438, 0.60023]},
								"south": {"uv": [223.93036, 255.39977], "uv_size": [1.06964, 0.60023]},
								"west": {"uv": [163.93036, 185.39977], "uv_size": [42.65438, 0.60023]},
								"up": {"uv": [153.93036, 176.39977], "uv_size": [1.06964, 42.65438]},
								"down": {"uv": [154.93036, 219.05415], "uv_size": [1.06964, -42.65438]}
							}
						},
						{
							"origin": [-1.32577, 32.62537, -44.44155],
							"size": [1.03281, 0.57951, 25.0342],
							"inflate": 0.002,
							"uv": {
								"north": {"uv": [254.93036, 224.39977], "uv_size": [1.06964, 0.60023]},
								"east": {"uv": [163.93036, 186.39977], "uv_size": [42.65438, 0.60023]},
								"south": {"uv": [224.93036, 255.39977], "uv_size": [1.06964, 0.60023]},
								"west": {"uv": [163.93036, 187.39977], "uv_size": [42.65438, 0.60023]},
								"up": {"uv": [155.93036, 176.39977], "uv_size": [1.06964, 42.65438]},
								"down": {"uv": [156.93036, 219.05415], "uv_size": [1.06964, -42.65438]}
							}
						},
						{
							"origin": [-1.24861, 32.65538, -44.44155],
							"size": [1.03281, 0.57951, 25.0342],
							"inflate": 0.002,
							"pivot": [-0.80937, 31.98801, -37.38171],
							"rotation": [0, 0, 42.5],
							"uv": {
								"north": {"uv": [254.93036, 225.39977], "uv_size": [1.06964, 0.60023]},
								"east": {"uv": [163.93036, 188.39977], "uv_size": [42.65438, 0.60023]},
								"south": {"uv": [225.93036, 255.39977], "uv_size": [1.06964, 0.60023]},
								"west": {"uv": [163.93036, 189.39977], "uv_size": [42.65438, 0.60023]},
								"up": {"uv": [157.93036, 176.39977], "uv_size": [1.06964, 42.65438]},
								"down": {"uv": [158.93036, 219.05415], "uv_size": [1.06964, -42.65438]}
							}
						},
						{
							"origin": [-1.32577, 30.70719, -44.44155],
							"size": [1.03281, 0.57951, 25.0342],
							"inflate": 0.002,
							"pivot": [-0.80937, 31.98801, -37.38171],
							"rotation": [0, 0, -90],
							"uv": {
								"north": {"uv": [254.93036, 226.39977], "uv_size": [1.06964, 0.60023]},
								"east": {"uv": [163.93036, 190.39977], "uv_size": [42.65438, 0.60023]},
								"south": {"uv": [226.93036, 255.39977], "uv_size": [1.06964, 0.60023]},
								"west": {"uv": [189.93036, 176.39977], "uv_size": [42.65438, 0.60023]},
								"up": {"uv": [127.93036, 184.39977], "uv_size": [1.06964, 42.65438]},
								"down": {"uv": [128.93036, 227.05415], "uv_size": [1.06964, -42.65438]}
							}
						},
						{
							"origin": [-1.24861, 30.74114, -44.44155],
							"size": [1.03281, 0.57951, 25.0342],
							"inflate": 0.002,
							"pivot": [-0.80937, 31.98801, -37.38171],
							"rotation": [0, 0, -42.5],
							"uv": {
								"north": {"uv": [227.93036, 255.39977], "uv_size": [1.06964, 0.60023]},
								"east": {"uv": [189.93036, 177.39977], "uv_size": [42.65438, 0.60023]},
								"south": {"uv": [228.93036, 255.39977], "uv_size": [1.06964, 0.60023]},
								"west": {"uv": [189.93036, 178.39977], "uv_size": [42.65438, 0.60023]},
								"up": {"uv": [129.93036, 184.39977], "uv_size": [1.06964, 42.65438]},
								"down": {"uv": [130.93036, 227.05415], "uv_size": [1.06964, -42.65438]}
							}
						},
						{
							"origin": [-1.32577, 30.77115, -44.44155],
							"size": [1.03281, 0.57951, 25.0342],
							"inflate": 0.002,
							"uv": {
								"north": {"uv": [254.93036, 229.39977], "uv_size": [1.06964, 0.60023]},
								"east": {"uv": [189.93036, 179.39977], "uv_size": [42.65438, 0.60023]},
								"south": {"uv": [229.93036, 255.39977], "uv_size": [1.06964, 0.60023]},
								"west": {"uv": [189.93036, 180.39977], "uv_size": [42.65438, 0.60023]},
								"up": {"uv": [131.93036, 184.39977], "uv_size": [1.06964, 42.65438]},
								"down": {"uv": [132.93036, 227.05415], "uv_size": [1.06964, -42.65438]}
							}
						},
						{
							"origin": [-1.40293, 30.74114, -44.44155],
							"size": [1.03281, 0.57951, 25.0342],
							"inflate": 0.002,
							"pivot": [-0.80937, 31.98801, -37.38171],
							"rotation": [0, 0, 42.5],
							"uv": {
								"north": {"uv": [254.93036, 230.39977], "uv_size": [1.06964, 0.60023]},
								"east": {"uv": [189.93036, 181.39977], "uv_size": [42.65438, 0.60023]},
								"south": {"uv": [230.93036, 255.39977], "uv_size": [1.06964, 0.60023]},
								"west": {"uv": [189.93036, 182.39977], "uv_size": [42.65438, 0.60023]},
								"up": {"uv": [133.93036, 184.39977], "uv_size": [1.06964, 42.65438]},
								"down": {"uv": [134.93036, 227.05415], "uv_size": [1.06964, -42.65438]}
							}
						},
						{
							"origin": [-1.32577, 32.68933, -44.44155],
							"size": [1.03281, 0.57951, 25.0342],
							"inflate": 0.002,
							"pivot": [-0.80937, 31.98801, -37.38171],
							"rotation": [0, 0, -90],
							"uv": {
								"north": {"uv": [231.93036, 255.39977], "uv_size": [1.06964, 0.60023]},
								"east": {"uv": [189.93036, 183.39977], "uv_size": [42.65438, 0.60023]},
								"south": {"uv": [232.93036, 255.39977], "uv_size": [1.06964, 0.60023]},
								"west": {"uv": [190.93036, 160.39977], "uv_size": [42.65438, 0.60023]},
								"up": {"uv": [135.93036, 184.39977], "uv_size": [1.06964, 42.65438]},
								"down": {"uv": [136.93036, 227.05415], "uv_size": [1.06964, -42.65438]}
							}
						},
						{
							"origin": [-1.67591, 31.21731, -44.0395],
							"size": [1.716, 1.5345, 0.66],
							"pivot": [-0.81791, 31.98456, -43.7095],
							"rotation": [0, 180, 0],
							"uv": {
								"north": {"uv": [115, 89], "uv_size": [2, 2]},
								"east": {"uv": [118, 90], "uv_size": [1, 2]},
								"south": {"uv": [115, 91], "uv_size": [2, 2]},
								"west": {"uv": [91, 118], "uv_size": [1, 2]},
								"up": {"uv": [118, 88], "uv_size": [2, 1]},
								"down": {"uv": [94, 119], "uv_size": [2, -1]}
							}
						}
					]
				},
				{
					"name": "ytta",
					"parent": "sight2",
					"pivot": [7.49143, 30.70686, -5.8],
					"cubes": [
						{
							"origin": [-3.84086, 37.4363, -6.075],
							"size": [0.66459, 0.54111, 2.45],
							"inflate": 0.002,
							"pivot": [7.49143, 30.70686, -5.8],
							"rotation": [0, -90, -90],
							"uv": {
								"north": {"uv": [119, 101], "uv_size": [1, 1]},
								"east": {"uv": [117, 96], "uv_size": [2, 1]},
								"south": {"uv": [102, 119], "uv_size": [1, 1]},
								"west": {"uv": [4, 118], "uv_size": [2, 1]},
								"up": {"uv": [6, 118], "uv_size": [1, 2]},
								"down": {"uv": [7, 120], "uv_size": [1, -2]}
							}
						},
						{
							"origin": [0.14495, 28.3498, -16.925],
							"size": [0.66459, 0.54111, 3.05],
							"inflate": 0.002,
							"pivot": [0.47724, 28.62036, -16.8],
							"rotation": [0, -90, -47.5],
							"uv": {
								"north": {"uv": [120, 14], "uv_size": [1, 1]},
								"east": {"uv": [26, 116], "uv_size": [3, 1]},
								"south": {"uv": [120, 15], "uv_size": [1, 1]},
								"west": {"uv": [40, 116], "uv_size": [3, 1]},
								"up": {"uv": [43, 116], "uv_size": [1, 3]},
								"down": {"uv": [45, 119], "uv_size": [1, -3]}
							}
						},
						{
							"origin": [-4.49086, 37.6863, -23.475],
							"size": [0.66459, 0.54111, 2.85],
							"inflate": 0.002,
							"pivot": [7.49143, 30.70686, -22.8],
							"rotation": [0, -90, -90],
							"uv": {
								"north": {"uv": [120, 18], "uv_size": [1, 1]},
								"east": {"uv": [116, 55], "uv_size": [3, 1]},
								"south": {"uv": [120, 19], "uv_size": [1, 1]},
								"west": {"uv": [116, 56], "uv_size": [3, 1]},
								"up": {"uv": [116, 71], "uv_size": [1, 3]},
								"down": {"uv": [116, 77], "uv_size": [1, -3]}
							}
						},
						{
							"origin": [0.40164, 28.90276, -33.825],
							"size": [0.66459, 0.54111, 2.3],
							"inflate": 0.002,
							"pivot": [0.73393, 29.17332, -34.45],
							"rotation": [0, -90, -47.5],
							"uv": {
								"north": {"uv": [120, 16], "uv_size": [1, 1]},
								"east": {"uv": [54, 118], "uv_size": [2, 1]},
								"south": {"uv": [120, 17], "uv_size": [1, 1]},
								"west": {"uv": [118, 59], "uv_size": [2, 1]},
								"up": {"uv": [60, 118], "uv_size": [1, 2]},
								"down": {"uv": [61, 120], "uv_size": [1, -2]}
							}
						},
						{
							"origin": [-1.37727, 32.75879, -34.7835],
							"size": [1.1358, 0.63747, 0.6431],
							"inflate": 0.002,
							"pivot": [-0.80937, 31.98801, -37.68571],
							"rotation": [0, 0, -90],
							"uv": {
								"north": {"uv": [120.24719, 184.7965], "uv_size": [0.3316, 0.18277]},
								"east": {"uv": [106.76264, 162.0883], "uv_size": [0.23572, 0.18277]},
								"south": {"uv": [120.56825, 184.7965], "uv_size": [0.3316, 0.18277]},
								"west": {"uv": [107.0837, 154.83429], "uv_size": [0.23572, 0.18277]},
								"up": {"uv": [89.42537, 162.40369], "uv_size": [0.3316, 0.23156]},
								"down": {"uv": [89.74643, 162.63525], "uv_size": [0.3316, -0.23156]}
							}
						},
						{
							"origin": [-1.46209, 30.61709, -34.7835],
							"size": [1.1358, 0.63747, 0.6431],
							"inflate": 0.002,
							"pivot": [-0.80937, 31.98801, -37.68571],
							"rotation": [0, 0, 42.5],
							"uv": {
								"north": {"uv": [127.63158, 176.91171], "uv_size": [0.3316, 0.18277]},
								"east": {"uv": [106.76264, 161.45752], "uv_size": [0.23572, 0.18277]},
								"south": {"uv": [119.92612, 184.7965], "uv_size": [0.3316, 0.18277]},
								"west": {"uv": [106.76264, 161.77291], "uv_size": [0.23572, 0.18277]},
								"up": {"uv": [88.78325, 162.40369], "uv_size": [0.3316, 0.23156]},
								"down": {"uv": [89.10431, 162.63525], "uv_size": [0.3316, -0.23156]}
							}
						},
						{
							"origin": [-1.37727, 30.65007, -34.7835],
							"size": [1.1358, 0.63747, 0.6431],
							"inflate": 0.002,
							"uv": {
								"north": {"uv": [127.63158, 176.59632], "uv_size": [0.3316, 0.18277]},
								"east": {"uv": [106.76264, 160.82673], "uv_size": [0.23572, 0.18277]},
								"south": {"uv": [119.60506, 184.7965], "uv_size": [0.3316, 0.18277]},
								"west": {"uv": [106.76264, 161.14212], "uv_size": [0.23572, 0.18277]},
								"up": {"uv": [88.14113, 162.40369], "uv_size": [0.3316, 0.23156]},
								"down": {"uv": [88.46219, 162.63525], "uv_size": [0.3316, -0.23156]}
							}
						},
						{
							"origin": [-1.29244, 30.61709, -34.7835],
							"size": [1.1358, 0.63747, 0.6431],
							"inflate": 0.002,
							"pivot": [-0.80937, 31.98801, -37.68571],
							"rotation": [0, 0, -42.5],
							"uv": {
								"north": {"uv": [118.96294, 184.7965], "uv_size": [0.3316, 0.18277]},
								"east": {"uv": [106.76264, 160.19595], "uv_size": [0.23572, 0.18277]},
								"south": {"uv": [119.284, 184.7965], "uv_size": [0.3316, 0.18277]},
								"west": {"uv": [106.76264, 160.51134], "uv_size": [0.23572, 0.18277]},
								"up": {"uv": [87.49901, 162.40369], "uv_size": [0.3316, 0.23156]},
								"down": {"uv": [87.82007, 162.63525], "uv_size": [0.3316, -0.23156]}
							}
						},
						{
							"origin": [-1.37727, 30.57976, -34.7835],
							"size": [1.1358, 0.63747, 0.6431],
							"inflate": 0.002,
							"pivot": [-0.80937, 31.98801, -37.68571],
							"rotation": [0, 0, -90],
							"uv": {
								"north": {"uv": [127.63158, 175.65014], "uv_size": [0.3316, 0.18277]},
								"east": {"uv": [98.41507, 164.29604], "uv_size": [0.23572, 0.18277]},
								"south": {"uv": [118.64188, 184.7965], "uv_size": [0.3316, 0.18277]},
								"west": {"uv": [106.76264, 159.88056], "uv_size": [0.23572, 0.18277]},
								"up": {"uv": [86.85688, 162.40369], "uv_size": [0.3316, 0.23156]},
								"down": {"uv": [87.17794, 162.63525], "uv_size": [0.3316, -0.23156]}
							}
						},
						{
							"origin": [-1.29244, 32.72147, -34.7835],
							"size": [1.1358, 0.63747, 0.6431],
							"inflate": 0.002,
							"pivot": [-0.80937, 31.98801, -37.68571],
							"rotation": [0, 0, 42.5],
							"uv": {
								"north": {"uv": [127.63158, 175.33475], "uv_size": [0.3316, 0.18277]},
								"east": {"uv": [98.41507, 163.66526], "uv_size": [0.23572, 0.18277]},
								"south": {"uv": [118.32082, 184.7965], "uv_size": [0.3316, 0.18277]},
								"west": {"uv": [98.41507, 163.98065], "uv_size": [0.23572, 0.18277]},
								"up": {"uv": [96.4887, 159.88056], "uv_size": [0.3316, 0.23156]},
								"down": {"uv": [96.80976, 160.11212], "uv_size": [0.3316, -0.23156]}
							}
						},
						{
							"origin": [-1.37727, 32.68848, -34.7835],
							"size": [1.1358, 0.63747, 0.6431],
							"inflate": 0.002,
							"uv": {
								"north": {"uv": [127.63158, 175.01936], "uv_size": [0.3316, 0.18277]},
								"east": {"uv": [98.41507, 163.03447], "uv_size": [0.23572, 0.18277]},
								"south": {"uv": [117.99976, 184.7965], "uv_size": [0.3316, 0.18277]},
								"west": {"uv": [98.41507, 163.34987], "uv_size": [0.23572, 0.18277]},
								"up": {"uv": [95.84658, 159.88056], "uv_size": [0.3316, 0.23156]},
								"down": {"uv": [96.16764, 160.11212], "uv_size": [0.3316, -0.23156]}
							}
						},
						{
							"origin": [-1.46209, 32.72147, -34.7835],
							"size": [1.1358, 0.63747, 0.6431],
							"inflate": 0.002,
							"pivot": [-0.80937, 31.98801, -37.68571],
							"rotation": [0, 0, -42.5],
							"uv": {
								"north": {"uv": [127.63158, 174.70397], "uv_size": [0.3316, 0.18277]},
								"east": {"uv": [98.41507, 162.40369], "uv_size": [0.23572, 0.18277]},
								"south": {"uv": [117.6787, 184.7965], "uv_size": [0.3316, 0.18277]},
								"west": {"uv": [98.41507, 162.71908], "uv_size": [0.23572, 0.18277]},
								"up": {"uv": [95.20446, 159.88056], "uv_size": [0.3316, 0.23156]},
								"down": {"uv": [95.52552, 160.11212], "uv_size": [0.3316, -0.23156]}
							}
						},
						{
							"origin": [-1.67591, 31.21731, -43.3795],
							"size": [1.716, 1.5345, 0],
							"pivot": [-0.81791, 31.98456, -43.7095],
							"rotation": [0, 180, 0],
							"uv": {
								"north": {"uv": [82.70545, 132.31539], "uv_size": [0.55094, 0.48397]},
								"east": {"uv": [83.66864, 132.63078], "uv_size": [0, 0.48397]},
								"south": {"uv": [82.70545, 132.94618], "uv_size": [0.55094, 0.48397]},
								"west": {"uv": [75, 141.46175], "uv_size": [0, 0.48397]},
								"up": {"uv": [83.66864, 132], "uv_size": [0.55094, 0]},
								"down": {"uv": [75.96318, 141.46175], "uv_size": [0.55094, 0]}
							}
						},
						{
							"origin": [-1.54472, 33.23618, -17.13489],
							"size": [1.27964, 0.61282, 0.67087],
							"inflate": 0.002,
							"pivot": [-0.80937, 31.98801, -20.13168],
							"rotation": [0, 0, -42.5],
							"uv": {
								"north": {"uv": [204.46957, 138.38422], "uv_size": [0.53043, 0.27057]},
								"east": {"uv": [164.69137, 120.19399], "uv_size": [0.38169, 0.27057]},
								"south": {"uv": [190.95972, 153.30954], "uv_size": [0.53043, 0.27057]},
								"west": {"uv": [226.69137, 145.6604], "uv_size": [0.38169, 0.27057]},
								"up": {"uv": [160.31331, 116.46266], "uv_size": [0.53043, 0.40663]},
								"down": {"uv": [160.75112, 116.86929], "uv_size": [0.53043, -0.40663]}
							}
						},
						{
							"origin": [-1.66321, 33.19903, -17.13489],
							"size": [1.7077, 0.52959, 0.67087],
							"inflate": 0.002,
							"uv": {
								"north": {"uv": [204.2921, 138.85064], "uv_size": [0.7079, 0.23381]},
								"east": {"uv": [164.69137, 121.12682], "uv_size": [0.38169, 0.23381]},
								"south": {"uv": [191.39753, 153.30954], "uv_size": [0.7079, 0.23381]},
								"west": {"uv": [226.69137, 146.59324], "uv_size": [0.38169, 0.23381]},
								"up": {"uv": [161.18893, 116.46266], "uv_size": [0.7079, 0.40663]},
								"down": {"uv": [161.62673, 116.86929], "uv_size": [0.7079, -0.40663]}
							}
						},
						{
							"origin": [-1.35366, 33.23618, -17.13489],
							"size": [1.27964, 0.61282, 0.67087],
							"inflate": 0.002,
							"pivot": [-0.80937, 31.98801, -20.13168],
							"rotation": [0, 0, 42.5],
							"uv": {
								"north": {"uv": [204.46957, 139.31705], "uv_size": [0.53043, 0.27057]},
								"east": {"uv": [164.69137, 122.05965], "uv_size": [0.38169, 0.27057]},
								"south": {"uv": [191.83534, 153.30954], "uv_size": [0.53043, 0.27057]},
								"west": {"uv": [226.69137, 147.52607], "uv_size": [0.38169, 0.27057]},
								"up": {"uv": [162.06454, 116.46266], "uv_size": [0.53043, 0.40663]},
								"down": {"uv": [162.50234, 116.86929], "uv_size": [0.53043, -0.40663]}
							}
						},
						{
							"origin": [-1.68276, 30.18776, -17.13489],
							"size": [1.74678, 0.51005, 0.67087],
							"inflate": 0.002,
							"pivot": [-0.80937, 31.98801, -20.13168],
							"rotation": [0, 0, -90],
							"uv": {
								"north": {"uv": [204.2759, 139.78347], "uv_size": [0.7241, 0.22518]},
								"east": {"uv": [164.69137, 122.99249], "uv_size": [0.38169, 0.22518]},
								"south": {"uv": [192.27314, 153.30954], "uv_size": [0.7241, 0.22518]},
								"west": {"uv": [238.07433, 141.46266], "uv_size": [0.38169, 0.22518]},
								"up": {"uv": [148.93036, 120.19399], "uv_size": [0.7241, 0.40663]},
								"down": {"uv": [149.36817, 120.60062], "uv_size": [0.7241, -0.40663]}
							}
						},
						{
							"origin": [-1.35366, 30.12702, -17.13489],
							"size": [1.27964, 0.61282, 0.67087],
							"inflate": 0.002,
							"pivot": [-0.80937, 31.98801, -20.13168],
							"rotation": [0, 0, -42.5],
							"uv": {
								"north": {"uv": [192.71095, 153.30954], "uv_size": [0.53043, 0.27057]},
								"east": {"uv": [176.07433, 116.92908], "uv_size": [0.38169, 0.27057]},
								"south": {"uv": [193.14875, 153.30954], "uv_size": [0.53043, 0.27057]},
								"west": {"uv": [238.07433, 142.39549], "uv_size": [0.38169, 0.27057]},
								"up": {"uv": [149.80597, 120.19399], "uv_size": [0.53043, 0.40663]},
								"down": {"uv": [150.24378, 120.60062], "uv_size": [0.53043, -0.40663]}
							}
						},
						{
							"origin": [-1.66321, 30.2474, -17.13489],
							"size": [1.7077, 0.52959, 0.67087],
							"inflate": 0.002,
							"uv": {
								"north": {"uv": [204.2921, 141.18272], "uv_size": [0.7079, 0.23381]},
								"east": {"uv": [176.07433, 117.86191], "uv_size": [0.38169, 0.23381]},
								"south": {"uv": [193.58656, 153.30954], "uv_size": [0.7079, 0.23381]},
								"west": {"uv": [238.07433, 143.32832], "uv_size": [0.38169, 0.23381]},
								"up": {"uv": [150.68159, 120.19399], "uv_size": [0.7079, 0.40663]},
								"down": {"uv": [151.11939, 120.60062], "uv_size": [0.7079, -0.40663]}
							}
						},
						{
							"origin": [-1.54472, 30.12702, -17.13489],
							"size": [1.27964, 0.61282, 0.67087],
							"inflate": 0.002,
							"pivot": [-0.80937, 31.98801, -20.13168],
							"rotation": [0, 0, 42.5],
							"uv": {
								"north": {"uv": [204.46957, 141.64913], "uv_size": [0.53043, 0.27057]},
								"east": {"uv": [176.07433, 118.79474], "uv_size": [0.38169, 0.27057]},
								"south": {"uv": [194.02437, 153.30954], "uv_size": [0.53043, 0.27057]},
								"west": {"uv": [238.07433, 144.26116], "uv_size": [0.38169, 0.27057]},
								"up": {"uv": [151.5572, 120.19399], "uv_size": [0.53043, 0.40663]},
								"down": {"uv": [151.995, 120.60062], "uv_size": [0.53043, -0.40663]}
							}
						},
						{
							"origin": [-1.68276, 33.27822, -17.13489],
							"size": [1.74678, 0.51005, 0.67087],
							"inflate": 0.002,
							"pivot": [-0.80937, 31.98801, -20.13168],
							"rotation": [0, 0, -90],
							"uv": {
								"north": {"uv": [194.46217, 153.30954], "uv_size": [0.7241, 0.22518]},
								"east": {"uv": [176.07433, 119.72757], "uv_size": [0.38169, 0.22518]},
								"south": {"uv": [194.89998, 153.30954], "uv_size": [0.7241, 0.22518]},
								"west": {"uv": [238.51213, 134], "uv_size": [0.38169, 0.22518]},
								"up": {"uv": [152.43281, 120.19399], "uv_size": [0.7241, 0.40663]},
								"down": {"uv": [152.87062, 120.60062], "uv_size": [0.7241, -0.40663]}
							}
						}
					]
				},
				{
					"name": "Wood2",
					"parent": "gun",
					"pivot": [-4.925, 29.675, -63.1],
					"cubes": [
						{
							"origin": [-2.175, 26.47093, -42.125],
							"size": [1, 1.57907, 35.9531],
							"uv": {
								"north": {"uv": [100, 117], "uv_size": [1, 2]},
								"east": {"uv": [56, 68], "uv_size": [36, 2]},
								"south": {"uv": [117, 102], "uv_size": [1, 2]},
								"west": {"uv": [56, 70], "uv_size": [36, 2]},
								"up": {"uv": [68, 90], "uv_size": [1, 36]},
								"down": {"uv": [69, 126], "uv_size": [1, -36]}
							}
						},
						{
							"origin": [-4.8078, 26.47093, -42.125],
							"size": [0.8828, 1.57907, 35.9531],
							"uv": {
								"north": {"uv": [110, 116], "uv_size": [1, 2]},
								"east": {"uv": [56, 64], "uv_size": [36, 2]},
								"south": {"uv": [28, 117], "uv_size": [1, 2]},
								"west": {"uv": [56, 66], "uv_size": [36, 2]},
								"up": {"uv": [88, 80], "uv_size": [1, 36]},
								"down": {"uv": [89, 116], "uv_size": [1, -36]}
							}
						},
						{
							"origin": [-1.04326, 23.84224, -39.125],
							"size": [0.92985, 1.3536, 32.9],
							"pivot": [-3.0082, 25.79377, -30.925],
							"rotation": [-1.91561, 1.60667, 39.97314],
							"uv": {
								"north": {"uv": [23, 119], "uv_size": [1, 1]},
								"east": {"uv": [88, 8], "uv_size": [33, 1]},
								"south": {"uv": [119, 23], "uv_size": [1, 1]},
								"west": {"uv": [88, 9], "uv_size": [33, 1]},
								"up": {"uv": [70, 90], "uv_size": [1, 33]},
								"down": {"uv": [71, 123], "uv_size": [1, -33]}
							}
						},
						{
							"origin": [-5.9699, 23.89838, -39.125],
							"size": [0.97102, 1.16546, 32.9],
							"pivot": [-3.0082, 25.79377, -30.925],
							"rotation": [-1.91561, -1.60667, -39.97314],
							"uv": {
								"north": {"uv": [24, 119], "uv_size": [1, 1]},
								"east": {"uv": [88, 10], "uv_size": [33, 1]},
								"south": {"uv": [119, 24], "uv_size": [1, 1]},
								"west": {"uv": [88, 11], "uv_size": [33, 1]},
								"up": {"uv": [72, 90], "uv_size": [1, 33]},
								"down": {"uv": [73, 123], "uv_size": [1, -33]}
							}
						},
						{
							"origin": [-4.05866, 22.43808, -39.125],
							"size": [2.01358, 0.81192, 32.9],
							"pivot": [-3.0082, 25.79377, -30.925],
							"rotation": [-2.5, 0, 0],
							"uv": {
								"north": {"uv": [117, 19], "uv_size": [2, 1]},
								"east": {"uv": [90, 52], "uv_size": [33, 1]},
								"south": {"uv": [117, 21], "uv_size": [2, 1]},
								"west": {"uv": [90, 53], "uv_size": [33, 1]},
								"up": {"uv": [0, 72], "uv_size": [2, 33]},
								"down": {"uv": [2, 105], "uv_size": [2, -33]}
							}
						},
						{
							"origin": [-2.175, 23.475, -39.125],
							"size": [1, 4.075, 32.9],
							"pivot": [-3.0082, 25.79377, -30.925],
							"rotation": [-2.5, 0, 0],
							"uv": {
								"north": {"uv": [29, 114], "uv_size": [1, 4]},
								"east": {"uv": [48, 12], "uv_size": [33, 4]},
								"south": {"uv": [30, 114], "uv_size": [1, 4]},
								"west": {"uv": [48, 16], "uv_size": [33, 4]},
								"up": {"uv": [74, 90], "uv_size": [1, 33]},
								"down": {"uv": [75, 123], "uv_size": [1, -33]}
							}
						},
						{
							"origin": [-4.8078, 23.33087, -39.125],
							"size": [0.9328, 4.21913, 32.9],
							"pivot": [-3.0082, 25.79377, -30.925],
							"rotation": [-2.5, 0, 0],
							"uv": {
								"north": {"uv": [31, 114], "uv_size": [1, 4]},
								"east": {"uv": [48, 20], "uv_size": [33, 4]},
								"south": {"uv": [32, 114], "uv_size": [1, 4]},
								"west": {"uv": [48, 24], "uv_size": [33, 4]},
								"up": {"uv": [76, 90], "uv_size": [1, 33]},
								"down": {"uv": [77, 123], "uv_size": [1, -33]}
							}
						},
						{
							"origin": [-2.08168, 23.95218, -45.08486],
							"size": [0.92985, 1.3536, 5.9],
							"pivot": [-3.0082, 24.66616, -42.13486],
							"rotation": [-1.91561, 1.60667, 39.97314],
							"uv": {
								"north": {"uv": [119, 54], "uv_size": [1, 1]},
								"east": {"uv": [112, 104], "uv_size": [6, 1]},
								"south": {"uv": [55, 119], "uv_size": [1, 1]},
								"west": {"uv": [112, 105], "uv_size": [6, 1]},
								"up": {"uv": [63, 112], "uv_size": [1, 6]},
								"down": {"uv": [106, 118], "uv_size": [1, -6]}
							}
						},
						{
							"origin": [-4.93148, 24.00832, -45.08486],
							"size": [0.97102, 1.16546, 5.9],
							"pivot": [-3.0082, 24.66616, -42.13486],
							"rotation": [-1.91561, -1.60667, -39.97314],
							"uv": {
								"north": {"uv": [119, 51], "uv_size": [1, 1]},
								"east": {"uv": [111, 103], "uv_size": [6, 1]},
								"south": {"uv": [54, 119], "uv_size": [1, 1]},
								"west": {"uv": [93, 112], "uv_size": [6, 1]},
								"up": {"uv": [61, 112], "uv_size": [1, 6]},
								"down": {"uv": [62, 118], "uv_size": [1, -6]}
							}
						},
						{
							"origin": [-4.05866, 22.92597, -45.08486],
							"size": [2.01358, 0.81192, 5.9],
							"pivot": [-3.0082, 24.66616, -42.13486],
							"rotation": [-2.5, 0, 0],
							"uv": {
								"north": {"uv": [26, 117], "uv_size": [2, 1]},
								"east": {"uv": [111, 25], "uv_size": [6, 1]},
								"south": {"uv": [40, 117], "uv_size": [2, 1]},
								"west": {"uv": [111, 102], "uv_size": [6, 1]},
								"up": {"uv": [105, 54], "uv_size": [2, 6]},
								"down": {"uv": [4, 112], "uv_size": [2, -6]}
							}
						},
						{
							"origin": [-2.175, 23.96289, -45.08486],
							"size": [1, 4.075, 5.9],
							"pivot": [-3.0082, 24.66616, -42.13486],
							"rotation": [-2.5, 0, 0],
							"uv": {
								"north": {"uv": [66, 115], "uv_size": [1, 4]},
								"east": {"uv": [96, 20], "uv_size": [6, 4]},
								"south": {"uv": [115, 79], "uv_size": [1, 4]},
								"west": {"uv": [93, 96], "uv_size": [6, 4]},
								"up": {"uv": [107, 112], "uv_size": [1, 6]},
								"down": {"uv": [108, 118], "uv_size": [1, -6]}
							}
						},
						{
							"origin": [-3.925, 23.71289, -45.08486],
							"size": [1.75, 4.325, 5.9],
							"pivot": [-3.0082, 24.66616, -42.13486],
							"rotation": [-2.5, 0, 0],
							"uv": {
								"north": {"uv": [65, 111], "uv_size": [2, 4]},
								"east": {"uv": [98, 75], "uv_size": [6, 4]},
								"south": {"uv": [111, 80], "uv_size": [2, 4]},
								"west": {"uv": [99, 12], "uv_size": [6, 4]},
								"up": {"uv": [6, 106], "uv_size": [2, 6]},
								"down": {"uv": [60, 112], "uv_size": [2, -6]}
							}
						},
						{
							"origin": [-4.8078, 23.81876, -45.08486],
							"size": [0.9328, 4.21913, 5.9],
							"pivot": [-3.0082, 24.66616, -42.13486],
							"rotation": [-2.5, 0, 0],
							"uv": {
								"north": {"uv": [115, 55], "uv_size": [1, 4]},
								"east": {"uv": [93, 12], "uv_size": [6, 4]},
								"south": {"uv": [65, 115], "uv_size": [1, 4]},
								"west": {"uv": [93, 92], "uv_size": [6, 4]},
								"up": {"uv": [7, 112], "uv_size": [1, 6]},
								"down": {"uv": [60, 118], "uv_size": [1, -6]}
							}
						}
					]
				},
				{
					"name": "rightarm",
					"parent": "main",
					"pivot": [-7.3, 8.8, 21.8],
					"rotation": [-101.81106, -12.40003, -2.46982],
					"cubes": [
						{"origin": [-11.3, -19.2, 13.8], "size": [8, 24, 8], "uv": [54, 174]}
					]
				},
				{
					"name": "leftarm",
					"parent": "main",
					"pivot": [7.7, 11.3, -8.6],
					"rotation": [-119.61483, 1.67666, -38.31282],
					"cubes": [
						{"origin": [3.7, -10.7, -15.6], "size": [8, 24, 8], "uv": [0, 170]}
					]
				},
				{
					"name": "scope",
					"parent": "main",
					"pivot": [-1, 31.95, 2.55],
					"cubes": [
						{"origin": [-1.5, 31.45, 2.05], "size": [1, 1, 1], "inflate": -0.4, "uv": [27, 69]}
					]
				},
				{
					"name": "muzzleflash",
					"parent": "main",
					"pivot": [-3, 27.525, -99],
					"cubes": [
						{
							"origin": [-3.5, 27.025, -102.5],
							"size": [1, 1, 1],
							"inflate": -0.4,
							"uv": {
								"north": {"uv": [83, 120], "uv_size": [1, 1]},
								"east": {"uv": [120, 83], "uv_size": [1, 1]},
								"south": {"uv": [120, 84], "uv_size": [1, 1]},
								"west": {"uv": [120, 85], "uv_size": [1, 1]},
								"up": {"uv": [120, 86], "uv_size": [1, 1]},
								"down": {"uv": [120, 88], "uv_size": [1, -1]}
							}
						}
					]
				},
				{
					"name": "Bullet",
					"parent": "main",
					"pivot": [-2.95505, 28.13449, -6.06526],
					"cubes": [
						{
							"origin": [-3.69131, 27.35185, -7.83966],
							"size": [1.47251, 1.56528, 3.5488],
							"uv": {
								"north": {"uv": [138, 154], "uv_size": [1, 2]},
								"east": {"uv": [134, 141], "uv_size": [3.5488, 1.56528]},
								"south": {"uv": [143, 145], "uv_size": [1.47251, 1.56528]},
								"west": {"uv": [158, 170], "uv_size": [4, 2]},
								"up": {"uv": [137, 151], "uv_size": [1.47251, 3.5488]},
								"down": {"uv": [134, 155], "uv_size": [1, -4]}
							}
						}
					]
				},
				{
					"name": "scopepip",
					"parent": "main",
					"pivot": [-0.9, 31.85, -3.1],
					"cubes": [
						{
							"origin": [-2.11791, 30.82206, -6.2095],
							"size": [2.6, 2.325, 1],
							"uv": {
								"north": {"uv": [115, 89], "uv_size": [2, 2]},
								"east": {"uv": [118, 90], "uv_size": [1, 2]},
								"south": {"uv": [115, 91], "uv_size": [2, 2]},
								"west": {"uv": [91, 118], "uv_size": [1, 2]},
								"up": {"uv": [118, 88], "uv_size": [2, 1]},
								"down": {"uv": [94, 119], "uv_size": [2, -1]}
							}
						}
					]
				}
			]
		}
	]
}