{
	"format_version": "1.12.0",
	"minecraft:geometry": [
		{
			"description": {
				"identifier": "geometry.unknown",
				"texture_width": 128,
				"texture_height": 128,
				"visible_bounds_width": 8,
				"visible_bounds_height": 5,
				"visible_bounds_offset": [0, 0.5, 0]
			},
			"bones": [
				{
					"name": "main",
					"pivot": [-4, 22, -21]
				},
				{
					"name": "gun",
					"parent": "main",
					"pivot": [-3, 13, -22]
				},
				{
					"name": "Hammer",
					"parent": "gun",
					"pivot": [-3.95137, 24.82608, -12.49358],
					"rotation": [-142.5, 0, 0],
					"cubes": [
						{
							"origin": [-4.59837, 29.3249, -2.75153],
							"size": [1.36335, 2.10156, 0.68159],
							"pivot": [-3.95107, 16.92291, -2.76896],
							"rotation": [52.49523, 0, -0.21782],
							"uv": {
								"north": {"uv": [3, 75], "uv_size": [1, 2]},
								"east": {"uv": [4, 75], "uv_size": [1, 2]},
								"south": {"uv": [5, 75], "uv_size": [1, 2]},
								"west": {"uv": [75, 5], "uv_size": [1, 2]},
								"up": {"uv": [70, 76], "uv_size": [1, 1]},
								"down": {"uv": [76, 71], "uv_size": [1, -1]}
							}
						},
						{
							"origin": [-4.60696, 28.21421, 2.11583],
							"size": [1.37194, 2.10156, 0.68159],
							"pivot": [-3.95107, 16.92291, -2.76896],
							"rotation": [74.99523, 0, -0.21782],
							"uv": {
								"north": {"uv": [74, 74], "uv_size": [1, 2]},
								"east": {"uv": [0, 75], "uv_size": [1, 2]},
								"south": {"uv": [1, 75], "uv_size": [1, 2]},
								"west": {"uv": [2, 75], "uv_size": [1, 2]},
								"up": {"uv": [69, 76], "uv_size": [1, 1]},
								"down": {"uv": [76, 70], "uv_size": [1, -1]}
							}
						},
						{
							"origin": [-4.60696, 28.21421, 1.58583],
							"size": [1.37194, 2.10156, 0.68159],
							"pivot": [-3.95107, 16.92291, -2.76896],
							"rotation": [74.99523, 0, -0.21782],
							"uv": {
								"north": {"uv": [6, 75], "uv_size": [1, 2]},
								"east": {"uv": [7, 75], "uv_size": [1, 2]},
								"south": {"uv": [8, 75], "uv_size": [1, 2]},
								"west": {"uv": [9, 75], "uv_size": [1, 2]},
								"up": {"uv": [71, 76], "uv_size": [1, 1]},
								"down": {"uv": [76, 72], "uv_size": [1, -1]}
							}
						},
						{
							"origin": [-4.60696, 28.21421, 0.93583],
							"size": [1.37194, 3.10156, 0.68159],
							"pivot": [-3.95107, 16.92291, -2.76896],
							"rotation": [74.99523, 0, -0.21782],
							"uv": {
								"north": {"uv": [20, 72], "uv_size": [1, 3]},
								"east": {"uv": [21, 72], "uv_size": [1, 3]},
								"south": {"uv": [72, 32], "uv_size": [1, 3]},
								"west": {"uv": [72, 35], "uv_size": [1, 3]},
								"up": {"uv": [72, 76], "uv_size": [1, 1]},
								"down": {"uv": [76, 73], "uv_size": [1, -1]}
							}
						},
						{
							"origin": [-4.609, 25.89438, -14.08363],
							"size": [1.37194, 2.00156, 0.68159],
							"pivot": [-3.95312, 17.46134, -5.65936],
							"rotation": [9.99523, 0, -0.21782],
							"uv": {
								"north": {"uv": [75, 9], "uv_size": [1, 2]},
								"east": {"uv": [10, 75], "uv_size": [1, 2]},
								"south": {"uv": [11, 75], "uv_size": [1, 2]},
								"west": {"uv": [75, 11], "uv_size": [1, 2]},
								"up": {"uv": [73, 76], "uv_size": [1, 1]},
								"down": {"uv": [76, 74], "uv_size": [1, -1]}
							}
						},
						{
							"origin": [-4.60696, 21.14579, 8.79652],
							"size": [1.37194, 0.68159, 2.10156],
							"pivot": [-3.95107, 16.92291, -2.76896],
							"rotation": [119.99523, 0, -0.21782],
							"uv": {
								"north": {"uv": [68, 76], "uv_size": [1, 1]},
								"east": {"uv": [74, 69], "uv_size": [2, 1]},
								"south": {"uv": [76, 68], "uv_size": [1, 1]},
								"west": {"uv": [74, 71], "uv_size": [2, 1]},
								"up": {"uv": [72, 74], "uv_size": [1, 2]},
								"down": {"uv": [74, 74], "uv_size": [1, -2]}
							}
						},
						{
							"origin": [-4.60696, 28.2617, 2.06834],
							"size": [1.37194, 0.68159, 2.10156],
							"pivot": [-3.95107, 16.92291, -2.76896],
							"rotation": [74.99523, 0, -0.21782],
							"uv": {
								"north": {"uv": [67, 76], "uv_size": [1, 1]},
								"east": {"uv": [74, 66], "uv_size": [2, 1]},
								"south": {"uv": [76, 67], "uv_size": [1, 1]},
								"west": {"uv": [74, 68], "uv_size": [2, 1]},
								"up": {"uv": [69, 74], "uv_size": [1, 2]},
								"down": {"uv": [71, 76], "uv_size": [1, -2]}
							}
						},
						{
							"origin": [-4.59837, 25.3729, 6.14015],
							"size": [1.36335, 0.68159, 2.10156],
							"pivot": [-3.95107, 16.92291, -2.76896],
							"rotation": [97.49523, 0, -0.21782],
							"uv": {
								"north": {"uv": [66, 76], "uv_size": [1, 1]},
								"east": {"uv": [65, 74], "uv_size": [2, 1]},
								"south": {"uv": [76, 66], "uv_size": [1, 1]},
								"west": {"uv": [74, 65], "uv_size": [2, 1]},
								"up": {"uv": [67, 74], "uv_size": [1, 2]},
								"down": {"uv": [68, 76], "uv_size": [1, -2]}
							}
						}
					]
				},
				{
					"name": "Frame",
					"parent": "gun",
					"pivot": [-3.96255, 21.77857, -27.06438],
					"cubes": [
						{
							"origin": [-4.1704, 18.95066, -13.60126],
							"size": [1.60319, 7.02548, 3.32382],
							"uv": {
								"north": {"uv": [28, 50], "uv_size": [2, 7]},
								"east": {"uv": [35, 48], "uv_size": [3, 7]},
								"south": {"uv": [28, 57], "uv_size": [2, 7]},
								"west": {"uv": [4, 54], "uv_size": [3, 7]},
								"up": {"uv": [28, 64], "uv_size": [2, 3]},
								"down": {"uv": [47, 67], "uv_size": [2, -3]}
							}
						},
						{
							"origin": [-5.2704, 18.95066, -13.60126],
							"size": [1.34659, 7.02548, 3.36257],
							"uv": {
								"north": {"uv": [61, 55], "uv_size": [1, 7]},
								"east": {"uv": [7, 54], "uv_size": [3, 7]},
								"south": {"uv": [62, 3], "uv_size": [1, 7]},
								"west": {"uv": [35, 55], "uv_size": [3, 7]},
								"up": {"uv": [71, 38], "uv_size": [1, 3]},
								"down": {"uv": [71, 52], "uv_size": [1, -3]}
							}
						},
						{
							"origin": [-4.1704, 18.95066, -22.39],
							"size": [1.45319, 2.51833, 8.78874],
							"uv": {
								"north": {"uv": [13, 72], "uv_size": [1, 3]},
								"east": {"uv": [49, 38], "uv_size": [9, 3]},
								"south": {"uv": [19, 72], "uv_size": [1, 3]},
								"west": {"uv": [49, 41], "uv_size": [9, 3]},
								"up": {"uv": [4, 61], "uv_size": [1, 9]},
								"down": {"uv": [5, 70], "uv_size": [1, -9]}
							}
						},
						{
							"origin": [-5.1204, 18.95066, -22.39],
							"size": [1.17819, 2.51833, 8.78874],
							"uv": {
								"north": {"uv": [11, 72], "uv_size": [1, 3]},
								"east": {"uv": [49, 32], "uv_size": [9, 3]},
								"south": {"uv": [12, 72], "uv_size": [1, 3]},
								"west": {"uv": [49, 35], "uv_size": [9, 3]},
								"up": {"uv": [60, 55], "uv_size": [1, 9]},
								"down": {"uv": [61, 12], "uv_size": [1, -9]}
							}
						},
						{
							"origin": [-5.2704, 21.41087, -14.76147],
							"size": [1.32819, 6.51833, 1.13874],
							"uv": {
								"north": {"uv": [37, 62], "uv_size": [1, 7]},
								"east": {"uv": [62, 55], "uv_size": [1, 7]},
								"south": {"uv": [57, 62], "uv_size": [1, 7]},
								"west": {"uv": [58, 62], "uv_size": [1, 7]},
								"up": {"uv": [62, 76], "uv_size": [1, 1]},
								"down": {"uv": [76, 63], "uv_size": [1, -1]}
							}
						},
						{
							"origin": [-4.1704, 21.41087, -14.76147],
							"size": [1.60319, 6.51833, 1.13874],
							"uv": {
								"north": {"uv": [47, 57], "uv_size": [2, 7]},
								"east": {"uv": [35, 62], "uv_size": [1, 7]},
								"south": {"uv": [57, 55], "uv_size": [2, 7]},
								"west": {"uv": [36, 62], "uv_size": [1, 7]},
								"up": {"uv": [74, 52], "uv_size": [2, 1]},
								"down": {"uv": [53, 75], "uv_size": [2, -1]}
							}
						},
						{
							"origin": [-3.6204, 27.9292, -14.76147],
							"size": [1.05319, 0.21833, 1.13874],
							"uv": {
								"north": {"uv": [10, 77], "uv_size": [1, 1]},
								"east": {"uv": [77, 10], "uv_size": [1, 1]},
								"south": {"uv": [11, 77], "uv_size": [1, 1]},
								"west": {"uv": [77, 11], "uv_size": [1, 1]},
								"up": {"uv": [12, 77], "uv_size": [1, 1]},
								"down": {"uv": [77, 13], "uv_size": [1, -1]}
							}
						},
						{
							"origin": [-5.2704, 27.9292, -14.76147],
							"size": [1.05319, 0.21833, 1.13874],
							"uv": {
								"north": {"uv": [1, 77], "uv_size": [1, 1]},
								"east": {"uv": [2, 77], "uv_size": [1, 1]},
								"south": {"uv": [3, 77], "uv_size": [1, 1]},
								"west": {"uv": [77, 3], "uv_size": [1, 1]},
								"up": {"uv": [4, 77], "uv_size": [1, 1]},
								"down": {"uv": [77, 5], "uv_size": [1, -1]}
							}
						},
						{
							"origin": [-8.38735, 23.88659, -13.58462],
							"size": [0.64108, 1.19075, 5.9863],
							"pivot": [-3.84656, 24.48197, -10.59147],
							"rotation": [0, -90, -22.5],
							"uv": {
								"north": {"uv": [53, 76], "uv_size": [1, 1]},
								"east": {"uv": [65, 30], "uv_size": [6, 1]},
								"south": {"uv": [76, 53], "uv_size": [1, 1]},
								"west": {"uv": [65, 31], "uv_size": [6, 1]},
								"up": {"uv": [66, 3], "uv_size": [1, 6]},
								"down": {"uv": [66, 49], "uv_size": [1, -6]}
							}
						},
						{
							"origin": [-8.40235, 23.88659, -13.58462],
							"size": [0.65608, 1.19075, 5.9863],
							"pivot": [-3.84656, 24.48197, -10.59147],
							"rotation": [0, -90, -45],
							"uv": {
								"north": {"uv": [52, 76], "uv_size": [1, 1]},
								"east": {"uv": [65, 28], "uv_size": [6, 1]},
								"south": {"uv": [76, 52], "uv_size": [1, 1]},
								"west": {"uv": [65, 29], "uv_size": [6, 1]},
								"up": {"uv": [65, 55], "uv_size": [1, 6]},
								"down": {"uv": [65, 70], "uv_size": [1, -6]}
							}
						},
						{
							"origin": [-8.38735, 21.48882, -11.18684],
							"size": [0.64108, 5.9863, 1.19075],
							"pivot": [-3.84656, 24.48197, -10.59147],
							"rotation": [0, -90, 22.5],
							"uv": {
								"north": {"uv": [21, 65], "uv_size": [1, 6]},
								"east": {"uv": [22, 65], "uv_size": [1, 6]},
								"south": {"uv": [23, 65], "uv_size": [1, 6]},
								"west": {"uv": [24, 65], "uv_size": [1, 6]},
								"up": {"uv": [51, 76], "uv_size": [1, 1]},
								"down": {"uv": [76, 52], "uv_size": [1, -1]}
							}
						},
						{
							"origin": [-8.38735, 21.48882, -11.18684],
							"size": [0.64108, 5.9863, 1.19075],
							"pivot": [-3.84656, 24.48197, -10.59147],
							"rotation": [0, -90, -22.5],
							"uv": {
								"north": {"uv": [15, 65], "uv_size": [1, 6]},
								"east": {"uv": [16, 65], "uv_size": [1, 6]},
								"south": {"uv": [19, 65], "uv_size": [1, 6]},
								"west": {"uv": [20, 65], "uv_size": [1, 6]},
								"up": {"uv": [50, 76], "uv_size": [1, 1]},
								"down": {"uv": [76, 51], "uv_size": [1, -1]}
							}
						},
						{
							"origin": [-8.40235, 21.48882, -11.18684],
							"size": [0.65608, 5.9863, 1.19075],
							"pivot": [-3.84656, 24.48197, -10.59147],
							"rotation": [0, -90, 0],
							"uv": {
								"north": {"uv": [11, 65], "uv_size": [1, 6]},
								"east": {"uv": [12, 65], "uv_size": [1, 6]},
								"south": {"uv": [13, 65], "uv_size": [1, 6]},
								"west": {"uv": [14, 65], "uv_size": [1, 6]},
								"up": {"uv": [49, 76], "uv_size": [1, 1]},
								"down": {"uv": [76, 50], "uv_size": [1, -1]}
							}
						},
						{
							"origin": [-8.40235, 23.88659, -13.58462],
							"size": [0.65608, 1.19075, 5.9863],
							"pivot": [-3.84656, 24.48197, -10.59147],
							"rotation": [0, -90, 45],
							"uv": {
								"north": {"uv": [48, 76], "uv_size": [1, 1]},
								"east": {"uv": [64, 62], "uv_size": [6, 1]},
								"south": {"uv": [76, 48], "uv_size": [1, 1]},
								"west": {"uv": [64, 63], "uv_size": [6, 1]},
								"up": {"uv": [64, 64], "uv_size": [1, 6]},
								"down": {"uv": [65, 9], "uv_size": [1, -6]}
							}
						},
						{
							"origin": [-8.40235, 23.88659, -13.58462],
							"size": [0.65608, 1.19075, 5.9863],
							"pivot": [-3.84656, 24.48197, -10.59147],
							"rotation": [0, -90, 0],
							"uv": {
								"north": {"uv": [47, 76], "uv_size": [1, 1]},
								"east": {"uv": [64, 50], "uv_size": [6, 1]},
								"south": {"uv": [76, 47], "uv_size": [1, 1]},
								"west": {"uv": [64, 61], "uv_size": [6, 1]},
								"up": {"uv": [59, 64], "uv_size": [1, 6]},
								"down": {"uv": [60, 70], "uv_size": [1, -6]}
							}
						},
						{
							"origin": [-8.38735, 23.88659, -13.58462],
							"size": [0.64108, 1.19075, 5.9863],
							"pivot": [-3.84656, 24.48197, -10.59147],
							"rotation": [0, -90, 22.5],
							"uv": {
								"north": {"uv": [46, 76], "uv_size": [1, 1]},
								"east": {"uv": [64, 38], "uv_size": [6, 1]},
								"south": {"uv": [76, 46], "uv_size": [1, 1]},
								"west": {"uv": [64, 49], "uv_size": [6, 1]},
								"up": {"uv": [25, 64], "uv_size": [1, 6]},
								"down": {"uv": [64, 61], "uv_size": [1, -6]}
							}
						},
						{
							"origin": [-4.15181, 23.93422, -16.96917],
							"size": [0.60359, 1.09549, 5.5074],
							"pivot": [-3.84656, 24.48197, -14.21547],
							"rotation": [0, -90, 45],
							"uv": {
								"north": {"uv": [61, 76], "uv_size": [1, 1]},
								"east": {"uv": [69, 55], "uv_size": [6, 1]},
								"south": {"uv": [76, 61], "uv_size": [1, 1]},
								"west": {"uv": [69, 56], "uv_size": [6, 1]},
								"up": {"uv": [57, 69], "uv_size": [1, 6]},
								"down": {"uv": [58, 75], "uv_size": [1, -6]}
							}
						},
						{
							"origin": [-4.13801, 23.93422, -16.96917],
							"size": [0.58979, 1.09549, 5.5074],
							"pivot": [-3.84656, 24.48197, -14.21547],
							"rotation": [0, -90, -22.5],
							"uv": {
								"north": {"uv": [60, 76], "uv_size": [1, 1]},
								"east": {"uv": [69, 46], "uv_size": [6, 1]},
								"south": {"uv": [76, 60], "uv_size": [1, 1]},
								"west": {"uv": [69, 54], "uv_size": [6, 1]},
								"up": {"uv": [51, 69], "uv_size": [1, 6]},
								"down": {"uv": [52, 75], "uv_size": [1, -6]}
							}
						},
						{
							"origin": [-4.15181, 23.93422, -16.96917],
							"size": [0.60359, 1.09549, 5.5074],
							"pivot": [-3.84656, 24.48197, -14.21547],
							"rotation": [0, -90, -45],
							"uv": {
								"north": {"uv": [59, 76], "uv_size": [1, 1]},
								"east": {"uv": [69, 9], "uv_size": [6, 1]},
								"south": {"uv": [76, 59], "uv_size": [1, 1]},
								"west": {"uv": [69, 45], "uv_size": [6, 1]},
								"up": {"uv": [49, 69], "uv_size": [1, 6]},
								"down": {"uv": [50, 75], "uv_size": [1, -6]}
							}
						},
						{
							"origin": [-4.13801, 21.72827, -14.76321],
							"size": [0.58979, 5.5074, 1.09549],
							"pivot": [-3.84656, 24.48197, -14.21547],
							"rotation": [0, -90, 22.5],
							"uv": {
								"north": {"uv": [35, 69], "uv_size": [1, 6]},
								"east": {"uv": [36, 69], "uv_size": [1, 6]},
								"south": {"uv": [37, 69], "uv_size": [1, 6]},
								"west": {"uv": [69, 39], "uv_size": [1, 6]},
								"up": {"uv": [58, 76], "uv_size": [1, 1]},
								"down": {"uv": [76, 59], "uv_size": [1, -1]}
							}
						},
						{
							"origin": [-4.13801, 21.72827, -14.76321],
							"size": [0.58979, 5.5074, 1.09549],
							"pivot": [-3.84656, 24.48197, -14.21547],
							"rotation": [0, -90, -22.5],
							"uv": {
								"north": {"uv": [3, 69], "uv_size": [1, 6]},
								"east": {"uv": [69, 3], "uv_size": [1, 6]},
								"south": {"uv": [8, 69], "uv_size": [1, 6]},
								"west": {"uv": [9, 69], "uv_size": [1, 6]},
								"up": {"uv": [57, 76], "uv_size": [1, 1]},
								"down": {"uv": [76, 58], "uv_size": [1, -1]}
							}
						},
						{
							"origin": [-4.15181, 21.72827, -14.76321],
							"size": [0.60359, 5.5074, 1.09549],
							"pivot": [-3.84656, 24.48197, -14.21547],
							"rotation": [0, -90, 0],
							"uv": {
								"north": {"uv": [68, 64], "uv_size": [1, 6]},
								"east": {"uv": [0, 69], "uv_size": [1, 6]},
								"south": {"uv": [1, 69], "uv_size": [1, 6]},
								"west": {"uv": [2, 69], "uv_size": [1, 6]},
								"up": {"uv": [56, 76], "uv_size": [1, 1]},
								"down": {"uv": [76, 57], "uv_size": [1, -1]}
							}
						},
						{
							"origin": [-4.15181, 23.93422, -16.96917],
							"size": [0.60359, 1.09549, 5.5074],
							"pivot": [-3.84656, 24.48197, -14.21547],
							"rotation": [0, -90, 0],
							"uv": {
								"north": {"uv": [55, 76], "uv_size": [1, 1]},
								"east": {"uv": [67, 47], "uv_size": [6, 1]},
								"south": {"uv": [76, 55], "uv_size": [1, 1]},
								"west": {"uv": [67, 48], "uv_size": [6, 1]},
								"up": {"uv": [61, 68], "uv_size": [1, 6]},
								"down": {"uv": [62, 74], "uv_size": [1, -6]}
							}
						},
						{
							"origin": [-4.13801, 23.93422, -16.96917],
							"size": [0.58979, 1.09549, 5.5074],
							"pivot": [-3.84656, 24.48197, -14.21547],
							"rotation": [0, -90, 22.5],
							"uv": {
								"north": {"uv": [54, 76], "uv_size": [1, 1]},
								"east": {"uv": [66, 60], "uv_size": [6, 1]},
								"south": {"uv": [76, 54], "uv_size": [1, 1]},
								"west": {"uv": [67, 27], "uv_size": [6, 1]},
								"up": {"uv": [63, 67], "uv_size": [1, 6]},
								"down": {"uv": [68, 60], "uv_size": [1, -6]}
							}
						},
						{
							"origin": [-6.8704, 21.35672, -10.67848],
							"size": [1.32819, 4.81833, 3.93874],
							"pivot": [-4.728, 21.25508, 1.17411],
							"rotation": [12.5, 0, -180],
							"uv": {
								"north": {"uv": [59, 3], "uv_size": [1, 5]},
								"east": {"uv": [55, 3], "uv_size": [4, 5]},
								"south": {"uv": [65, 44], "uv_size": [1, 5]},
								"west": {"uv": [55, 27], "uv_size": [4, 5]},
								"up": {"uv": [40, 28], "uv_size": [1, 4]},
								"down": {"uv": [47, 74], "uv_size": [1, -4]}
							}
						},
						{
							"origin": [-5.552, 21.35672, -10.63974],
							"size": [1.40319, 4.81833, 3.93874],
							"pivot": [-4.7096, 21.25508, 1.21286],
							"rotation": [12.5, 0, -180],
							"uv": {
								"north": {"uv": [69, 64], "uv_size": [1, 5]},
								"east": {"uv": [55, 44], "uv_size": [4, 5]},
								"south": {"uv": [69, 69], "uv_size": [1, 5]},
								"west": {"uv": [56, 8], "uv_size": [4, 5]},
								"up": {"uv": [48, 70], "uv_size": [1, 4]},
								"down": {"uv": [70, 53], "uv_size": [1, -4]}
							}
						},
						{
							"origin": [-3.9047, 25.62933, -10.36492],
							"size": [1.375, 1.81871, 4.8343],
							"pivot": [-3.90005, 24.99454, -8.08131],
							"rotation": [40, 0, -180],
							"uv": {
								"north": {"uv": [47, 74], "uv_size": [1, 2]},
								"east": {"uv": [58, 37], "uv_size": [5, 2]},
								"south": {"uv": [48, 74], "uv_size": [1, 2]},
								"west": {"uv": [58, 39], "uv_size": [5, 2]},
								"up": {"uv": [18, 70], "uv_size": [1, 5]},
								"down": {"uv": [25, 75], "uv_size": [1, -5]}
							}
						},
						{
							"origin": [-5.2329, 25.62933, -10.40367],
							"size": [1.32819, 2.12438, 4.8343],
							"pivot": [-3.90005, 24.99454, -8.12005],
							"rotation": [40, 0, -180],
							"uv": {
								"north": {"uv": [16, 74], "uv_size": [1, 2]},
								"east": {"uv": [58, 33], "uv_size": [5, 2]},
								"south": {"uv": [24, 74], "uv_size": [1, 2]},
								"west": {"uv": [58, 35], "uv_size": [5, 2]},
								"up": {"uv": [70, 10], "uv_size": [1, 5]},
								"down": {"uv": [17, 75], "uv_size": [1, -5]}
							}
						}
					]
				},
				{
					"name": "frame2",
					"parent": "Frame",
					"pivot": [-5.14656, 20.68197, -22.91547],
					"cubes": [
						{
							"origin": [-7.50763, 20.36047, -24.53177],
							"size": [2.28618, 0.643, 3.2326],
							"pivot": [-5.14656, 20.68197, -22.91547],
							"rotation": [157.5, 0, -180],
							"uv": {
								"north": {"uv": [74, 28], "uv_size": [2, 1]},
								"east": {"uv": [71, 41], "uv_size": [3, 1]},
								"south": {"uv": [74, 29], "uv_size": [2, 1]},
								"west": {"uv": [71, 52], "uv_size": [3, 1]},
								"up": {"uv": [66, 51], "uv_size": [2, 3]},
								"down": {"uv": [66, 57], "uv_size": [2, -3]}
							}
						},
						{
							"origin": [-7.51573, 20.36047, -24.53177],
							"size": [2.29428, 0.643, 3.2326],
							"pivot": [-5.14656, 20.68197, -22.91547],
							"rotation": [135, 0, -180],
							"uv": {
								"north": {"uv": [74, 30], "uv_size": [2, 1]},
								"east": {"uv": [71, 61], "uv_size": [3, 1]},
								"south": {"uv": [74, 31], "uv_size": [2, 1]},
								"west": {"uv": [71, 62], "uv_size": [3, 1]},
								"up": {"uv": [66, 57], "uv_size": [2, 3]},
								"down": {"uv": [66, 67], "uv_size": [2, -3]}
							}
						},
						{
							"origin": [-7.50763, 19.06567, -23.23697],
							"size": [2.28618, 3.2326, 0.643],
							"pivot": [-5.14656, 20.68197, -22.91547],
							"rotation": [-157.5, 0, 180],
							"uv": {
								"north": {"uv": [67, 3], "uv_size": [2, 3]},
								"east": {"uv": [65, 71], "uv_size": [1, 3]},
								"south": {"uv": [67, 6], "uv_size": [2, 3]},
								"west": {"uv": [66, 71], "uv_size": [1, 3]},
								"up": {"uv": [74, 32], "uv_size": [2, 1]},
								"down": {"uv": [74, 34], "uv_size": [2, -1]}
							}
						},
						{
							"origin": [-7.50763, 19.06567, -23.23697],
							"size": [2.28618, 3.2326, 0.643],
							"pivot": [-5.14656, 20.68197, -22.91547],
							"rotation": [157.5, 0, -180],
							"uv": {
								"north": {"uv": [28, 67], "uv_size": [2, 3]},
								"east": {"uv": [67, 71], "uv_size": [1, 3]},
								"south": {"uv": [67, 41], "uv_size": [2, 3]},
								"west": {"uv": [71, 67], "uv_size": [1, 3]},
								"up": {"uv": [74, 34], "uv_size": [2, 1]},
								"down": {"uv": [74, 36], "uv_size": [2, -1]}
							}
						},
						{
							"origin": [-7.51573, 19.06567, -23.23697],
							"size": [2.29428, 3.2326, 0.643],
							"pivot": [-5.14656, 20.68197, -22.91547],
							"rotation": [-180, 0, 180],
							"uv": {
								"north": {"uv": [67, 44], "uv_size": [2, 3]},
								"east": {"uv": [68, 71], "uv_size": [1, 3]},
								"south": {"uv": [47, 67], "uv_size": [2, 3]},
								"west": {"uv": [71, 70], "uv_size": [1, 3]},
								"up": {"uv": [74, 37], "uv_size": [2, 1]},
								"down": {"uv": [74, 39], "uv_size": [2, -1]}
							}
						},
						{
							"origin": [-7.51573, 20.36047, -24.53177],
							"size": [2.29428, 0.643, 3.2326],
							"pivot": [-5.14656, 20.68197, -22.91547],
							"rotation": [-135, 0, 180],
							"uv": {
								"north": {"uv": [74, 39], "uv_size": [2, 1]},
								"east": {"uv": [71, 63], "uv_size": [3, 1]},
								"south": {"uv": [74, 40], "uv_size": [2, 1]},
								"west": {"uv": [71, 64], "uv_size": [3, 1]},
								"up": {"uv": [53, 67], "uv_size": [2, 3]},
								"down": {"uv": [55, 70], "uv_size": [2, -3]}
							}
						},
						{
							"origin": [-6.81573, 21.16047, -21.83177],
							"size": [0.89428, 0.643, 3.2326],
							"pivot": [-5.14656, 20.68197, -22.91547],
							"rotation": [-165, 0, 180],
							"uv": {
								"north": {"uv": [5, 77], "uv_size": [1, 1]},
								"east": {"uv": [72, 11], "uv_size": [3, 1]},
								"south": {"uv": [77, 5], "uv_size": [1, 1]},
								"west": {"uv": [72, 12], "uv_size": [3, 1]},
								"up": {"uv": [38, 72], "uv_size": [1, 3]},
								"down": {"uv": [72, 41], "uv_size": [1, -3]}
							}
						},
						{
							"origin": [-4.37168, 22.26723, -35.62368],
							"size": [0.89428, 1.593, 8.8326],
							"pivot": [-3.92454, 22.98874, -28.40738],
							"rotation": [180, 0, 180],
							"uv": {
								"north": {"uv": [12, 75], "uv_size": [1, 2]},
								"east": {"uv": [57, 51], "uv_size": [9, 2]},
								"south": {"uv": [13, 75], "uv_size": [1, 2]},
								"west": {"uv": [57, 53], "uv_size": [9, 2]},
								"up": {"uv": [6, 61], "uv_size": [1, 9]},
								"down": {"uv": [7, 70], "uv_size": [1, -9]}
							}
						},
						{
							"origin": [-4.37168, 21.26723, -35.62368],
							"size": [0.89428, 1, 3.2326],
							"pivot": [-3.92454, 22.98874, -28.40738],
							"rotation": [180, 0, 180],
							"uv": {
								"north": {"uv": [8, 77], "uv_size": [1, 1]},
								"east": {"uv": [72, 51], "uv_size": [3, 1]},
								"south": {"uv": [77, 8], "uv_size": [1, 1]},
								"west": {"uv": [72, 60], "uv_size": [3, 1]},
								"up": {"uv": [72, 67], "uv_size": [1, 3]},
								"down": {"uv": [72, 73], "uv_size": [1, -3]}
							}
						},
						{
							"origin": [-4.37168, 23.86024, -35.62368],
							"size": [0.89428, 0.768, 12.0326],
							"pivot": [-3.92454, 22.98174, -28.40738],
							"rotation": [180, 0, 180],
							"uv": {
								"north": {"uv": [7, 77], "uv_size": [1, 1]},
								"east": {"uv": [56, 13], "uv_size": [12, 1]},
								"south": {"uv": [77, 7], "uv_size": [1, 1]},
								"west": {"uv": [58, 32], "uv_size": [12, 1]},
								"up": {"uv": [26, 58], "uv_size": [1, 12]},
								"down": {"uv": [27, 70], "uv_size": [1, -12]}
							}
						},
						{
							"origin": [-4.37168, 23.61563, -34.6738],
							"size": [0.89428, 0.643, 3.0326],
							"pivot": [-3.92454, 23.93713, -32.0575],
							"rotation": [-147.5, 0, 180],
							"uv": {
								"north": {"uv": [6, 77], "uv_size": [1, 1]},
								"east": {"uv": [72, 49], "uv_size": [3, 1]},
								"south": {"uv": [77, 6], "uv_size": [1, 1]},
								"west": {"uv": [72, 50], "uv_size": [3, 1]},
								"up": {"uv": [39, 72], "uv_size": [1, 3]},
								"down": {"uv": [40, 75], "uv_size": [1, -3]}
							}
						},
						{
							"origin": [-4.37168, 24.21563, -34.6738],
							"size": [0.89428, 0.743, 2.0326],
							"pivot": [-3.92454, 23.93713, -32.0575],
							"rotation": [-147.5, 0, 180],
							"uv": {
								"north": {"uv": [9, 77], "uv_size": [1, 1]},
								"east": {"uv": [75, 7], "uv_size": [2, 1]},
								"south": {"uv": [77, 9], "uv_size": [1, 1]},
								"west": {"uv": [14, 75], "uv_size": [2, 1]},
								"up": {"uv": [17, 75], "uv_size": [1, 2]},
								"down": {"uv": [18, 77], "uv_size": [1, -2]}
							}
						},
						{
							"origin": [-7.51573, 20.36047, -24.53177],
							"size": [2.29428, 0.643, 3.2326],
							"pivot": [-5.14656, 20.68197, -22.91547],
							"rotation": [-180, 0, 180],
							"uv": {
								"north": {"uv": [74, 41], "uv_size": [2, 1]},
								"east": {"uv": [72, 5], "uv_size": [3, 1]},
								"south": {"uv": [74, 42], "uv_size": [2, 1]},
								"west": {"uv": [72, 6], "uv_size": [3, 1]},
								"up": {"uv": [66, 67], "uv_size": [2, 3]},
								"down": {"uv": [68, 13], "uv_size": [2, -3]}
							}
						},
						{
							"origin": [-7.50763, 20.36047, -24.53177],
							"size": [2.28618, 0.643, 3.2326],
							"pivot": [-5.14656, 20.68197, -22.91547],
							"rotation": [-157.5, 0, 180],
							"uv": {
								"north": {"uv": [74, 43], "uv_size": [2, 1]},
								"east": {"uv": [72, 7], "uv_size": [3, 1]},
								"south": {"uv": [74, 44], "uv_size": [2, 1]},
								"west": {"uv": [72, 10], "uv_size": [3, 1]},
								"up": {"uv": [68, 13], "uv_size": [2, 3]},
								"down": {"uv": [68, 54], "uv_size": [2, -3]}
							}
						},
						{
							"origin": [-6.53378, 19.84346, -23.08226],
							"size": [2.68067, 1.67701, 0.33358],
							"pivot": [-4.55948, 20.68197, -22.91547],
							"rotation": [-180, 0, 180],
							"uv": {
								"north": {"uv": [67, 44], "uv_size": [2, 3]},
								"east": {"uv": [68, 71], "uv_size": [1, 3]},
								"south": {"uv": [47, 67], "uv_size": [2, 3]},
								"west": {"uv": [71, 70], "uv_size": [1, 3]},
								"up": {"uv": [74, 37], "uv_size": [2, 1]},
								"down": {"uv": [74, 39], "uv_size": [2, -1]}
							}
						},
						{
							"origin": [-6.53378, 20.51518, -23.75398],
							"size": [2.68067, 0.33358, 1.67701],
							"pivot": [-4.55948, 20.68197, -22.91547],
							"rotation": [-135, 0, 180],
							"uv": {
								"north": {"uv": [74, 39], "uv_size": [2, 1]},
								"east": {"uv": [71, 63], "uv_size": [3, 1]},
								"south": {"uv": [74, 40], "uv_size": [2, 1]},
								"west": {"uv": [71, 64], "uv_size": [3, 1]},
								"up": {"uv": [53, 67], "uv_size": [2, 3]},
								"down": {"uv": [55, 70], "uv_size": [2, -3]}
							}
						},
						{
							"origin": [-6.52958, 19.84346, -23.08226],
							"size": [2.67647, 1.67701, 0.33358],
							"pivot": [-4.55948, 20.68197, -22.91547],
							"rotation": [157.5, 0, -180],
							"uv": {
								"north": {"uv": [28, 67], "uv_size": [2, 3]},
								"east": {"uv": [67, 71], "uv_size": [1, 3]},
								"south": {"uv": [67, 41], "uv_size": [2, 3]},
								"west": {"uv": [71, 67], "uv_size": [1, 3]},
								"up": {"uv": [74, 34], "uv_size": [2, 1]},
								"down": {"uv": [74, 36], "uv_size": [2, -1]}
							}
						},
						{
							"origin": [-6.52958, 19.84346, -23.08226],
							"size": [2.67647, 1.67701, 0.33358],
							"pivot": [-4.55948, 20.68197, -22.91547],
							"rotation": [-157.5, 0, 180],
							"uv": {
								"north": {"uv": [67, 3], "uv_size": [2, 3]},
								"east": {"uv": [65, 71], "uv_size": [1, 3]},
								"south": {"uv": [67, 6], "uv_size": [2, 3]},
								"west": {"uv": [66, 71], "uv_size": [1, 3]},
								"up": {"uv": [74, 32], "uv_size": [2, 1]},
								"down": {"uv": [74, 34], "uv_size": [2, -1]}
							}
						},
						{
							"origin": [-6.53378, 20.51518, -23.75398],
							"size": [2.68067, 0.33358, 1.67701],
							"pivot": [-4.55948, 20.68197, -22.91547],
							"rotation": [135, 0, -180],
							"uv": {
								"north": {"uv": [74, 30], "uv_size": [2, 1]},
								"east": {"uv": [71, 61], "uv_size": [3, 1]},
								"south": {"uv": [74, 31], "uv_size": [2, 1]},
								"west": {"uv": [71, 62], "uv_size": [3, 1]},
								"up": {"uv": [66, 57], "uv_size": [2, 3]},
								"down": {"uv": [66, 67], "uv_size": [2, -3]}
							}
						},
						{
							"origin": [-6.52958, 20.51518, -23.75398],
							"size": [2.67647, 0.33358, 1.67701],
							"pivot": [-4.55948, 20.68197, -22.91547],
							"rotation": [157.5, 0, -180],
							"uv": {
								"north": {"uv": [74, 28], "uv_size": [2, 1]},
								"east": {"uv": [71, 41], "uv_size": [3, 1]},
								"south": {"uv": [74, 29], "uv_size": [2, 1]},
								"west": {"uv": [71, 52], "uv_size": [3, 1]},
								"up": {"uv": [66, 51], "uv_size": [2, 3]},
								"down": {"uv": [66, 57], "uv_size": [2, -3]}
							}
						},
						{
							"origin": [-6.52958, 20.51518, -23.75398],
							"size": [2.67647, 0.33358, 1.67701],
							"pivot": [-4.55948, 20.68197, -22.91547],
							"rotation": [-157.5, 0, 180],
							"uv": {
								"north": {"uv": [74, 43], "uv_size": [2, 1]},
								"east": {"uv": [72, 7], "uv_size": [3, 1]},
								"south": {"uv": [74, 44], "uv_size": [2, 1]},
								"west": {"uv": [72, 10], "uv_size": [3, 1]},
								"up": {"uv": [68, 13], "uv_size": [2, 3]},
								"down": {"uv": [68, 54], "uv_size": [2, -3]}
							}
						},
						{
							"origin": [-6.53378, 20.51518, -23.75398],
							"size": [2.68067, 0.33358, 1.67701],
							"pivot": [-4.55948, 20.68197, -22.91547],
							"rotation": [-180, 0, 180],
							"uv": {
								"north": {"uv": [74, 41], "uv_size": [2, 1]},
								"east": {"uv": [72, 5], "uv_size": [3, 1]},
								"south": {"uv": [74, 42], "uv_size": [2, 1]},
								"west": {"uv": [72, 6], "uv_size": [3, 1]},
								"up": {"uv": [66, 67], "uv_size": [2, 3]},
								"down": {"uv": [68, 13], "uv_size": [2, -3]}
							}
						},
						{
							"origin": [-5.2704, 31.15066, -17.64],
							"size": [1.32819, 4.91833, 0.83874],
							"pivot": [-3.98755, 30.55983, -14.17063],
							"rotation": [90, 0, 0],
							"uv": {
								"north": {"uv": [28, 70], "uv_size": [1, 5]},
								"east": {"uv": [29, 70], "uv_size": [1, 5]},
								"south": {"uv": [70, 32], "uv_size": [1, 5]},
								"west": {"uv": [70, 37], "uv_size": [1, 5]},
								"up": {"uv": [63, 76], "uv_size": [1, 1]},
								"down": {"uv": [76, 64], "uv_size": [1, -1]}
							}
						},
						{
							"origin": [-4.1704, 31.15066, -17.64],
							"size": [1.60319, 4.91833, 0.83874],
							"pivot": [-3.98755, 30.55983, -14.17063],
							"rotation": [90, 0, 0],
							"uv": {
								"north": {"uv": [49, 58], "uv_size": [2, 5]},
								"east": {"uv": [26, 70], "uv_size": [1, 5]},
								"south": {"uv": [51, 58], "uv_size": [2, 5]},
								"west": {"uv": [27, 70], "uv_size": [1, 5]},
								"up": {"uv": [74, 53], "uv_size": [2, 1]},
								"down": {"uv": [55, 75], "uv_size": [2, -1]}
							}
						},
						{
							"origin": [-4.1704, 36.05066, -17.64],
							"size": [1.35319, 1.91833, 0.83874],
							"pivot": [-3.98755, 30.55983, -14.17063],
							"rotation": [90, 0, 0],
							"uv": {
								"north": {"uv": [74, 61], "uv_size": [1, 2]},
								"east": {"uv": [62, 74], "uv_size": [1, 2]},
								"south": {"uv": [74, 63], "uv_size": [1, 2]},
								"west": {"uv": [64, 74], "uv_size": [1, 2]},
								"up": {"uv": [65, 76], "uv_size": [1, 1]},
								"down": {"uv": [76, 66], "uv_size": [1, -1]}
							}
						},
						{
							"origin": [-5.0204, 36.05066, -17.64],
							"size": [1.07819, 1.91833, 0.83874],
							"pivot": [-3.98755, 30.55983, -14.17063],
							"rotation": [90, 0, 0],
							"uv": {
								"north": {"uv": [74, 57], "uv_size": [1, 2]},
								"east": {"uv": [59, 74], "uv_size": [1, 2]},
								"south": {"uv": [60, 74], "uv_size": [1, 2]},
								"west": {"uv": [61, 74], "uv_size": [1, 2]},
								"up": {"uv": [64, 76], "uv_size": [1, 1]},
								"down": {"uv": [76, 65], "uv_size": [1, -1]}
							}
						}
					]
				},
				{
					"name": "Barrel",
					"parent": "frame2",
					"pivot": [-3.1829, 28.35171, -48.004],
					"cubes": [
						{
							"origin": [-5.30385, 25.38989, -51.202],
							"size": [0.60467, 1.14213, 30],
							"uv": {
								"north": {"uv": [75, 36], "uv_size": [1, 1]},
								"east": {"uv": [46, 18], "uv_size": [30, 1]},
								"south": {"uv": [37, 75], "uv_size": [1, 1]},
								"west": {"uv": [46, 19], "uv_size": [30, 1]},
								"up": {"uv": [40, 42], "uv_size": [1, 30]},
								"down": {"uv": [41, 76], "uv_size": [1, -30]}
							}
						},
						{
							"origin": [-2.79649, 24.44398, -51.204],
							"size": [0.55074, 1.38087, 30],
							"inflate": -0.002,
							"pivot": [-4.7421, 25.10171, -33.704],
							"rotation": [0, 0, -46],
							"uv": {
								"north": {"uv": [38, 75], "uv_size": [1, 1]},
								"east": {"uv": [46, 20], "uv_size": [30, 1]},
								"south": {"uv": [39, 75], "uv_size": [1, 1]},
								"west": {"uv": [46, 21], "uv_size": [30, 1]},
								"up": {"uv": [42, 46], "uv_size": [1, 30]},
								"down": {"uv": [43, 76], "uv_size": [1, -30]}
							}
						},
						{
							"origin": [-5.65561, 24.51365, -51.204],
							"size": [0.6021, 1.25799, 30],
							"inflate": -0.002,
							"pivot": [-3.1079, 25.10171, -33.704],
							"rotation": [0, 0, 46],
							"uv": {
								"north": {"uv": [40, 75], "uv_size": [1, 1]},
								"east": {"uv": [46, 22], "uv_size": [30, 1]},
								"south": {"uv": [75, 45], "uv_size": [1, 1]},
								"west": {"uv": [46, 23], "uv_size": [30, 1]},
								"up": {"uv": [44, 46], "uv_size": [1, 30]},
								"down": {"uv": [45, 76], "uv_size": [1, -30]}
							}
						},
						{
							"origin": [-4.39385, 26.775, -51.2],
							"size": [0.86373, 1.14494, 29.65],
							"inflate": 0.002,
							"uv": {
								"north": {"uv": [75, 46], "uv_size": [1, 1]},
								"east": {"uv": [46, 24], "uv_size": [30, 1]},
								"south": {"uv": [75, 47], "uv_size": [1, 1]},
								"west": {"uv": [46, 25], "uv_size": [30, 1]},
								"up": {"uv": [46, 46], "uv_size": [1, 30]},
								"down": {"uv": [47, 56], "uv_size": [1, -30]}
							}
						},
						{
							"origin": [-4.41586, 24.5363, -51.2],
							"size": [0.96459, 0.54111, 30],
							"inflate": 0.002,
							"uv": {
								"north": {"uv": [75, 48], "uv_size": [1, 1]},
								"east": {"uv": [0, 48], "uv_size": [30, 1]},
								"south": {"uv": [49, 75], "uv_size": [1, 1]},
								"west": {"uv": [48, 26], "uv_size": [30, 1]},
								"up": {"uv": [48, 27], "uv_size": [1, 30]},
								"down": {"uv": [30, 78], "uv_size": [1, -30]}
							}
						},
						{
							"origin": [-4.92702, 24.47231, -51.204],
							"size": [0.45132, 1.23567, 30],
							"inflate": -0.002,
							"pivot": [-4.7421, 25.10171, -33.704],
							"rotation": [0, 0, -46],
							"uv": {
								"north": {"uv": [75, 49], "uv_size": [1, 1]},
								"east": {"uv": [0, 49], "uv_size": [30, 1]},
								"south": {"uv": [50, 75], "uv_size": [1, 1]},
								"west": {"uv": [49, 0], "uv_size": [30, 1]},
								"up": {"uv": [31, 48], "uv_size": [1, 30]},
								"down": {"uv": [32, 78], "uv_size": [1, -30]}
							}
						},
						{
							"origin": [-3.4243, 24.45999, -51.204],
							"size": [0.48942, 1.27124, 30],
							"inflate": -0.002,
							"pivot": [-3.1079, 25.10171, -33.704],
							"rotation": [0, 0, 46],
							"uv": {
								"north": {"uv": [75, 50], "uv_size": [1, 1]},
								"east": {"uv": [49, 1], "uv_size": [30, 1]},
								"south": {"uv": [51, 75], "uv_size": [1, 1]},
								"west": {"uv": [49, 2], "uv_size": [30, 1]},
								"up": {"uv": [33, 48], "uv_size": [1, 30]},
								"down": {"uv": [34, 78], "uv_size": [1, -30]}
							}
						},
						{
							"origin": [-3.15082, 25.4146, -51.202],
							"size": [0.61313, 1.02589, 30],
							"uv": {
								"north": {"uv": [35, 75], "uv_size": [1, 1]},
								"east": {"uv": [46, 16], "uv_size": [30, 1]},
								"south": {"uv": [36, 75], "uv_size": [1, 1]},
								"west": {"uv": [46, 17], "uv_size": [30, 1]},
								"up": {"uv": [38, 42], "uv_size": [1, 30]},
								"down": {"uv": [39, 72], "uv_size": [1, -30]}
							}
						}
					]
				},
				{
					"name": "Cylinder",
					"parent": "frame2",
					"pivot": [-3.85377, 24.49647, -18.80085],
					"cubes": [
						{
							"origin": [-9.08735, 23.88659, -18.78462],
							"size": [5.84108, 1.19075, 5.9863],
							"pivot": [-3.84656, 24.48197, -15.79147],
							"rotation": [0, -90, -22.5],
							"uv": {
								"north": {"uv": [63, 9], "uv_size": [6, 1]},
								"east": {"uv": [63, 39], "uv_size": [6, 1]},
								"south": {"uv": [63, 40], "uv_size": [6, 1]},
								"west": {"uv": [11, 64], "uv_size": [6, 1]},
								"up": {"uv": [32, 42], "uv_size": [6, 6]},
								"down": {"uv": [46, 16], "uv_size": [6, -6]}
							}
						},
						{
							"origin": [-5.42735, 23.88659, -18.78462],
							"size": [2.18108, 1.19075, 5.9863],
							"pivot": [-3.84656, 24.48197, -15.79147],
							"rotation": [0, -90, -45],
							"uv": {
								"north": {"uv": [74, 15], "uv_size": [2, 1]},
								"east": {"uv": [62, 10], "uv_size": [6, 1]},
								"south": {"uv": [22, 74], "uv_size": [2, 1]},
								"west": {"uv": [62, 11], "uv_size": [6, 1]},
								"up": {"uv": [22, 58], "uv_size": [2, 6]},
								"down": {"uv": [24, 64], "uv_size": [2, -6]}
							}
						},
						{
							"origin": [-9.08735, 23.88659, -18.59962],
							"size": [3.80608, 1.19075, 5.6163],
							"pivot": [-3.84656, 24.48197, -15.79147],
							"rotation": [0, -90, -45],
							"uv": {
								"north": {"uv": [70, 43], "uv_size": [4, 1]},
								"east": {"uv": [19, 64], "uv_size": [6, 1]},
								"south": {"uv": [70, 44], "uv_size": [4, 1]},
								"west": {"uv": [64, 33], "uv_size": [6, 1]},
								"up": {"uv": [20, 50], "uv_size": [4, 6]},
								"down": {"uv": [24, 56], "uv_size": [4, -6]}
							}
						},
						{
							"origin": [-9.08735, 21.48882, -16.38684],
							"size": [5.84108, 5.9863, 1.19075],
							"pivot": [-3.84656, 24.48197, -15.79147],
							"rotation": [0, -90, 22.5],
							"uv": {
								"north": {"uv": [41, 34], "uv_size": [6, 6]},
								"east": {"uv": [64, 3], "uv_size": [1, 6]},
								"south": {"uv": [41, 40], "uv_size": [6, 6]},
								"west": {"uv": [10, 64], "uv_size": [1, 6]},
								"up": {"uv": [61, 14], "uv_size": [6, 1]},
								"down": {"uv": [61, 16], "uv_size": [6, -1]}
							}
						},
						{
							"origin": [-9.08735, 21.48882, -16.38684],
							"size": [5.84108, 5.9863, 1.19075],
							"pivot": [-3.84656, 24.48197, -15.79147],
							"rotation": [0, -90, -22.5],
							"uv": {
								"north": {"uv": [40, 22], "uv_size": [6, 6]},
								"east": {"uv": [63, 55], "uv_size": [1, 6]},
								"south": {"uv": [41, 28], "uv_size": [6, 6]},
								"west": {"uv": [63, 61], "uv_size": [1, 6]},
								"up": {"uv": [59, 48], "uv_size": [6, 1]},
								"down": {"uv": [60, 13], "uv_size": [6, -1]}
							}
						},
						{
							"origin": [-5.42735, 21.48882, -16.38684],
							"size": [2.18108, 5.9863, 1.19075],
							"pivot": [-3.84656, 24.48197, -15.79147],
							"rotation": [0, -90, 0],
							"uv": {
								"north": {"uv": [18, 58], "uv_size": [2, 6]},
								"east": {"uv": [51, 63], "uv_size": [1, 6]},
								"south": {"uv": [20, 58], "uv_size": [2, 6]},
								"west": {"uv": [52, 63], "uv_size": [1, 6]},
								"up": {"uv": [14, 74], "uv_size": [2, 1]},
								"down": {"uv": [74, 15], "uv_size": [2, -1]}
							}
						},
						{
							"origin": [-9.08735, 21.67382, -16.38684],
							"size": [3.80608, 5.6163, 1.19075],
							"pivot": [-3.84656, 24.48197, -15.79147],
							"rotation": [0, -90, 0],
							"uv": {
								"north": {"uv": [12, 50], "uv_size": [4, 6]},
								"east": {"uv": [17, 64], "uv_size": [1, 6]},
								"south": {"uv": [16, 50], "uv_size": [4, 6]},
								"west": {"uv": [18, 64], "uv_size": [1, 6]},
								"up": {"uv": [70, 15], "uv_size": [4, 1]},
								"down": {"uv": [70, 43], "uv_size": [4, -1]}
							}
						},
						{
							"origin": [-5.42735, 23.88659, -18.78462],
							"size": [2.18108, 1.19075, 5.9863],
							"pivot": [-3.84656, 24.48197, -15.79147],
							"rotation": [0, -90, 45],
							"uv": {
								"north": {"uv": [74, 8], "uv_size": [2, 1]},
								"east": {"uv": [59, 46], "uv_size": [6, 1]},
								"south": {"uv": [74, 13], "uv_size": [2, 1]},
								"west": {"uv": [59, 47], "uv_size": [6, 1]},
								"up": {"uv": [14, 58], "uv_size": [2, 6]},
								"down": {"uv": [16, 64], "uv_size": [2, -6]}
							}
						},
						{
							"origin": [-9.08735, 23.88659, -18.59962],
							"size": [3.80608, 1.19075, 5.6163],
							"pivot": [-3.84656, 24.48197, -15.79147],
							"rotation": [0, -90, 45],
							"uv": {
								"north": {"uv": [70, 65], "uv_size": [4, 1]},
								"east": {"uv": [64, 36], "uv_size": [6, 1]},
								"south": {"uv": [70, 66], "uv_size": [4, 1]},
								"west": {"uv": [64, 37], "uv_size": [6, 1]},
								"up": {"uv": [53, 52], "uv_size": [4, 6]},
								"down": {"uv": [0, 60], "uv_size": [4, -6]}
							}
						},
						{
							"origin": [-5.42735, 23.88659, -18.78462],
							"size": [2.18108, 1.19075, 5.9863],
							"pivot": [-3.84656, 24.48197, -15.79147],
							"rotation": [0, -90, 0],
							"uv": {
								"north": {"uv": [74, 3], "uv_size": [2, 1]},
								"east": {"uv": [59, 44], "uv_size": [6, 1]},
								"south": {"uv": [74, 4], "uv_size": [2, 1]},
								"west": {"uv": [59, 45], "uv_size": [6, 1]},
								"up": {"uv": [10, 58], "uv_size": [2, 6]},
								"down": {"uv": [12, 64], "uv_size": [2, -6]}
							}
						},
						{
							"origin": [-9.08735, 23.88659, -18.59962],
							"size": [3.80608, 1.19075, 5.6163],
							"pivot": [-3.84656, 24.48197, -15.79147],
							"rotation": [0, -90, 0],
							"uv": {
								"north": {"uv": [70, 53], "uv_size": [4, 1]},
								"east": {"uv": [64, 34], "uv_size": [6, 1]},
								"south": {"uv": [65, 70], "uv_size": [4, 1]},
								"west": {"uv": [64, 35], "uv_size": [6, 1]},
								"up": {"uv": [52, 8], "uv_size": [4, 6]},
								"down": {"uv": [49, 58], "uv_size": [4, -6]}
							}
						},
						{
							"origin": [-9.08735, 23.88659, -18.78462],
							"size": [5.84108, 1.19075, 5.9863],
							"pivot": [-3.84656, 24.48197, -15.79147],
							"rotation": [0, -90, 22.5],
							"uv": {
								"north": {"uv": [59, 28], "uv_size": [6, 1]},
								"east": {"uv": [59, 29], "uv_size": [6, 1]},
								"south": {"uv": [59, 30], "uv_size": [6, 1]},
								"west": {"uv": [59, 31], "uv_size": [6, 1]},
								"up": {"uv": [40, 10], "uv_size": [6, 6]},
								"down": {"uv": [40, 22], "uv_size": [6, -6]}
							}
						},
						{
							"origin": [-4.46913, 22.09684, -21.10882],
							"size": [1.08966, 1.15831, 0.77611],
							"uv": {
								"north": {"uv": [25, 76], "uv_size": [1, 1]},
								"east": {"uv": [76, 25], "uv_size": [1, 1]},
								"south": {"uv": [26, 76], "uv_size": [1, 1]},
								"west": {"uv": [27, 76], "uv_size": [1, 1]},
								"up": {"uv": [76, 27], "uv_size": [1, 1]},
								"down": {"uv": [28, 77], "uv_size": [1, -1]}
							}
						},
						{
							"origin": [-6.11379, 24.97564, -21.10882],
							"size": [1.08966, 1.15831, 0.77611],
							"uv": {
								"north": {"uv": [43, 76], "uv_size": [1, 1]},
								"east": {"uv": [76, 43], "uv_size": [1, 1]},
								"south": {"uv": [44, 76], "uv_size": [1, 1]},
								"west": {"uv": [76, 44], "uv_size": [1, 1]},
								"up": {"uv": [45, 76], "uv_size": [1, 1]},
								"down": {"uv": [76, 46], "uv_size": [1, -1]}
							}
						},
						{
							"origin": [-4.39513, 25.84514, -21.10882],
							"size": [1.08966, 1.15831, 0.77611],
							"uv": {
								"north": {"uv": [37, 76], "uv_size": [1, 1]},
								"east": {"uv": [76, 37], "uv_size": [1, 1]},
								"south": {"uv": [38, 76], "uv_size": [1, 1]},
								"west": {"uv": [76, 38], "uv_size": [1, 1]},
								"up": {"uv": [39, 76], "uv_size": [1, 1]},
								"down": {"uv": [76, 40], "uv_size": [1, -1]}
							}
						},
						{
							"origin": [-6.11379, 22.89234, -21.10882],
							"size": [1.08966, 1.15831, 0.77611],
							"uv": {
								"north": {"uv": [40, 76], "uv_size": [1, 1]},
								"east": {"uv": [76, 40], "uv_size": [1, 1]},
								"south": {"uv": [41, 76], "uv_size": [1, 1]},
								"west": {"uv": [76, 41], "uv_size": [1, 1]},
								"up": {"uv": [42, 76], "uv_size": [1, 1]},
								"down": {"uv": [76, 43], "uv_size": [1, -1]}
							}
						},
						{
							"origin": [-2.69313, 22.89234, -21.10882],
							"size": [1.08966, 1.15831, 0.77611],
							"uv": {
								"north": {"uv": [76, 28], "uv_size": [1, 1]},
								"east": {"uv": [29, 76], "uv_size": [1, 1]},
								"south": {"uv": [76, 29], "uv_size": [1, 1]},
								"west": {"uv": [76, 30], "uv_size": [1, 1]},
								"up": {"uv": [76, 31], "uv_size": [1, 1]},
								"down": {"uv": [76, 33], "uv_size": [1, -1]}
							}
						},
						{
							"origin": [-2.69313, 24.97564, -21.10882],
							"size": [1.08966, 1.15831, 0.77611],
							"pivot": [-13.25755, 23.4088, -21.09076],
							"rotation": [0, 0, 0],
							"uv": {
								"north": {"uv": [76, 33], "uv_size": [1, 1]},
								"east": {"uv": [76, 34], "uv_size": [1, 1]},
								"south": {"uv": [35, 76], "uv_size": [1, 1]},
								"west": {"uv": [76, 35], "uv_size": [1, 1]},
								"up": {"uv": [36, 76], "uv_size": [1, 1]},
								"down": {"uv": [76, 37], "uv_size": [1, -1]}
							}
						}
					]
				},
				{
					"name": "Bullet",
					"parent": "Cylinder",
					"pivot": [31.89012, 25.06664, -26.97308],
					"cubes": [
						{
							"origin": [-4.46913, 22.09684, -18.13332],
							"size": [1.08966, 1.15831, 2.99611],
							"uv": {
								"north": {"uv": [75, 51], "uv_size": [1, 1]},
								"east": {"uv": [49, 8], "uv_size": [3, 1]},
								"south": {"uv": [52, 75], "uv_size": [1, 1]},
								"west": {"uv": [49, 9], "uv_size": [3, 1]},
								"up": {"uv": [70, 67], "uv_size": [1, 3]},
								"down": {"uv": [70, 73], "uv_size": [1, -3]}
							}
						}
					]
				},
				{
					"name": "Bullet2",
					"parent": "Cylinder",
					"pivot": [31.29908, 26.74376, -24.94963],
					"cubes": [
						{
							"origin": [-6.11379, 24.97564, -18.13332],
							"size": [1.08966, 1.15831, 2.99611],
							"uv": {
								"north": {"uv": [75, 57], "uv_size": [1, 1]},
								"east": {"uv": [71, 30], "uv_size": [3, 1]},
								"south": {"uv": [58, 75], "uv_size": [1, 1]},
								"west": {"uv": [71, 31], "uv_size": [3, 1]},
								"up": {"uv": [71, 32], "uv_size": [1, 3]},
								"down": {"uv": [71, 38], "uv_size": [1, -3]}
							}
						}
					]
				},
				{
					"name": "Bullet3",
					"parent": "Cylinder",
					"pivot": [31.29908, 26.74376, -24.94963],
					"cubes": [
						{
							"origin": [-4.39513, 25.84514, -18.13332],
							"size": [1.08966, 1.15831, 2.99611],
							"uv": {
								"north": {"uv": [75, 55], "uv_size": [1, 1]},
								"east": {"uv": [71, 14], "uv_size": [3, 1]},
								"south": {"uv": [56, 75], "uv_size": [1, 1]},
								"west": {"uv": [19, 71], "uv_size": [3, 1]},
								"up": {"uv": [16, 71], "uv_size": [1, 3]},
								"down": {"uv": [22, 74], "uv_size": [1, -3]}
							}
						}
					]
				},
				{
					"name": "Bullet4",
					"parent": "Cylinder",
					"pivot": [31.29908, 26.74376, -24.94963],
					"cubes": [
						{
							"origin": [-6.11379, 22.89234, -18.13332],
							"size": [1.08966, 1.15831, 2.99611],
							"uv": {
								"north": {"uv": [75, 54], "uv_size": [1, 1]},
								"east": {"uv": [11, 71], "uv_size": [3, 1]},
								"south": {"uv": [55, 75], "uv_size": [1, 1]},
								"west": {"uv": [71, 13], "uv_size": [3, 1]},
								"up": {"uv": [14, 71], "uv_size": [1, 3]},
								"down": {"uv": [15, 74], "uv_size": [1, -3]}
							}
						}
					]
				},
				{
					"name": "Bullet5",
					"parent": "Cylinder",
					"pivot": [-2.1483, 23.47149, -16.63526],
					"cubes": [
						{
							"origin": [-2.69313, 22.89234, -18.13332],
							"size": [1.08966, 1.15831, 2.99611],
							"uv": {
								"north": {"uv": [53, 75], "uv_size": [1, 1]},
								"east": {"uv": [71, 3], "uv_size": [3, 1]},
								"south": {"uv": [54, 75], "uv_size": [1, 1]},
								"west": {"uv": [71, 4], "uv_size": [3, 1]},
								"up": {"uv": [71, 5], "uv_size": [1, 3]},
								"down": {"uv": [71, 13], "uv_size": [1, -3]}
							}
						}
					]
				},
				{
					"name": "Bullet6",
					"parent": "Cylinder",
					"pivot": [31.29908, 26.74376, -24.94963],
					"cubes": [
						{
							"origin": [-2.69313, 24.97564, -18.13332],
							"size": [1.08966, 1.15831, 2.99611],
							"pivot": [-13.25755, 23.4088, -18.11526],
							"rotation": [0, 0, 0],
							"uv": {
								"north": {"uv": [75, 56], "uv_size": [1, 1]},
								"east": {"uv": [71, 28], "uv_size": [3, 1]},
								"south": {"uv": [57, 75], "uv_size": [1, 1]},
								"west": {"uv": [71, 29], "uv_size": [3, 1]},
								"up": {"uv": [23, 71], "uv_size": [1, 3]},
								"down": {"uv": [24, 74], "uv_size": [1, -3]}
							}
						}
					]
				},
				{
					"name": "sight",
					"parent": "frame2",
					"pivot": [-3.91255, 21.14835, -13.29249],
					"cubes": [
						{
							"origin": [-4.0204, 29.1042, -50.49045],
							"size": [0.15319, 0.20989, 0.5986],
							"pivot": [-3.9438, 28.71336, -50.71123],
							"rotation": [-90, 0, 0],
							"uv": {
								"north": {"uv": [19, 77], "uv_size": [1, 1]},
								"east": {"uv": [77, 19], "uv_size": [1, 1]},
								"south": {"uv": [20, 77], "uv_size": [1, 1]},
								"west": {"uv": [77, 20], "uv_size": [1, 1]},
								"up": {"uv": [21, 77], "uv_size": [1, 1]},
								"down": {"uv": [77, 22], "uv_size": [1, -1]}
							}
						},
						{
							"origin": [-4.0204, 27.8292, -50.26147],
							"size": [0.15319, 0.31833, 0.73874],
							"pivot": [-3.9438, 28.03836, -49.54209],
							"rotation": [-30, 0, 0],
							"uv": {
								"north": {"uv": [16, 77], "uv_size": [1, 1]},
								"east": {"uv": [77, 16], "uv_size": [1, 1]},
								"south": {"uv": [17, 77], "uv_size": [1, 1]},
								"west": {"uv": [77, 17], "uv_size": [1, 1]},
								"up": {"uv": [18, 77], "uv_size": [1, 1]},
								"down": {"uv": [77, 19], "uv_size": [1, -1]}
							}
						},
						{
							"origin": [-4.0204, 27.9292, -50.26147],
							"size": [0.15319, 0.21833, 0.83874],
							"uv": {
								"north": {"uv": [13, 77], "uv_size": [1, 1]},
								"east": {"uv": [77, 13], "uv_size": [1, 1]},
								"south": {"uv": [14, 77], "uv_size": [1, 1]},
								"west": {"uv": [77, 14], "uv_size": [1, 1]},
								"up": {"uv": [15, 77], "uv_size": [1, 1]},
								"down": {"uv": [77, 16], "uv_size": [1, -1]}
							}
						}
					]
				},
				{
					"name": "Grip",
					"parent": "gun",
					"pivot": [-4.728, 21.89017, -12.60048],
					"cubes": [
						{
							"origin": [-5.5704, 22.1294, -6.82511],
							"size": [1.40319, 4.36879, 5.93555],
							"pivot": [-4.728, 21.99017, -5.20048],
							"rotation": [37.5, 0, -180],
							"uv": {
								"north": {"uv": [53, 70], "uv_size": [1, 4]},
								"east": {"uv": [49, 44], "uv_size": [6, 4]},
								"south": {"uv": [54, 70], "uv_size": [1, 4]},
								"west": {"uv": [49, 48], "uv_size": [6, 4]},
								"up": {"uv": [61, 62], "uv_size": [1, 6]},
								"down": {"uv": [62, 68], "uv_size": [1, -6]}
							}
						},
						{
							"origin": [-6.8954, 22.1294, -6.82511],
							"size": [1.35319, 4.36879, 5.93555],
							"pivot": [-4.728, 21.99017, -5.20048],
							"rotation": [37.5, 0, -180],
							"uv": {
								"north": {"uv": [55, 70], "uv_size": [1, 4]},
								"east": {"uv": [0, 50], "uv_size": [6, 4]},
								"south": {"uv": [56, 70], "uv_size": [1, 4]},
								"west": {"uv": [6, 50], "uv_size": [6, 4]},
								"up": {"uv": [63, 3], "uv_size": [1, 6]},
								"down": {"uv": [63, 39], "uv_size": [1, -6]}
							}
						},
						{
							"origin": [-5.8704, 22.03877, -6.86738],
							"size": [0.82819, 4.50724, 5.97781],
							"pivot": [-4.728, 21.99017, -5.20048],
							"rotation": [37.5, 0, -180],
							"uv": {
								"north": {"uv": [7, 70], "uv_size": [1, 5]},
								"east": {"uv": [49, 3], "uv_size": [6, 5]},
								"south": {"uv": [10, 70], "uv_size": [1, 5]},
								"west": {"uv": [49, 27], "uv_size": [6, 5]},
								"up": {"uv": [49, 63], "uv_size": [1, 6]},
								"down": {"uv": [50, 69], "uv_size": [1, -6]}
							}
						},
						{
							"origin": [-6.8704, 16.89681, -3.93358],
							"size": [1.32819, 4.67316, 8.93532],
							"pivot": [-4.728, 18.34017, -3.20048],
							"rotation": [82.5, 0, -180],
							"uv": {
								"north": {"uv": [70, 3], "uv_size": [1, 5]},
								"east": {"uv": [32, 32], "uv_size": [9, 5]},
								"south": {"uv": [4, 70], "uv_size": [1, 5]},
								"west": {"uv": [32, 37], "uv_size": [9, 5]},
								"up": {"uv": [53, 58], "uv_size": [1, 9]},
								"down": {"uv": [54, 67], "uv_size": [1, -9]}
							}
						},
						{
							"origin": [-5.5704, 16.89681, -3.93358],
							"size": [1.40319, 4.67316, 8.93532],
							"pivot": [-4.728, 18.34017, -3.20048],
							"rotation": [82.5, 0, -180],
							"uv": {
								"north": {"uv": [5, 70], "uv_size": [1, 5]},
								"east": {"uv": [40, 0], "uv_size": [9, 5]},
								"south": {"uv": [6, 70], "uv_size": [1, 5]},
								"west": {"uv": [40, 5], "uv_size": [9, 5]},
								"up": {"uv": [55, 58], "uv_size": [1, 9]},
								"down": {"uv": [56, 67], "uv_size": [1, -9]}
							}
						},
						{
							"origin": [-6.8704, 15.89681, 1.06642],
							"size": [1.32819, 1, 3.93532],
							"pivot": [-4.728, 18.34017, -3.20048],
							"rotation": [82.5, 0, -180],
							"uv": {
								"north": {"uv": [75, 60], "uv_size": [1, 1]},
								"east": {"uv": [69, 59], "uv_size": [4, 1]},
								"south": {"uv": [75, 61], "uv_size": [1, 1]},
								"west": {"uv": [70, 8], "uv_size": [4, 1]},
								"up": {"uv": [70, 61], "uv_size": [1, 4]},
								"down": {"uv": [64, 74], "uv_size": [1, -4]}
							}
						},
						{
							"origin": [-5.5704, 15.89681, 1.06642],
							"size": [1.40319, 1, 3.93532],
							"pivot": [-4.728, 18.34017, -3.20048],
							"rotation": [82.5, 0, -180],
							"uv": {
								"north": {"uv": [75, 58], "uv_size": [1, 1]},
								"east": {"uv": [69, 57], "uv_size": [4, 1]},
								"south": {"uv": [75, 59], "uv_size": [1, 1]},
								"west": {"uv": [69, 58], "uv_size": [4, 1]},
								"up": {"uv": [59, 70], "uv_size": [1, 4]},
								"down": {"uv": [60, 74], "uv_size": [1, -4]}
							}
						},
						{
							"origin": [-6.8454, 16.74804, -3.49345],
							"size": [1.32819, 1.57895, 8.85138],
							"pivot": [-4.703, 18.34017, -3.20048],
							"rotation": [66, 0, -180],
							"uv": {
								"north": {"uv": [11, 54], "uv_size": [1, 2]},
								"east": {"uv": [10, 56], "uv_size": [9, 2]},
								"south": {"uv": [67, 14], "uv_size": [1, 2]},
								"west": {"uv": [19, 56], "uv_size": [9, 2]},
								"up": {"uv": [1, 60], "uv_size": [1, 9]},
								"down": {"uv": [2, 69], "uv_size": [1, -9]}
							}
						},
						{
							"origin": [-5.8704, 16.66839, -3.5367],
							"size": [0.82819, 0.09425, 8.89463],
							"pivot": [-4.728, 18.34017, -3.20048],
							"rotation": [66, 0, -180],
							"uv": {
								"north": {"uv": [75, 62], "uv_size": [1, 1]},
								"east": {"uv": [58, 41], "uv_size": [9, 1]},
								"south": {"uv": [63, 75], "uv_size": [1, 1]},
								"west": {"uv": [58, 42], "uv_size": [9, 1]},
								"up": {"uv": [3, 60], "uv_size": [1, 9]},
								"down": {"uv": [60, 12], "uv_size": [1, -9]}
							}
						},
						{
							"origin": [-5.8704, 21.59339, -3.5367],
							"size": [0.82819, 0.09425, 8.49463],
							"pivot": [-4.728, 18.34017, -3.20048],
							"rotation": [82, 0, -180],
							"uv": {
								"north": {"uv": [75, 63], "uv_size": [1, 1]},
								"east": {"uv": [58, 43], "uv_size": [8, 1]},
								"south": {"uv": [75, 64], "uv_size": [1, 1]},
								"west": {"uv": [59, 27], "uv_size": [8, 1]},
								"up": {"uv": [8, 61], "uv_size": [1, 8]},
								"down": {"uv": [9, 69], "uv_size": [1, -8]}
							}
						},
						{
							"origin": [-5.5704, 16.74804, -3.49345],
							"size": [1.40319, 1.57895, 8.85138],
							"pivot": [-4.728, 18.34017, -3.20048],
							"rotation": [66, 0, -180],
							"uv": {
								"north": {"uv": [46, 26], "uv_size": [1, 2]},
								"east": {"uv": [52, 14], "uv_size": [9, 2]},
								"south": {"uv": [10, 54], "uv_size": [1, 2]},
								"west": {"uv": [55, 49], "uv_size": [9, 2]},
								"up": {"uv": [59, 55], "uv_size": [1, 9]},
								"down": {"uv": [0, 69], "uv_size": [1, -9]}
							}
						}
					]
				},
				{
					"name": "Teuing",
					"parent": "gun",
					"pivot": [-3, 15.7, -26.6],
					"rotation": [-67.5, 0, 0],
					"cubes": [
						{
							"origin": [-4.72338, 1.83932, -34.87305],
							"size": [1.44718, 0.57652, 1.82638],
							"inflate": 0.002,
							"pivot": [-3.99979, 14.80722, -31.01676],
							"rotation": [40, 0, 180],
							"uv": {
								"north": {"uv": [65, 75], "uv_size": [1, 1]},
								"east": {"uv": [55, 51], "uv_size": [2, 1]},
								"south": {"uv": [66, 75], "uv_size": [1, 1]},
								"west": {"uv": [66, 12], "uv_size": [2, 1]},
								"up": {"uv": [73, 32], "uv_size": [1, 2]},
								"down": {"uv": [73, 36], "uv_size": [1, -2]}
							}
						},
						{
							"origin": [-5.0238, 5.83906, -25.8618],
							"size": [1.44718, 0.57767, 1.11808],
							"inflate": 0.002,
							"pivot": [-4.15, 16.15367, -27.42496],
							"rotation": [7.5, 0, 180],
							"uv": {
								"north": {"uv": [75, 67], "uv_size": [1, 1]},
								"east": {"uv": [70, 75], "uv_size": [1, 1]},
								"south": {"uv": [75, 70], "uv_size": [1, 1]},
								"west": {"uv": [75, 72], "uv_size": [1, 1]},
								"up": {"uv": [73, 75], "uv_size": [1, 1]},
								"down": {"uv": [75, 74], "uv_size": [1, -1]}
							}
						},
						{
							"origin": [-5.0238, 6.88765, -22.31157],
							"size": [1.44718, 0.55526, 1.29741],
							"inflate": 0.002,
							"pivot": [-4.15, 16.15367, -27.42496],
							"rotation": [-7.5, 0, 180],
							"uv": {
								"north": {"uv": [75, 74], "uv_size": [1, 1]},
								"east": {"uv": [75, 75], "uv_size": [1, 1]},
								"south": {"uv": [76, 3], "uv_size": [1, 1]},
								"west": {"uv": [76, 4], "uv_size": [1, 1]},
								"up": {"uv": [76, 5], "uv_size": [1, 1]},
								"down": {"uv": [76, 7], "uv_size": [1, -1]}
							}
						},
						{
							"origin": [-5.0238, 15.05991, -16.6296],
							"size": [1.44718, 0.40637, 1.77538],
							"inflate": 0.002,
							"pivot": [-4.15, 16.15367, -27.42496],
							"rotation": [-57.5, 0, 180],
							"uv": {
								"north": {"uv": [76, 8], "uv_size": [1, 1]},
								"east": {"uv": [73, 27], "uv_size": [2, 1]},
								"south": {"uv": [76, 9], "uv_size": [1, 1]},
								"west": {"uv": [73, 36], "uv_size": [2, 1]},
								"up": {"uv": [73, 37], "uv_size": [1, 2]},
								"down": {"uv": [73, 41], "uv_size": [1, -2]}
							}
						},
						{
							"origin": [-5.0238, 18.85582, -15.22602],
							"size": [1.44718, 0.42288, 1.8253],
							"inflate": 0.002,
							"pivot": [-4.15, 16.15367, -27.42496],
							"rotation": [-75, 0, 180],
							"uv": {
								"north": {"uv": [76, 10], "uv_size": [1, 1]},
								"east": {"uv": [73, 47], "uv_size": [2, 1]},
								"south": {"uv": [76, 11], "uv_size": [1, 1]},
								"west": {"uv": [73, 48], "uv_size": [2, 1]},
								"up": {"uv": [73, 57], "uv_size": [1, 2]},
								"down": {"uv": [63, 75], "uv_size": [1, -2]}
							}
						},
						{
							"origin": [-4.3966, 8.73222, -32.07222],
							"size": [1.44804, 0.48155, 1.13478],
							"inflate": 0.002,
							"pivot": [-3.85, 18.94633, -26.12496],
							"rotation": [53.49474, -0.04705, -179.8637],
							"uv": {
								"north": {"uv": [76, 12], "uv_size": [1, 1]},
								"east": {"uv": [76, 13], "uv_size": [1, 1]},
								"south": {"uv": [14, 76], "uv_size": [1, 1]},
								"west": {"uv": [76, 14], "uv_size": [1, 1]},
								"up": {"uv": [15, 76], "uv_size": [1, 1]},
								"down": {"uv": [76, 16], "uv_size": [1, -1]}
							}
						},
						{
							"origin": [-4.3966, 8.04905, -31.88284],
							"size": [1.44804, 0.49868, 1.18965],
							"inflate": 0.002,
							"pivot": [-3.85, 18.94633, -26.12496],
							"rotation": [45.99474, -0.04705, -179.8637],
							"uv": {
								"north": {"uv": [16, 76], "uv_size": [1, 1]},
								"east": {"uv": [76, 16], "uv_size": [1, 1]},
								"south": {"uv": [76, 17], "uv_size": [1, 1]},
								"west": {"uv": [76, 18], "uv_size": [1, 1]},
								"up": {"uv": [19, 76], "uv_size": [1, 1]},
								"down": {"uv": [76, 20], "uv_size": [1, -1]}
							}
						},
						{
							"origin": [-4.3966, 6.82148, -30.1421],
							"size": [1.44804, 0.51991, 1.79933],
							"inflate": 0.002,
							"pivot": [-3.85, 18.94633, -26.12496],
							"rotation": [28.49474, -0.04705, -179.8637],
							"uv": {
								"north": {"uv": [20, 76], "uv_size": [1, 1]},
								"east": {"uv": [73, 59], "uv_size": [2, 1]},
								"south": {"uv": [76, 20], "uv_size": [1, 1]},
								"west": {"uv": [73, 67], "uv_size": [2, 1]},
								"up": {"uv": [73, 68], "uv_size": [1, 2]},
								"down": {"uv": [70, 75], "uv_size": [1, -2]}
							}
						}
					]
				},
				{
					"name": "Trigger",
					"parent": "gun",
					"pivot": [-3.99726, 19.48978, -13.37182],
					"cubes": [
						{
							"origin": [-4.02423, 15.25253, -16.66596],
							"size": [0.64804, 0.51991, 1.79933],
							"inflate": 0.002,
							"pivot": [-3.85, 16.43757, -13.79764],
							"rotation": [78.49474, -0.13466, -179.94843],
							"uv": {
								"north": {"uv": [21, 76], "uv_size": [1, 1]},
								"east": {"uv": [73, 70], "uv_size": [2, 1]},
								"south": {"uv": [76, 21], "uv_size": [1, 1]},
								"west": {"uv": [71, 73], "uv_size": [2, 1]},
								"up": {"uv": [73, 71], "uv_size": [1, 2]},
								"down": {"uv": [73, 75], "uv_size": [1, -2]}
							}
						},
						{
							"origin": [-4.02423, 15.94506, -15.3132],
							"size": [0.64804, 0.48194, 1.23266],
							"inflate": 0.002,
							"pivot": [-3.85, 16.43757, -13.79764],
							"rotation": [108.49474, -0.13466, -179.94843],
							"uv": {
								"north": {"uv": [22, 76], "uv_size": [1, 1]},
								"east": {"uv": [76, 22], "uv_size": [1, 1]},
								"south": {"uv": [23, 76], "uv_size": [1, 1]},
								"west": {"uv": [76, 23], "uv_size": [1, 1]},
								"up": {"uv": [24, 76], "uv_size": [1, 1]},
								"down": {"uv": [76, 25], "uv_size": [1, -1]}
							}
						}
					]
				},
				{
					"name": "muzzleflash",
					"parent": "main",
					"pivot": [-3.975, 25.975, -65.05],
					"cubes": [
						{
							"origin": [-4.475, 25.475, -52.55],
							"size": [1, 1, 1],
							"inflate": -0.4,
							"uv": {
								"north": {"uv": [47, 56], "uv_size": [1, 1]},
								"east": {"uv": [19, 75], "uv_size": [1, 1]},
								"south": {"uv": [20, 75], "uv_size": [1, 1]},
								"west": {"uv": [21, 75], "uv_size": [1, 1]},
								"up": {"uv": [22, 75], "uv_size": [1, 1]},
								"down": {"uv": [23, 76], "uv_size": [1, -1]}
							}
						}
					]
				},
				{
					"name": "scope",
					"parent": "main",
					"pivot": [-3.9, 28.25, -8.15],
					"cubes": [
						{
							"origin": [-4.425, 27.75, -8.65],
							"size": [1, 1, 1],
							"inflate": -0.4,
							"uv": {
								"north": {"uv": [25, 75], "uv_size": [1, 1]},
								"east": {"uv": [26, 75], "uv_size": [1, 1]},
								"south": {"uv": [27, 75], "uv_size": [1, 1]},
								"west": {"uv": [75, 27], "uv_size": [1, 1]},
								"up": {"uv": [28, 75], "uv_size": [1, 1]},
								"down": {"uv": [29, 76], "uv_size": [1, -1]}
							}
						}
					]
				},
				{
					"name": "rightarm",
					"parent": "main",
					"pivot": [-11.3, 12.8, 0.8],
					"rotation": [-101.81106, -12.40003, -2.46982],
					"cubes": [
						{
							"origin": [-9.40843, 2.22792, -6.79883],
							"size": [8, 24, 8],
							"pivot": [-8.3, 0.8, -2.2],
							"rotation": [0, 0, 12.5],
							"uv": {
								"north": {"uv": [0, 0], "uv_size": [8, 24]},
								"east": {"uv": [8, 0], "uv_size": [8, 24]},
								"south": {"uv": [16, 0], "uv_size": [8, 24]},
								"west": {"uv": [0, 24], "uv_size": [8, 24]},
								"up": {"uv": [32, 0], "uv_size": [8, 8]},
								"down": {"uv": [32, 16], "uv_size": [8, -8]}
							}
						}
					]
				},
				{
					"name": "leftarm",
					"parent": "main",
					"pivot": [-0.67813, 12.10063, -13.53374],
					"rotation": [-119.61483, 1.67666, -38.31282],
					"cubes": [
						{
							"origin": [-5.0585, 14.39756, -21.95516],
							"size": [8, 24, 8],
							"uv": {
								"north": {"uv": [24, 0], "uv_size": [8, 24]},
								"east": {"uv": [8, 24], "uv_size": [8, 24]},
								"south": {"uv": [16, 24], "uv_size": [8, 24]},
								"west": {"uv": [24, 24], "uv_size": [8, 24]},
								"up": {"uv": [32, 16], "uv_size": [8, 8]},
								"down": {"uv": [32, 32], "uv_size": [8, -8]}
							}
						}
					]
				}
			]
		}
	]
}