{
	"format_version": "1.8.0",
	"animations": {
		"animation.model.prepare": {
			"loop": "hold_on_last_frame",
			"animation_length": 0.91667,
			"bones": {
				"main": {
					"rotation": {
						"0.0": {
							"vector": [0, 0, 0]
						},
						"0.125": {
							"vector": [-3.25, 0, 15]
						},
						"0.25": {
							"vector": [0, 0, 17.5]
						},
						"0.4167": {
							"vector": [0, 0, 20]
						},
						"0.5417": {
							"vector": [1, 0, 17.5]
						},
						"0.7083": {
							"vector": [0, 0, 15]
						}
					},
					"position": {
						"0.0": {
							"vector": [0, 0, 0]
						},
						"0.125": {
							"vector": [0, 0, 2]
						}
					}
				},
				"Loader": {
					"rotation": {
						"0.0": {
							"vector": [0, 0, 0]
						},
						"0.4167": {
							"vector": [0, 0, 0]
						},
						"0.5417": {
							"vector": [0, 0, 47.5]
						},
						"0.6667": {
							"vector": [0, 0, 50]
						}
					}
				},
				"rightarm": {
					"rotation": {
						"0.0": {
							"vector": [0, 0, 0]
						},
						"0.125": {
							"vector": [0, 0, 0]
						},
						"0.5417": {
							"vector": [4.7905, 7.49482, -18.12682]
						},
						"0.6667": {
							"vector": [6.01459, 6.09404, -30.60833]
						}
					},
					"position": {
						"0.0": {
							"vector": [0, 0, 0]
						},
						"0.125": {
							"vector": [0, 0, 0]
						},
						"0.25": {
							"vector": [0, 0, 0]
						},
						"0.4167": {
							"vector": [-5, 9, -12]
						},
						"0.5417": {
							"vector": [-5, 9, -13]
						},
						"0.6667": {
							"vector": [-5.4, 7, -13]
						},
						"0.9167": {
							"vector": [-5.4, 7, 31]
						}
					}
				},
				"leftarm": {
					"rotation": {
						"0.0": {
							"vector": [0, 0, 0]
						},
						"0.125": {
							"vector": [0, 0, 0]
						}
					},
					"position": {
						"0.0": {
							"vector": [0, 0, 0]
						},
						"0.125": {
							"vector": [0, 0, 0]
						},
						"0.25": {
							"vector": [0, 0, -7]
						}
					}
				},
				"Bullet": {
					"rotation": {
						"vector": [0, 0, 0]
					},
					"position": {
						"0.0": {
							"vector": [0, 0, 0]
						},
						"0.4167": {
							"vector": [0, 0, 0]
						},
						"0.5417": {
							"vector": [-7.1, 0, 5]
						},
						"0.9167": {
							"vector": [-7.1, 0, 49]
						}
					}
				}
			},
			"sound_effects": {
				"0.5417": {
					"effect": "ejector_rod"
				}
			}
		},
		"animation.model.preparealt": {
			"loop": "hold_on_last_frame",
			"animation_length": 0.91667,
			"bones": {
				"main": {
					"rotation": {
						"0.0": {
							"vector": [0, 0, 0]
						},
						"0.125": {
							"vector": [-3.25, 0, 15]
						},
						"0.25": {
							"vector": [0, 0, 17.5]
						},
						"0.4167": {
							"vector": [0, 0, 20]
						},
						"0.5417": {
							"vector": [1, 0, 17.5]
						},
						"0.7083": {
							"vector": [0, 0, 15]
						}
					},
					"position": {
						"0.0": {
							"vector": [0, 0, 0]
						},
						"0.125": {
							"vector": [0, 0, 2]
						}
					}
				},
				"Loader": {
					"rotation": {
						"0.0": {
							"vector": [0, 0, 0]
						},
						"0.4167": {
							"vector": [0, 0, 0]
						},
						"0.5417": {
							"vector": [0, 0, 47.5]
						},
						"0.6667": {
							"vector": [0, 0, 50]
						}
					}
				},
				"rightarm": {
					"rotation": {
						"0.0": {
							"vector": [0, 0, 0]
						},
						"0.125": {
							"vector": [0, 0, 0]
						},
						"0.5417": {
							"vector": [4.7905, 7.49482, -18.12682]
						},
						"0.6667": {
							"vector": [6.01459, 6.09404, -30.60833]
						}
					},
					"position": {
						"0.0": {
							"vector": [0, 0, 0]
						},
						"0.125": {
							"vector": [0, 0, 0]
						},
						"0.25": {
							"vector": [0, 0, 0]
						},
						"0.4167": {
							"vector": [-5, 9, -12]
						},
						"0.5417": {
							"vector": [-5, 9, -13]
						},
						"0.6667": {
							"vector": [-5.4, 7, -13]
						},
						"0.9167": {
							"vector": [-5.4, 7, 31]
						}
					}
				},
				"leftarm": {
					"rotation": {
						"0.0": {
							"vector": [0, 0, 0]
						},
						"0.125": {
							"vector": [0, 0, 0]
						}
					},
					"position": {
						"0.0": {
							"vector": [0, 0, 0]
						},
						"0.125": {
							"vector": [0, 0, 0]
						},
						"0.25": {
							"vector": [0, 0, -7]
						}
					}
				},
				"Bullet": {
					"position": {
						"0.0": {
							"vector": [0, 0, 0]
						},
						"0.4167": {
							"vector": [0, 0, 0]
						},
						"0.5417": {
							"vector": [-7.1, 0, 5]
						},
						"0.9167": {
							"vector": [-7.1, 0, 49]
						}
					}
				}
			},
			"sound_effects": {
				"0.5417": {
					"effect": "ejector_rod"
				}
			}
		},
		"animation.model.draw": {
			"loop": "hold_on_last_frame",
			"animation_length": 2,
			"bones": {
				"main": {
					"rotation": {
						"0.0": {
							"vector": [32.09413, -54.38778, -8.29667]
						},
						"0.35": {
							"vector": [0.50518, -5.08075, 6.8716],
							"easing": "easeOutSine"
						},
						"0.5": {
							"vector": [0.32389, -0.60235, -2.1558],
							"easing": "linear"
						},
						"0.6": {
							"vector": [0, 0, 0],
							"easing": "linear"
						},
						"0.75": {
							"vector": [0, 0, -2.5]
						},
						"0.95": {
							"vector": [0, 1.25, -2.5]
						},
						"1.1": {
							"vector": [0.04908, 1.24904, -0.24946]
						},
						"1.3": {
							"vector": [0, 0, -2.5]
						},
						"1.5": {
							"vector": [0, 1.25, -2.5]
						},
						"1.65": {
							"vector": [0.04908, 1.24904, -0.24946]
						},
						"1.85": {
							"vector": [0, 0, 0],
							"easing": "linear"
						}
					},
					"position": {
						"0.0": {
							"vector": [0, -17.3, 0]
						},
						"0.25": {
							"vector": [-0.4, -2.525, -1.625],
							"easing": "linear"
						},
						"0.4": {
							"vector": [-0.05, 0, -2.49],
							"easing": "linear"
						},
						"0.55": {
							"vector": [0, 0, 0],
							"easing": "linear"
						},
						"1.8": {
							"vector": [0, 0, 0],
							"easing": "linear"
						}
					}
				},
				"leftarm": {
					"rotation": {
						"0.0": {
							"vector": [0, 0, 0]
						},
						"0.2": {
							"vector": [1, 0, -22]
						},
						"0.4": {
							"vector": [0, 0, 0]
						},
						"0.6": {
							"vector": [0, 0, 0]
						},
						"0.7": {
							"vector": [6.54278, -21.64243, -27.27962]
						},
						"1.2": {
							"vector": [0, 0, 0]
						},
						"1.3": {
							"vector": [6.54278, -21.64243, -27.27962]
						},
						"1.8": {
							"vector": [0, 0, 0]
						}
					},
					"position": {
						"0.0": {
							"vector": [0, 0, 0]
						},
						"0.2": {
							"vector": [3.53901, 3.6754, 5.59783]
						},
						"0.4": {
							"vector": [0, 0, 0]
						},
						"0.6": {
							"vector": [0, 0, 0]
						},
						"0.7": {
							"vector": [0, 0, -8]
						},
						"0.8": {
							"vector": [0, 1, -11]
						},
						"0.9": {
							"vector": [0, 3, -11]
						},
						"1.05": {
							"vector": [0, 3, -4]
						},
						"1.2": {
							"vector": [0, 0, 0]
						},
						"1.3": {
							"vector": [0, 0, -8]
						},
						"1.4": {
							"vector": [0, 1, -11]
						},
						"1.5": {
							"vector": [0, 3, -11]
						},
						"1.65": {
							"vector": [0, 3, -4]
						},
						"1.8": {
							"vector": [0, 0, 0]
						}
					}
				}
			}
		},
		"animation.model.inspect": {
			"loop": "hold_on_last_frame",
			"animation_length": 4.76667,
			"bones": {
				"main": {
					"rotation": {
						"0.0": {
							"vector": [0, 0, 0]
						},
						"0.1333": {
							"vector": [0, 0, -15]
						},
						"0.2667": {
							"vector": [0, 0, -17.5]
						},
						"0.4": {
							"vector": [0, 0.5, -17.5]
						},
						"0.5333": {
							"vector": [0.08506, 1.49759, -14.24889]
						},
						"0.6667": {
							"vector": [0.08524, 3.99758, -14.24517]
						},
						"1.0667": {
							"vector": [3.15148, 2.46215, 36.5696]
						},
						"1.1667": {
							"vector": [3.32511, 2.22197, 40.81636]
						},
						"1.2667": {
							"vector": [3.25578, 2.32242, 39.06787]
						},
						"1.5333": {
							"vector": [3.15148, 2.46215, 36.5696]
						},
						"1.6667": {
							"vector": [3.44558, 2.03, 44.06292]
						},
						"1.8333": {
							"vector": [0.94558, 2.03, 44.06292]
						},
						"2.0": {
							"vector": [1.11895, 1.93986, 49.06511]
						},
						"2.1": {
							"vector": [1.11895, 1.93986, 49.06511]
						},
						"2.4667": {
							"vector": [0.67243, 2.13604, 36.5587]
						},
						"2.6667": {
							"vector": [0.67243, 2.13604, 36.5587]
						},
						"2.8": {
							"vector": [0.0964, 2.23726, 21.54805]
						},
						"2.9": {
							"vector": [0.29112, 2.22034, 26.55181]
						},
						"3.0": {
							"vector": [0.29112, 2.22034, 26.55181]
						},
						"3.3": {
							"vector": [-1.20475, 1.88779, -13.47368]
						},
						"3.4667": {
							"vector": [-1.28596, 1.83344, -15.97441]
						},
						"3.6333": {
							"vector": [-1.12125, 1.93854, -10.9728]
						},
						"3.9333": {
							"vector": [0.57858, 2.16334, 34.05709]
						},
						"4.1": {
							"vector": [-1.72556, 2.32255, 39.05839]
						},
						"4.3": {
							"vector": [-1.6226, 2.39559, 41.55944]
						},
						"4.4667": {
							"vector": [-1.82524, 2.24508, 36.5576]
						},
						"4.6": {
							"vector": [0, 0, 0]
						},
						"4.6667": {
							"vector": [0, 0, -3.25]
						},
						"4.7333": {
							"vector": [0, 0, 0]
						}
					},
					"position": {
						"0.0": {
							"vector": [0, 0, 0]
						},
						"1.2667": {
							"vector": [0, 0, 0]
						},
						"1.4": {
							"vector": [0, 0, 0.5]
						},
						"4.4667": {
							"vector": [0, 0, 0.5]
						},
						"4.6": {
							"vector": [0, 0, 0]
						},
						"4.7333": {
							"vector": [0, 0, 0]
						}
					}
				},
				"ChamberTop": {
					"position": {
						"0.0": {
							"vector": [0, 0, 0]
						},
						"1.4333": {
							"vector": [0, 0, 0]
						},
						"1.5667": {
							"vector": [0, 0, 0]
						},
						"1.8667": {
							"vector": [0, 0, -6]
						},
						"2.3": {
							"vector": [0, 0, -6]
						},
						"2.4667": {
							"vector": [0, 0, 0]
						}
					}
				},
				"Chamber": {
					"rotation": {
						"0.0": {
							"vector": [0, 0, 0]
						},
						"1.4333": {
							"vector": [0, 0, 0]
						},
						"1.5667": {
							"vector": [0, 0, 0]
						},
						"1.6667": {
							"vector": [0, 0, -40]
						},
						"2.4667": {
							"vector": [0, 0, -40]
						},
						"2.6333": {
							"vector": [0, 0, 0]
						}
					},
					"position": {
						"0.0": {
							"vector": [0, 0, 0]
						},
						"1.4333": {
							"vector": [0, 0, 0]
						},
						"1.5667": {
							"vector": [0, 0, 0]
						},
						"1.8667": {
							"vector": [0, 0, -6]
						},
						"2.3": {
							"vector": [0, 0, -6]
						},
						"2.4667": {
							"vector": [0, 0, 0]
						}
					}
				},
				"rightarm": {
					"rotation": {
						"0.0": {
							"vector": [0, 0, 0]
						},
						"1.4333": {
							"vector": [0, 0, 0]
						},
						"1.5667": {
							"vector": [-3.07617, 10.98054, 25.38807]
						},
						"1.6667": {
							"vector": [-2.94648, 14.83851, 39.88678]
						},
						"2.6333": {
							"vector": [0.75905, 6.02001, 5.96144]
						},
						"2.7667": {
							"vector": [0, 0, 0]
						}
					},
					"position": {
						"0.0": {
							"vector": [0, 0, 0]
						},
						"1.2667": {
							"vector": [0, 0, 0]
						},
						"1.4333": {
							"vector": [-6, -5, -10]
						},
						"1.5667": {
							"vector": [-4, 4, -7]
						},
						"1.6667": {
							"vector": [-5, 9, -7]
						},
						"1.8667": {
							"vector": [-6, 9, 3]
						},
						"2.3": {
							"vector": [-6, 9, 3]
						},
						"2.4667": {
							"vector": [-6, 9, -2]
						},
						"2.6333": {
							"vector": [-4, 4, -7]
						},
						"2.7667": {
							"vector": [0, 0, 0]
						}
					}
				},
				"BulletShell": {
					"position": {
						"0.0": {
							"vector": [0, 0, 0]
						},
						"1.4333": {
							"vector": [0, 0, 0]
						},
						"1.8667": {
							"vector": [0, 0, 2]
						},
						"2.3": {
							"vector": [0, 0, 2]
						},
						"2.4667": {
							"vector": [0, 0, 0]
						}
					}
				}
			},
			"sound_effects": {
				"1.6667": {
					"effect": "open_bolt_alt1"
				},
				"1.9": {
					"effect": "open_bolt_alt2"
				},
				"2.4667": {
					"effect": "close_bolt"
				}
			}
		},
		"animation.model.chamberload": {
			"loop": "hold_on_last_frame",
			"animation_length": 2.16667,
			"bones": {
				"main": {
					"rotation": {
						"0.0": {
							"vector": [0, 0, 15]
						},
						"0.1667": {
							"vector": [0, 0.75, 16.5]
						},
						"0.25": {
							"vector": [0, 0.75, 16.5]
						},
						"0.2917": {
							"vector": [0.24695, 0.75, 16.5]
						},
						"0.4167": {
							"vector": [-0.5, 0.75, 16.5]
						},
						"0.5833": {
							"vector": [-0.38156, 0.70741, 21.83808]
						},
						"0.6667": {
							"vector": [-0.43432, 0.64722, 16.23479]
						},
						"0.75": {
							"vector": [-0.36588, 0.60437, 18.67576]
						},
						"1.1667": {
							"vector": [-0.38675, 0.59124, 16.67569]
						},
						"1.4583": {
							"vector": [-0.36588, 0.60437, 18.67576]
						},
						"1.6667": {
							"vector": [-0.22711, 0.3439, 14.89417]
						},
						"1.75": {
							"vector": [-0.16859, 0.24131, 13.4244]
						},
						"1.9583": {
							"vector": [0, 0, 15]
						}
					},
					"position": {
						"0.0": {
							"vector": [0, 0, 0]
						},
						"0.9583": {
							"vector": [0, 0, 0]
						},
						"1.125": {
							"vector": [0, 0, 1]
						},
						"1.375": {
							"vector": [0, 0, 0]
						}
					}
				},
				"ChamberTop": {
					"position": {
						"0.0": {
							"vector": [0, 0, 0]
						},
						"0.8333": {
							"vector": [0, 0, 0]
						},
						"1.0": {
							"vector": [0, 0, -8.1]
						},
						"1.0833": {
							"vector": [0, 0, -13.1]
						},
						"1.375": {
							"vector": [0, 0, 0]
						}
					}
				},
				"Chamber": {
					"rotation": {
						"0.0": {
							"vector": [0, 0, 0]
						},
						"0.75": {
							"vector": [0, 0, 0]
						},
						"0.8333": {
							"vector": [0, 0, -52.5]
						},
						"1.0833": {
							"vector": [0, 0, -52.5]
						},
						"1.375": {
							"vector": [0, 0, -52.5]
						},
						"1.4583": {
							"vector": [0, 0, 0]
						}
					},
					"position": {
						"0.0": {
							"vector": [0, 0, 0]
						},
						"0.8333": {
							"vector": [0, 0, 0]
						},
						"1.0": {
							"vector": [0, 0, -8]
						},
						"1.0833": {
							"vector": [0, 0, -13]
						},
						"1.375": {
							"vector": [0, 0, 0]
						},
						"1.4583": {
							"vector": [0, 0, 0]
						}
					}
				},
				"Loader": {
					"rotation": {
						"0.0": {
							"vector": [0, 0, 50]
						},
						"0.5": {
							"vector": [0, 0, 50]
						},
						"0.5833": {
							"vector": [0, 0, 0]
						},
						"1.5833": {
							"vector": [0, 0, 0]
						},
						"1.6667": {
							"vector": [0, 0, 47.5]
						},
						"1.7083": {
							"vector": [0, 0, 50]
						},
						"1.9167": {
							"vector": [0, 0, 50]
						}
					}
				},
				"rightarm": {
					"rotation": {
						"0.0": {
							"vector": [0, 0, 0]
						},
						"0.1667": {
							"vector": [-8.94964, 13.37817, 37.98149]
						},
						"0.2917": {
							"vector": [-7.47763, 20.28925, 56.81797]
						},
						"0.5833": {
							"vector": [-6.75337, 21.91198, 61.60258]
						},
						"0.7083": {
							"vector": [-8.95709, 11.60455, 33.30644]
						},
						"0.8333": {
							"vector": [-8.97146, 12.49144, 35.64391]
						},
						"1.0833": {
							"vector": [-8.50097, 16.89404, 47.35523]
						},
						"1.375": {
							"vector": [-8.97146, 12.49144, 35.64391]
						},
						"1.4583": {
							"vector": [-8.95709, 11.60455, 33.30644]
						},
						"1.5833": {
							"vector": [4.7905, 7.49482, -18.12682]
						},
						"1.7083": {
							"vector": [6.01459, 6.09404, -30.60833]
						}
					},
					"position": {
						"0.0": {
							"vector": [-5.4, 7, 31]
						},
						"0.1667": {
							"vector": [-8.4, 9, -12]
						},
						"0.2917": {
							"vector": [-7.4, 8, -12]
						},
						"0.4167": {
							"vector": [-8.9, 6.5, -7]
						},
						"0.5": {
							"vector": [-10.4, 5, -14]
						},
						"0.5833": {
							"vector": [-8.4, 5, -14]
						},
						"0.7083": {
							"vector": [-7.4, 3, -5]
						},
						"0.8333": {
							"vector": [-7.4, 6, -5]
						},
						"1.0": {
							"vector": [-7.4, 6, 1]
						},
						"1.0833": {
							"vector": [-7.4, 7, 8]
						},
						"1.375": {
							"vector": [-7.4, 6, -5]
						},
						"1.4583": {
							"vector": [-7.4, 3, -5]
						},
						"1.5833": {
							"vector": [-5, 9, -13]
						},
						"1.7083": {
							"vector": [-5.4, 7, -13]
						},
						"1.9583": {
							"vector": [-5.4, 7, 31]
						},
						"2.1667": {
							"vector": [-5.4, 7, 31]
						}
					}
				},
				"leftarm": {
					"position": {
						"vector": [0, 0, -7]
					}
				},
				"Bullet": {
					"rotation": {
						"0.0": {
							"vector": [0, 0, 0]
						},
						"0.1667": {
							"vector": [-0.87038, -4.92385, 12.53742]
						},
						"0.2917": {
							"vector": [0, 0, 0]
						},
						"0.5417": {
							"vector": [0, 0, 0]
						},
						"1.0833": {
							"vector": [0, 0, 0]
						}
					},
					"position": {
						"0.0": {
							"vector": [-7.1, 0, 49]
						},
						"0.1667": {
							"vector": [-2.3, 6.5, 2]
						},
						"0.2917": {
							"vector": [0, 0, 0]
						},
						"0.5417": {
							"vector": [0, 0, 0]
						},
						"1.0833": {
							"vector": [1.6, 2.4, 0]
						},
						"1.4583": {
							"vector": [1.6, 2.4, -10]
						}
					}
				}
			},
			"sound_effects": {
				"0.25": {
					"effect": "repeater_bullet_load"
				},
				"0.5417": {
					"effect": "close_cylinder"
				},
				"0.8333": {
					"effect": "open_bolt_alt2"
				},
				"1.3333": {
					"effect": "close_bolt_alt1"
				},
				"1.6667": {
					"effect": "ejector_rod"
				}
			}
		},
		"animation.model.iterativeload": {
			"loop": true,
			"animation_length": 1,
			"bones": {
				"main": {
					"rotation": {
						"0.0": {
							"vector": [0, 0, 15]
						},
						"0.0833": {
							"vector": [-6.25, 0, 15]
						},
						"0.1667": {
							"vector": [-7.5, 0, 15]
						},
						"0.3333": {
							"vector": [-7.5, 0, 15]
						},
						"0.4167": {
							"vector": [-7.4786, 0.32621, 22.49294]
						},
						"0.5417": {
							"vector": [-5.5, 0, 15]
						},
						"0.6667": {
							"vector": [-4.5, 0, 15]
						},
						"0.7917": {
							"vector": [0, 0, 15]
						}
					}
				},
				"Loader": {
					"rotation": {
						"vector": [0, 0, 50]
					}
				},
				"rightarm": {
					"rotation": {
						"0.0": {
							"vector": [0, 0, 0]
						},
						"0.1667": {
							"vector": [0.00633, 13.68244, 44.26397]
						},
						"0.3333": {
							"vector": [-0.54598, 12.4815, 62.40465]
						},
						"0.5": {
							"vector": [-0.42882, 11.63832, 70.26318]
						},
						"0.5833": {
							"vector": [0.00648, 16.36751, 56.49746]
						},
						"0.7083": {
							"vector": [0, 0, 0]
						}
					},
					"position": {
						"0.0": {
							"vector": [-5.4, 7, 31]
						},
						"0.1667": {
							"vector": [-6.4, 11, -13]
						},
						"0.3333": {
							"vector": [-6.4, 12, -13]
						},
						"0.5": {
							"vector": [-6.4, 12, -13]
						},
						"0.5833": {
							"vector": [-6.4, 12, -13]
						},
						"0.7083": {
							"vector": [-5.4, 7, 31]
						}
					}
				},
				"Bullet": {
					"rotation": {
						"0.0": {
							"vector": [0, 0, 0]
						},
						"0.1667": {
							"vector": [0, 0, -30]
						},
						"0.5": {
							"vector": [0, 0, 0]
						}
					},
					"position": {
						"0.0": {
							"vector": [-7.1, 0, 49]
						},
						"0.1667": {
							"vector": [-1.1, 4, 2]
						},
						"0.3333": {
							"vector": [-0.1, 1, 2]
						},
						"0.5": {
							"vector": [1.2, 1, 2]
						}
					}
				}
			},
			"sound_effects": {
				"0.375": {
					"effect": "repeater_bullet_load"
				}
			}
		},
		"animation.model.finish": {
			"loop": "hold_on_last_frame",
			"animation_length": 0.83333,
			"bones": {
				"main": {
					"rotation": {
						"0.0": {
							"vector": [0, 0, 15]
						},
						"0.125": {
							"vector": [-1, 0, 15]
						},
						"0.25": {
							"vector": [0, 0, 15]
						},
						"0.3333": {
							"vector": [-0.38156, 0.70741, 21.83808]
						},
						"0.4167": {
							"vector": [-0.43432, 0.64722, 16.23479]
						},
						"0.5": {
							"vector": [-0.43432, 0.64722, 16.23479]
						},
						"0.625": {
							"vector": [0, 0, -5.5]
						},
						"0.75": {
							"vector": [0, 0, 0]
						}
					}
				},
				"Loader": {
					"rotation": {
						"0.0": {
							"vector": [0, 0, 50]
						},
						"0.25": {
							"vector": [0, 0, 50]
						},
						"0.3333": {
							"vector": [0, 0, 0]
						},
						"0.5833": {
							"vector": [0, 0, 0]
						}
					}
				},
				"rightarm": {
					"rotation": {
						"0.3333": {
							"vector": [-6.75337, 21.91198, 61.60258]
						},
						"0.5833": {
							"vector": [0, 0, 0]
						}
					},
					"position": {
						"0.0": {
							"vector": [-5.4, 7, 31]
						},
						"0.1667": {
							"vector": [-8.9, 6.5, -7]
						},
						"0.25": {
							"vector": [-10.4, 5, -14]
						},
						"0.3333": {
							"vector": [-8.4, 5, -14]
						},
						"0.5833": {
							"vector": [0, 0, 0]
						}
					}
				},
				"leftarm": {
					"position": {
						"0.0": {
							"vector": [0, 0, 0]
						},
						"0.3333": {
							"vector": [0, 0, 0]
						},
						"0.5833": {
							"vector": [0, 0, 0]
						}
					}
				},
				"Bullet": {
					"rotation": {
						"vector": [0, 0, 0]
					},
					"position": {
						"vector": [1.2, 1, 2]
					}
				}
			},
			"sound_effects": {
				"0.2917": {
					"effect": "close_cylinder"
				}
			}
		},
		"animation.model.fire": {
			"loop": true,
			"animation_length": 1.375,
			"bones": {
				"main": {
					"rotation": {
						"0.0": {
							"vector": [-2.5, 0, 0]
						},
						"0.0833": {
							"vector": [0, 0, 0]
						},
						"0.2917": {
							"vector": [2.5, 0, 0]
						},
						"0.4167": {
							"vector": [0, 0, 0]
						},
						"0.5833": {
							"vector": [-0.38675, 0.59124, 16.67569]
						},
						"0.7917": {
							"vector": [-0.36588, 0.60437, 18.67576]
						},
						"0.9167": {
							"vector": [-1.46012, 0.11259, 1.84022]
						},
						"1.0417": {
							"vector": [0, 0, 0]
						},
						"1.125": {
							"vector": [0.75, 0, 0]
						},
						"1.2083": {
							"vector": [0, 0, 0]
						}
					},
					"position": {
						"0.0": {
							"vector": [0, 0, 2]
						},
						"0.0833": {
							"vector": [0, 0, 0]
						},
						"0.2917": {
							"vector": [0, 0, 0]
						},
						"0.375": {
							"vector": [0, 0, 0]
						},
						"0.5417": {
							"vector": [0, 0, 1]
						},
						"0.625": {
							"vector": [0, 0, 1]
						},
						"0.7917": {
							"vector": [0, 0, 0]
						},
						"1.0417": {
							"vector": [0, 0, 0]
						},
						"1.2083": {
							"vector": [0, 0, 0]
						}
					}
				},
				"ChamberTop": {
					"position": {
						"0.0": {
							"vector": [0, 0, 0]
						},
						"0.375": {
							"vector": [0, 0, 0]
						},
						"0.5417": {
							"vector": [0, 0, -13]
						},
						"0.7083": {
							"vector": [0, 0, 0]
						}
					}
				},
				"Chamber": {
					"rotation": {
						"0.0": {
							"vector": [0, 0, 0]
						},
						"0.2917": {
							"vector": [0, 0, 0]
						},
						"0.375": {
							"vector": [0, 0, -52.5]
						},
						"0.7083": {
							"vector": [0, 0, -52.5]
						},
						"0.8333": {
							"vector": [0, 0, 0]
						}
					},
					"position": {
						"0.0": {
							"vector": [0, 0, 0]
						},
						"0.375": {
							"vector": [0, 0, 0]
						},
						"0.5417": {
							"vector": [0, 0, -13]
						},
						"0.7083": {
							"vector": [0, 0, 0]
						},
						"0.8333": {
							"vector": [0, 0, 0]
						}
					}
				},
				"trigger": {
					"rotation": {
						"0.0": {
							"vector": [32.5, 0, 0]
						},
						"0.0833": {
							"vector": [0, 0, 0]
						}
					}
				},
				"rightarm": {
					"rotation": {
						"0.0": {
							"vector": [0, 0, 0]
						},
						"0.25": {
							"vector": [-8.95709, 11.60455, 33.30644]
						},
						"0.375": {
							"vector": [-8.97146, 12.49144, 35.64391]
						},
						"0.7083": {
							"vector": [-8.97146, 12.49144, 35.64391]
						},
						"0.8333": {
							"vector": [1.02854, 12.49144, 35.64391]
						},
						"0.9167": {
							"vector": [0, 0, 0]
						}
					},
					"position": {
						"0.0": {
							"vector": [0, 0, 0]
						},
						"0.25": {
							"vector": [-7.4, 3, -5]
						},
						"0.375": {
							"vector": [-7.4, 6, -5]
						},
						"0.5417": {
							"vector": [-7.4, 8.2, 8]
						},
						"0.7083": {
							"vector": [-7.4, 6, -5]
						},
						"0.8333": {
							"vector": [-4.4, 4, -5]
						},
						"0.9167": {
							"vector": [0, 0, 0]
						}
					}
				},
				"BulletShell": {
					"rotation": {
						"0.0": {
							"vector": [0, 0, 0]
						},
						"0.5417": {
							"vector": [0, 0, 0]
						},
						"0.625": {
							"vector": [-37.5, 0, 0]
						},
						"0.7083": {
							"vector": [-35.3335, 13.47157, 18.19144]
						},
						"0.7917": {
							"vector": [-29.49826, 24.28484, 36.01619]
						},
						"0.875": {
							"vector": [-17.96717, 33.48545, 59.55435]
						}
					},
					"position": {
						"0.0": {
							"vector": [0, 0, 0]
						},
						"0.375": {
							"vector": [0, 0, 0]
						},
						"0.5417": {
							"vector": [0, 0, 7]
						},
						"0.625": {
							"vector": [-17, 29, 7]
						},
						"0.7083": {
							"vector": [-27, 30, 7]
						},
						"0.7917": {
							"vector": [-35, 24, 7]
						},
						"0.875": {
							"vector": [-42, 18, 7]
						},
						"1.0": {
							"vector": [-76, -45, 7]
						},
						"1.1667": {
							"vector": [0, -45, 7]
						}
					}
				},
				"Bullet": {
					"rotation": {
						"0.0": {
							"vector": [0, 0, 0]
						},
						"0.4167": {
							"vector": [0, 0, 0]
						},
						"0.5417": {
							"vector": [0, 0, 0]
						}
					},
					"position": {
						"0.0": {
							"vector": [0, 0, 0]
						},
						"0.4167": {
							"vector": [0, 0, 0]
						},
						"0.5417": {
							"vector": [1.4, 1.9, 0]
						},
						"0.625": {
							"vector": [1.4, 3.2, -5]
						}
					}
				}
			},
			"sound_effects": {
				"0.3333": {
					"effect": "open_bolt"
				},
				"0.5417": {
					"effect": "close_bolt"
				}
			}
		}
	},
	"geckolib_format_version": 2
}