{
	"format_version": "1.8.0",
	"animations": {
		"animation.model.draw": {
			"loop": "hold_on_last_frame",
			"animation_length": 0.9,
			"bones": {
				"main": {
					"rotation": {
						"0.0": {
							"vector": [32.09413, -54.38778, -8.29667]
						},
						"0.2": {
							"vector": [7.4, -15.84, 3.56]
						},
						"0.35": {
							"vector": [2.72367, -16.55708, 11.33314]
						},
						"0.45": {
							"vector": [0.93356, -10.86404, 11.3928]
						},
						"0.65": {
							"vector": [0.50518, -5.08075, 6.8716],
							"easing": "easeOutSine"
						},
						"0.8": {
							"vector": [0.32389, -0.60235, -2.1558],
							"easing": "linear"
						},
						"0.9": {
							"vector": [0, 0, 0],
							"easing": "linear"
						}
					},
					"position": {
						"0.0": {
							"vector": [0, -17.3, 0]
						},
						"0.25": {
							"vector": [-0.23, -8.86, -0.93]
						},
						"0.45": {
							"vector": [-0.34, -6.64, -1.39]
						},
						"0.55": {
							"vector": [-0.4, -2.525, -1.625],
							"easing": "linear"
						},
						"0.7": {
							"vector": [-0.05, 0, -2.49],
							"easing": "linear"
						},
						"0.85": {
							"vector": [0, 0, 0],
							"easing": "linear"
						}
					}
				},
				"Hammer2": {
					"rotation": {
						"0.0": {
							"vector": [60, 0, 0]
						},
						"0.25": {
							"vector": [60, 0, 0]
						},
						"0.35": {
							"vector": [0, 0, 0]
						}
					}
				},
				"rightarm": {
					"rotation": {
						"0.0": {
							"vector": [0, 0, 0]
						},
						"0.35": {
							"vector": [-17.5, 0, 0]
						},
						"0.55": {
							"vector": [-7.5, 0, 0]
						}
					},
					"position": {
						"0.0": {
							"vector": [0, 0, 0]
						},
						"0.1": {
							"vector": [-3.2, 0, 9]
						},
						"0.25": {
							"vector": [-4, 9.8, -2]
						},
						"0.35": {
							"vector": [-4, 4, 1]
						},
						"0.45": {
							"vector": [-7, 2, 7.5]
						},
						"0.55": {
							"vector": [0, 0, 0]
						}
					}
				},
				"leftarm": {
					"rotation": {
						"0.0": {
							"vector": [0, 0, 0]
						},
						"0.2": {
							"vector": [1, 0, -22]
						},
						"0.35": {
							"vector": [0, 0, 0]
						}
					},
					"position": {
						"0.0": {
							"vector": [0, 0, 0]
						},
						"0.2": {
							"vector": [0.53901, 3.6754, 10.59783]
						},
						"0.35": {
							"vector": [0, 0, 0]
						}
					}
				}
			},
			"sound_effects": {
				"0.3": {
					"effect": "hammer_cock"
				}
			}
		},
		"animation.model.reload": {
			"loop": "hold_on_last_frame",
			"animation_length": 3.0833,
			"bones": {
				"main": {
					"rotation": {
						"0.0": {
							"vector": [0, 0, 0]
						},
						"0.1667": {
							"vector": [10.80524, -22.13991, -4.11405]
						},
						"0.2917": {
							"vector": [4.22175, -31.21938, 8.63418]
						},
						"0.4167": {
							"vector": [-0.43562, -46.47284, 17.54549]
						},
						"0.625": {
							"vector": [-0.58204, -58.97236, 17.72841]
						},
						"0.75": {
							"vector": [-6.12071, -61.29539, 24.03693]
						},
						"0.875": {
							"vector": [-0.58204, -58.97236, 17.72841]
						},
						"1.0833": {
							"vector": [12.47965, -58.13648, 2.44326]
						},
						"1.25": {
							"vector": [9.47965, -58.13648, 2.44326]
						},
						"1.4167": {
							"vector": [12.97965, -58.13648, 2.44326]
						},
						"1.6667": {
							"vector": [15.97965, -58.13648, 2.44326]
						},
						"1.875": {
							"vector": [12.47965, -58.13648, 2.44326]
						},
						"2.0": {
							"vector": [12.47965, -58.13648, 2.44326]
						},
						"2.0833": {
							"vector": [23.4853, -55.80731, -10.66398]
						},
						"2.2083": {
							"vector": [16.32988, -57.51411, -2.10479]
						},
						"2.375": {
							"vector": [12.47965, -58.13648, 2.44326]
						},
						"2.5417": {
							"vector": [15.44159, -36.99594, 1.5548]
						},
						"2.625": {
							"vector": [19.42378, -31.15439, -0.74417]
						},
						"2.8333": {
							"vector": [0, 0, 0]
						},
						"2.9583": {
							"vector": [-2.96313, 0.46909, 8.98787]
						},
						"3.0833": {
							"vector": [0, 0, 0]
						}
					},
					"position": {
						"0.0": {
							"vector": [0, 0, 0]
						},
						"0.1667": {
							"vector": [3, 0, -5]
						},
						"0.2917": {
							"vector": [10, 0, -7]
						},
						"0.4167": {
							"vector": [23, 0, -7]
						},
						"0.625": {
							"vector": [37, 0, -17]
						},
						"0.75": {
							"vector": [37.5, 0, -19]
						},
						"0.875": {
							"vector": [37, 0, -22]
						},
						"2.1667": {
							"vector": [37, 0, -22]
						},
						"2.5": {
							"vector": [18.86, 1.14, -7.29]
						},
						"2.75": {
							"vector": [0, 2, 0]
						},
						"2.9167": {
							"vector": [0, 0, 0]
						}
					}
				},
				"gun": {
					"rotation": {
						"0.0": {
							"vector": [0, 0, 0]
						},
						"0.0833": {
							"vector": [0, 0, 12.5]
						},
						"0.375": {
							"vector": [0, 5, 32.5]
						},
						"2.4167": {
							"vector": [-1.08482, 4.88119, 19.95376]
						},
						"2.6667": {
							"vector": [-1.08482, 4.88119, 19.95376]
						},
						"2.8333": {
							"vector": [0, 0, 0]
						}
					}
				},
				"Rod": {
					"rotation": {
						"0.0": {
							"vector": [0, 0, 0]
						},
						"0.7083": {
							"vector": [0, 0, 0]
						},
						"0.875": {
							"vector": [0, 0, 35]
						},
						"1.0833": {
							"vector": [0, 0, 35]
						},
						"1.2917": {
							"vector": [0, -42.5, 35]
						},
						"1.7917": {
							"vector": [0, -42.5, 35]
						},
						"1.9583": {
							"vector": [0, 0, 35]
						},
						"2.0833": {
							"vector": [0, 0, 35]
						},
						"2.2083": {
							"vector": [0, 0, 0]
						}
					},
					"position": {
						"0.0": {
							"vector": [0, 0, 0]
						},
						"0.7083": {
							"vector": [0, 0, 0]
						},
						"1.0833": {
							"vector": [0, 0, 24]
						},
						"1.2917": {
							"vector": [0, -11, 24]
						},
						"1.5": {
							"vector": [0, -9.4, 17.2]
						},
						"1.6667": {
							"vector": [0, -9.4, 17.2]
						},
						"1.7917": {
							"vector": [0, -11, 24]
						},
						"1.9583": {
							"vector": [0, 0, 24]
						},
						"2.2083": {
							"vector": [0, 0, 0]
						}
					}
				},
				"RodLoader": {
					"rotation": {
						"0.0": {
							"vector": [-35.22465, 36.81662, -22.93393]
						},
						"0.4583": {
							"vector": [-35.22465, 36.81662, -22.93393]
						},
						"0.7083": {
							"vector": [-85.21026, 62.39543, -84.59842]
						},
						"0.875": {
							"vector": [-95.21026, 62.39543, -84.59842]
						},
						"1.0833": {
							"vector": [-95.21026, 62.39543, -84.59842]
						},
						"1.2917": {
							"vector": [-8.5754, 7.86587, 10.84527]
						},
						"1.5": {
							"vector": [-5.15, 4.72, 6.51]
						},
						"1.6667": {
							"vector": [-5.15, 4.72, 6.51]
						},
						"1.7917": {
							"vector": [-8.5754, 7.86587, 10.84527]
						},
						"1.9583": {
							"vector": [-95.21026, 62.39543, -84.59842]
						},
						"2.0833": {
							"vector": [-95.21026, 62.39543, -84.59842]
						},
						"2.2083": {
							"vector": [-85.21026, 62.39543, -84.59842]
						},
						"2.6667": {
							"vector": [-35.22465, 36.81662, -22.93393]
						}
					},
					"position": {
						"0.0": {
							"vector": [14, -45, 20]
						},
						"0.4583": {
							"vector": [14, -45, 20]
						},
						"0.7083": {
							"vector": [0, -4, 3]
						},
						"1.0833": {
							"vector": [1, -4, 25]
						},
						"1.2917": {
							"vector": [-1.5, -2.3, 25]
						},
						"1.5": {
							"vector": [-0.5, 1.72, 16.6]
						},
						"1.6667": {
							"vector": [-0.5, 1.72, 16.6]
						},
						"1.7917": {
							"vector": [-1, -1.98, 22.6]
						},
						"1.9583": {
							"vector": [1, -4, 25]
						},
						"2.2083": {
							"vector": [0, -4, 3]
						},
						"2.375": {
							"vector": [0, -4, 30]
						},
						"2.5417": {
							"vector": [5, -16, 30]
						},
						"2.6667": {
							"vector": [14, -45, 20]
						}
					}
				},
				"rightarm": {
					"rotation": {
						"0.0": {
							"vector": [0, 0, 0]
						},
						"0.25": {
							"vector": [-30, 0, 0]
						},
						"0.875": {
							"vector": [-31.32896, 8.45975, 9.30587]
						},
						"1.0833": {
							"vector": [-31.32896, 8.45975, 9.30587]
						},
						"1.2917": {
							"vector": [3.67104, 8.45975, 9.30587]
						},
						"1.7917": {
							"vector": [3.67104, 8.45975, 9.30587]
						},
						"1.9583": {
							"vector": [-31.32896, 8.45975, 9.30587]
						},
						"2.0833": {
							"vector": [-31.32896, 8.45975, 9.30587]
						},
						"2.9583": {
							"vector": [0, 0, 0]
						}
					},
					"position": {
						"0.0": {
							"vector": [0, 0, 0]
						},
						"0.25": {
							"vector": [0, -29, 37]
						},
						"0.4583": {
							"vector": [0, -50, 47]
						},
						"0.7083": {
							"vector": [5, -10, 37]
						},
						"1.0833": {
							"vector": [7, -15, 58]
						},
						"1.2917": {
							"vector": [7, -6, 64]
						},
						"1.5": {
							"vector": [7, -3.6, 57.2]
						},
						"1.6667": {
							"vector": [7, -3.6, 57.2]
						},
						"1.7917": {
							"vector": [7, -6, 64]
						},
						"1.9583": {
							"vector": [7, -15, 58]
						},
						"2.2083": {
							"vector": [5, -10, 37]
						},
						"2.375": {
							"vector": [5, -16, 61]
						},
						"2.5417": {
							"vector": [5, -29, 61]
						},
						"2.8333": {
							"vector": [5, -27, 32]
						},
						"2.9583": {
							"vector": [0, 0, 0]
						}
					}
				},
				"leftarm": {
					"rotation": {
						"0.0": {
							"vector": [0, 0, 0]
						},
						"0.375": {
							"vector": [-0.20797, 5.20386, 7.14335]
						},
						"2.4167": {
							"vector": [-0.42629, -7.42087, -14.4798]
						},
						"2.6667": {
							"vector": [-0.42629, -7.42087, -14.4798]
						},
						"2.8333": {
							"vector": [0, 0, 0]
						}
					},
					"position": {
						"0.0": {
							"vector": [0, 0, 0]
						},
						"0.1667": {
							"vector": [4, 0, 0]
						},
						"0.2917": {
							"vector": [4, 0, 0]
						},
						"0.375": {
							"vector": [4, 0, 9]
						},
						"2.4167": {
							"vector": [3, 3, 9]
						},
						"2.6667": {
							"vector": [3, 3, 9]
						},
						"2.8333": {
							"vector": [0, 0, 0]
						}
					}
				}
			},
			"sound_effects": {
				"0.75": {
					"effect": "carbine_rodout"
				},
				"1.9583": {
					"effect": "carbine_rodin"
				}
			}
		},
		"animation.model.reloadempty": {
			"loop": "hold_on_last_frame",
			"animation_length": 3.625,
			"bones": {
				"main": {
					"rotation": {
						"0.0": {
							"vector": [0, 0, 0]
						},
						"0.1667": {
							"vector": [10.80524, -22.13991, -4.11405]
						},
						"0.2917": {
							"vector": [4.22175, -31.21938, 8.63418]
						},
						"0.4167": {
							"vector": [-0.43562, -46.47284, 17.54549]
						},
						"0.625": {
							"vector": [-0.58204, -58.97236, 17.72841]
						},
						"0.75": {
							"vector": [-6.12071, -61.29539, 24.03693]
						},
						"0.875": {
							"vector": [-0.58204, -58.97236, 17.72841]
						},
						"1.0833": {
							"vector": [12.47965, -58.13648, 2.44326]
						},
						"1.25": {
							"vector": [9.47965, -58.13648, 2.44326]
						},
						"1.4167": {
							"vector": [12.97965, -58.13648, 2.44326]
						},
						"1.6667": {
							"vector": [15.97965, -58.13648, 2.44326]
						},
						"1.875": {
							"vector": [12.47965, -58.13648, 2.44326]
						},
						"2.0": {
							"vector": [12.47965, -58.13648, 2.44326]
						},
						"2.0833": {
							"vector": [23.4853, -55.80731, -10.66398]
						},
						"2.2083": {
							"vector": [16.32988, -57.51411, -2.10479]
						},
						"2.375": {
							"vector": [12.47965, -58.13648, 2.44326]
						},
						"2.5417": {
							"vector": [15.44159, -36.99594, 1.5548]
						},
						"2.625": {
							"vector": [19.42378, -31.15439, -0.74417]
						},
						"2.8333": {
							"vector": [0, 0, 0]
						},
						"2.9583": {
							"vector": [-2.96313, 0.46909, 8.98787]
						},
						"3.0417": {
							"vector": [0, 0, 0]
						},
						"3.125": {
							"vector": [0, 0, -12.5]
						},
						"3.25": {
							"vector": [0, 0, -12.5]
						},
						"3.3333": {
							"vector": [0, 0, 6.25]
						},
						"3.4167": {
							"vector": [0, 0, 0]
						}
					},
					"position": {
						"0.0": {
							"vector": [0, 0, 0]
						},
						"0.1667": {
							"vector": [3, 0, -5]
						},
						"0.2917": {
							"vector": [10, 0, -7]
						},
						"0.4167": {
							"vector": [23, 0, -7]
						},
						"0.625": {
							"vector": [37, 0, -17]
						},
						"0.75": {
							"vector": [37.5, 0, -19]
						},
						"0.875": {
							"vector": [37, 0, -22]
						},
						"2.1667": {
							"vector": [37, 0, -22]
						},
						"2.5": {
							"vector": [18.86, 1.14, -7.29]
						},
						"2.75": {
							"vector": [0, 2, 0]
						},
						"2.9167": {
							"vector": [0, 0, 0]
						}
					}
				},
				"gun": {
					"rotation": {
						"0.0": {
							"vector": [0, 0, 0]
						},
						"0.0833": {
							"vector": [0, 0, 12.5]
						},
						"0.375": {
							"vector": [0, 5, 32.5]
						},
						"2.4167": {
							"vector": [-1.08482, 4.88119, 19.95376]
						},
						"2.6667": {
							"vector": [-1.08482, 4.88119, 19.95376]
						},
						"2.8333": {
							"vector": [0, 0, 0]
						}
					}
				},
				"Rod": {
					"rotation": {
						"0.0": {
							"vector": [0, 0, 0]
						},
						"0.7083": {
							"vector": [0, 0, 0]
						},
						"0.875": {
							"vector": [0, 0, 35]
						},
						"1.0833": {
							"vector": [0, 0, 35]
						},
						"1.2917": {
							"vector": [0, -42.5, 35]
						},
						"1.7917": {
							"vector": [0, -42.5, 35]
						},
						"1.9583": {
							"vector": [0, 0, 35]
						},
						"2.0833": {
							"vector": [0, 0, 35]
						},
						"2.2083": {
							"vector": [0, 0, 0]
						}
					},
					"position": {
						"0.0": {
							"vector": [0, 0, 0]
						},
						"0.7083": {
							"vector": [0, 0, 0]
						},
						"1.0833": {
							"vector": [0, 0, 24]
						},
						"1.2917": {
							"vector": [0, -11, 24]
						},
						"1.5": {
							"vector": [0, -9.4, 17.2]
						},
						"1.6667": {
							"vector": [0, -9.4, 17.2]
						},
						"1.7917": {
							"vector": [0, -9.37, 26.11]
						},
						"1.9583": {
							"vector": [0, 0, 24]
						},
						"2.2083": {
							"vector": [0, 0, 0]
						}
					}
				},
				"RodLoader": {
					"rotation": {
						"0.0": {
							"vector": [-35.22465, 36.81662, -22.93393]
						},
						"0.4583": {
							"vector": [-35.22465, 36.81662, -22.93393]
						},
						"0.7083": {
							"vector": [-85.21026, 62.39543, -84.59842]
						},
						"0.875": {
							"vector": [-95.21026, 62.39543, -84.59842]
						},
						"1.0833": {
							"vector": [-95.21026, 62.39543, -84.59842]
						},
						"1.2917": {
							"vector": [-8.5754, 7.86587, 10.84527]
						},
						"1.5": {
							"vector": [-5.15, 4.72, 6.51]
						},
						"1.6667": {
							"vector": [-5.15, 4.72, 6.51]
						},
						"1.7917": {
							"vector": [-8.5754, 7.86587, 10.84527]
						},
						"1.9583": {
							"vector": [-95.21026, 62.39543, -84.59842]
						},
						"2.0833": {
							"vector": [-95.21026, 62.39543, -84.59842]
						},
						"2.2083": {
							"vector": [-85.21026, 62.39543, -84.59842]
						},
						"2.6667": {
							"vector": [-35.22465, 36.81662, -22.93393]
						}
					},
					"position": {
						"0.0": {
							"vector": [14, -45, 20]
						},
						"0.4583": {
							"vector": [14, -45, 20]
						},
						"0.7083": {
							"vector": [0, -4, 3]
						},
						"1.0833": {
							"vector": [1, -4, 25]
						},
						"1.2917": {
							"vector": [-1.5, -2.3, 25]
						},
						"1.5": {
							"vector": [-0.5, 1.72, 16.6]
						},
						"1.6667": {
							"vector": [-0.5, 1.72, 16.6]
						},
						"1.7917": {
							"vector": [-1, -1.98, 22.6]
						},
						"1.9583": {
							"vector": [1, -4, 25]
						},
						"2.2083": {
							"vector": [0, -4, 3]
						},
						"2.375": {
							"vector": [0, -4, 30]
						},
						"2.5417": {
							"vector": [5, -16, 30]
						},
						"2.6667": {
							"vector": [14, -45, 20]
						}
					}
				},
				"rightarm": {
					"rotation": {
						"0.0": {
							"vector": [0, 0, 0]
						},
						"0.25": {
							"vector": [-30, 0, 0]
						},
						"0.875": {
							"vector": [-31.32896, 8.45975, 9.30587]
						},
						"1.0833": {
							"vector": [-31.32896, 8.45975, 9.30587]
						},
						"1.2917": {
							"vector": [3.67104, 8.45975, 9.30587]
						},
						"1.7917": {
							"vector": [3.67104, 8.45975, 9.30587]
						},
						"1.9583": {
							"vector": [-31.32896, 8.45975, 9.30587]
						},
						"2.0833": {
							"vector": [-31.32896, 8.45975, 9.30587]
						},
						"2.9583": {
							"vector": [0, 0, 0]
						},
						"3.0417": {
							"vector": [0, 0, 0]
						},
						"3.125": {
							"vector": [32.5, 0, 0]
						},
						"3.25": {
							"vector": [32.5, 0, 0]
						},
						"3.3333": {
							"vector": [0, 0, 0]
						}
					},
					"position": {
						"0.0": {
							"vector": [0, 0, 0]
						},
						"0.25": {
							"vector": [0, -29, 37]
						},
						"0.4583": {
							"vector": [0, -50, 47]
						},
						"0.7083": {
							"vector": [5, -10, 37]
						},
						"1.0833": {
							"vector": [7, -15, 58]
						},
						"1.2917": {
							"vector": [7, -6, 64]
						},
						"1.5": {
							"vector": [7, -3.6, 57.2]
						},
						"1.6667": {
							"vector": [7, -3.6, 57.2]
						},
						"1.7917": {
							"vector": [7, -6, 64]
						},
						"1.9583": {
							"vector": [7, -15, 58]
						},
						"2.2083": {
							"vector": [5, -10, 37]
						},
						"2.375": {
							"vector": [5, -16, 61]
						},
						"2.5417": {
							"vector": [5, -29, 61]
						},
						"2.8333": {
							"vector": [5, -27, 32]
						},
						"2.9583": {
							"vector": [0, 0, 0]
						},
						"3.0417": {
							"vector": [0, 0, 0]
						},
						"3.125": {
							"vector": [1, 4, -5]
						},
						"3.25": {
							"vector": [1, 4, -5]
						},
						"3.3333": {
							"vector": [0, 0, 0]
						}
					}
				},
				"leftarm": {
					"rotation": {
						"0.0": {
							"vector": [0, 0, 0]
						},
						"0.375": {
							"vector": [-0.20797, 5.20386, 7.14335]
						},
						"2.4167": {
							"vector": [-0.42629, -7.42087, -14.4798]
						},
						"2.6667": {
							"vector": [-0.42629, -7.42087, -14.4798]
						},
						"2.8333": {
							"vector": [0, 0, 0]
						}
					},
					"position": {
						"0.0": {
							"vector": [0, 0, 0]
						},
						"0.1667": {
							"vector": [4, 0, 0]
						},
						"0.2917": {
							"vector": [4, 0, 0]
						},
						"0.375": {
							"vector": [4, 0, 9]
						},
						"2.4167": {
							"vector": [3, 3, 9]
						},
						"2.6667": {
							"vector": [3, 3, 9]
						},
						"2.8333": {
							"vector": [0, 0, 0]
						}
					}
				},
				"Chamber": {
					"rotation": {
						"3.0417": {
							"vector": [0, 0, 0]
						},
						"3.125": {
							"vector": [37.5, 0, 0]
						},
						"3.25": {
							"vector": [37.5, 0, 0]
						},
						"3.3333": {
							"vector": [0, 0, 0]
						}
					},
					"position": {
						"3.0417": {
							"vector": [0, 0, 0]
						},
						"3.3333": {
							"vector": [0, 0, 0]
						}
					}
				},
				"Lever": {
					"rotation": {
						"2.9583": {
							"vector": [0, 0, 0]
						},
						"3.0417": {
							"vector": [0, 0, 0]
						},
						"3.125": {
							"vector": [-55, 0, 0]
						},
						"3.25": {
							"vector": [-55, 0, 0]
						},
						"3.3333": {
							"vector": [0, 0, 0]
						}
					}
				},
				"Bullet": {
					"rotation": {
						"3.2083": {
							"vector": [-22.5, 0, 0]
						},
						"3.25": {
							"vector": [-14.5, 0, 0]
						},
						"3.3333": {
							"vector": [0, 0, 0]
						}
					},
					"position": {
						"3.2083": {
							"vector": [0, -1.9, 1]
						},
						"3.25": {
							"vector": [0, -0.4, 3]
						},
						"3.3333": {
							"vector": [0, 0, 0]
						}
					}
				}
			},
			"sound_effects": {
				"0.75": {
					"effect": "carbine_rodout"
				},
				"1.9583": {
					"effect": "carbine_rodin"
				},
				"3.125": {
					"effect": "gun_cocking"
				}
			}
		},
		"animation.model.fire": {
			"loop": "hold_on_last_frame",
			"animation_length": 1,
			"bones": {
				"main": {
					"rotation": {
						"0.0": {
							"vector": [-5, 0, 0]
						},
						"0.0833": {
							"vector": [0, 0, 0]
						},
						"0.1667": {
							"vector": [0, 0, 5]
						},
						"0.2917": {
							"vector": [0, 0, 1.5]
						},
						"0.4583": {
							"vector": [0, 0, 5]
						},
						"0.5417": {
							"vector": [0, 0, 0]
						},
						"0.625": {
							"vector": [0, 0, -12.5]
						},
						"0.75": {
							"vector": [0, 0, -12.5]
						},
						"0.8333": {
							"vector": [0, 0, 6.25]
						},
						"0.9167": {
							"vector": [0, 0, 0]
						}
					},
					"position": {
						"0.0": {
							"vector": [0, 1.65, 4]
						},
						"0.0833": {
							"vector": [0, 0, 0]
						}
					}
				},
				"Chamber": {
					"rotation": {
						"0.5417": {
							"vector": [0, 0, 0]
						},
						"0.625": {
							"vector": [37.5, 0, 0]
						},
						"0.75": {
							"vector": [37.5, 0, 0]
						},
						"0.8333": {
							"vector": [0, 0, 0]
						}
					},
					"position": {
						"0.5417": {
							"vector": [0, 0, 0]
						},
						"0.8333": {
							"vector": [0, 0, 0]
						}
					}
				},
				"Lever": {
					"rotation": {
						"0.5417": {
							"vector": [0, 0, 0]
						},
						"0.625": {
							"vector": [-55, 0, 0]
						},
						"0.75": {
							"vector": [-55, 0, 0]
						},
						"0.8333": {
							"vector": [0, 0, 0]
						}
					}
				},
				"BulletShell": {
					"position": {
						"0.5417": {
							"vector": [0, 0, 0]
						},
						"0.625": {
							"vector": [0, 0, 48]
						},
						"0.75": {
							"vector": [0, 0, 101]
						},
						"0.8333": {
							"vector": [0, -28, 101]
						},
						"0.9583": {
							"vector": [0, -10, 42]
						}
					}
				},
				"Bullet": {
					"rotation": {
						"0.7083": {
							"vector": [-22.5, 0, 0]
						},
						"0.75": {
							"vector": [-14.5, 0, 0]
						},
						"0.8333": {
							"vector": [0, 0, 0]
						}
					},
					"position": {
						"0.7083": {
							"vector": [0, -1.9, 1]
						},
						"0.75": {
							"vector": [0, -0.4, 3]
						},
						"0.8333": {
							"vector": [0, 0, 0]
						}
					}
				},
				"Hammer2": {
					"rotation": {
						"0.0": {
							"vector": [60, 0, 0]
						},
						"0.1667": {
							"vector": [60, 0, 0]
						},
						"0.25": {
							"vector": [0, 0, 0]
						}
					}
				},
				"rightarm": {
					"rotation": {
						"0.0": {
							"vector": [0, 0, 0]
						},
						"0.0833": {
							"vector": [0, 0, 0]
						},
						"0.25": {
							"vector": [-17.5, 0, 0]
						},
						"0.4583": {
							"vector": [-7.5, 0, 0]
						},
						"0.5417": {
							"vector": [0, 0, 0]
						},
						"0.625": {
							"vector": [32.5, 0, 0]
						},
						"0.75": {
							"vector": [32.5, 0, 0]
						},
						"0.8333": {
							"vector": [0, 0, 0]
						}
					},
					"position": {
						"0.0": {
							"vector": [0, 0, 0]
						},
						"0.0833": {
							"vector": [0, 0, 0]
						},
						"0.1667": {
							"vector": [-4, 9.8, -2]
						},
						"0.25": {
							"vector": [-4, 4, 1]
						},
						"0.375": {
							"vector": [-7, 2, 7.5]
						},
						"0.4583": {
							"vector": [0, 0, 0]
						},
						"0.5417": {
							"vector": [0, 0, 0]
						},
						"0.625": {
							"vector": [1, 4, -5]
						},
						"0.75": {
							"vector": [1, 4, -5]
						},
						"0.8333": {
							"vector": [0, 0, 0]
						}
					}
				}
			},
			"sound_effects": {
				"0.1667": {
					"effect": "hammer_cock"
				},
				"0.5833": {
					"effect": "gun_cocking"
				}
			}
		},
		"animation.model.inspect": {
			"loop": "hold_on_last_frame",
			"animation_length": 4.1,
			"bones": {
				"main": {
					"rotation": {
						"0.0": {
							"vector": [0, 0, 0]
						},
						"0.3": {
							"vector": [-22.12893, -56.55679, -5.56528]
						},
						"0.4": {
							"vector": [-14.71599, -58.14111, -14.36367]
						},
						"0.5333": {
							"vector": [-6.65301, -59.07099, -23.80336]
						},
						"0.6": {
							"vector": [-2.47582, -59.2701, -28.66716]
						},
						"0.7": {
							"vector": [1.73254, -59.28633, -33.56177]
						},
						"0.8": {
							"vector": [5.91906, -59.11938, -38.43478]
						},
						"0.9333": {
							"vector": [10.03223, -58.77222, -43.23531]
						},
						"1.0333": {
							"vector": [10.03223, -58.77222, -43.23531]
						},
						"1.1667": {
							"vector": [5.91906, -59.11938, -38.43478]
						},
						"1.2667": {
							"vector": [1.73254, -59.28633, -33.56177]
						},
						"1.3667": {
							"vector": [1.61548, -56.78739, -33.42382]
						},
						"1.5333": {
							"vector": [1.51594, -54.28832, -33.30311]
						},
						"1.7": {
							"vector": [1.73254, -59.28633, -33.56177]
						},
						"1.9": {
							"vector": [1.61548, -56.78739, -33.42382]
						},
						"2.1": {
							"vector": [1.51594, -54.28832, -33.30311]
						},
						"2.3": {
							"vector": [1.73254, -59.28633, -33.56177]
						},
						"2.4333": {
							"vector": [2.83043, -71.77707, -34.76082]
						},
						"2.5667": {
							"vector": [3.26602, -74.27355, -35.21614]
						},
						"2.7": {
							"vector": [3.86851, -76.76874, -35.83824]
						},
						"2.8667": {
							"vector": [-47.7681, -42.11731, 24.10943]
						},
						"3.0333": {
							"vector": [-75.06829, -27.59303, 51.09395]
						},
						"3.1333": {
							"vector": [-75.38458, -25.17565, 51.80552]
						},
						"3.2333": {
							"vector": [-75.66242, -22.75499, 52.48939]
						},
						"3.3333": {
							"vector": [-75.90484, -20.33152, 53.14941]
						},
						"3.5667": {
							"vector": [-63.58279, -56.91172, 35.32832]
						},
						"3.6667": {
							"vector": [-21.93813, -56.02362, -6.48603]
						},
						"3.9333": {
							"vector": [0.32389, -0.60235, -2.1558],
							"easing": "linear"
						},
						"4.0": {
							"vector": [1.17562, -0.41829, 1.456]
						},
						"4.1": {
							"vector": [0, 0, 0]
						}
					},
					"position": {
						"0.0": {
							"vector": [0, 0, 0]
						},
						"0.3": {
							"vector": [0, 0, -3]
						},
						"0.4333": {
							"vector": [0, 0, -4]
						},
						"0.8667": {
							"vector": [0, 0, -4]
						},
						"1.2667": {
							"vector": [0, 0, -3.275]
						},
						"3.5667": {
							"vector": [0, 0, -3.275]
						},
						"3.9333": {
							"vector": [0, 0, 0],
							"easing": "linear"
						}
					}
				},
				"leftarm": {
					"rotation": {
						"0.0": {
							"vector": [0, 0, 0]
						},
						"0.1": {
							"vector": [0.98553, -9.13169, -15.01422]
						},
						"0.9333": {
							"vector": [0.98553, -9.13169, -15.01422]
						},
						"1.2667": {
							"vector": [3.01887, -14.94435, -26.26988]
						},
						"1.3667": {
							"vector": [6.26343, -20.24125, -38.05025]
						},
						"1.7": {
							"vector": [2.51599, -13.81516, -23.98341]
						},
						"1.9": {
							"vector": [6.26343, -20.24125, -38.05025]
						},
						"2.2333": {
							"vector": [0.98553, -9.13169, -15.01422]
						},
						"3.6333": {
							"vector": [0.98553, -9.13169, -15.01422]
						},
						"3.7667": {
							"vector": [0, 0, 0]
						}
					},
					"position": {
						"0.0": {
							"vector": [0, 0, 0]
						},
						"0.1": {
							"vector": [0, 1.5, 7]
						},
						"0.9333": {
							"vector": [0, 1.5, 7]
						},
						"1.2667": {
							"vector": [0, 1.5, -4]
						},
						"1.3667": {
							"vector": [0, 2.5, -8]
						},
						"1.5333": {
							"vector": [0, 2.5, -12]
						},
						"1.7": {
							"vector": [4, 2.5, 6]
						},
						"1.9": {
							"vector": [0, 2.5, -8]
						},
						"2.0667": {
							"vector": [0, 2.5, -12]
						},
						"2.2333": {
							"vector": [0, 1.5, 7]
						},
						"3.6333": {
							"vector": [0, 1.5, 7]
						},
						"3.7667": {
							"vector": [0, 0, 0]
						}
					}
				}
			}
		}
	},
	"geckolib_format_version": 2
}