{
	"format_version": "1.8.0",
	"animations": {
		"animation.model.draw": {
			"loop": true,
			"animation_length": 1.2,
			"bones": {
				"main": {
					"rotation": {
						"0.0": {
							"vector": [32.09413, -54.38778, -8.29667]
						},
						"0.25": {
							"vector": [-18.86653, -9.96368, 5.36947]
						},
						"0.4": {
							"vector": [-25.16866, -6.51093, 6.43163]
						},
						"0.55": {
							"vector": [0.50518, -5.08075, 6.8716],
							"easing": "easeOutSine"
						},
						"0.7": {
							"vector": [0.32389, -0.60235, -2.1558],
							"easing": "linear"
						},
						"0.8": {
							"vector": [0, 0, 0],
							"easing": "linear"
						}
					},
					"position": {
						"0.0": {
							"vector": [0, -17.3, 0]
						},
						"0.25": {
							"vector": [-0.4, -2.525, -1.625],
							"easing": "linear"
						},
						"0.45": {
							"vector": [-0.05, 0, -2.49],
							"easing": "linear"
						},
						"0.75": {
							"vector": [0, 0, 0],
							"easing": "linear"
						}
					}
				},
				"Hammer": {
					"rotation": {
						"0.0": {
							"vector": [37.5, 0, 0]
						},
						"0.25": {
							"vector": [37.5, 0, 0]
						},
						"0.4": {
							"vector": [0, 0, 0]
						}
					},
					"position": {
						"0.0": {
							"vector": [0, 0, 0]
						},
						"0.25": {
							"vector": [0, 0, 0]
						},
						"0.4": {
							"vector": [0, 0, 0]
						}
					}
				},
				"Cylinder": {
					"rotation": {
						"vector": [0, 0, 0]
					},
					"position": {
						"vector": [0, 0, 0]
					}
				},
				"rightarm": {
					"rotation": {
						"0.0": {
							"vector": [0, 0, 0]
						},
						"0.25": {
							"vector": [-10, 0, 0]
						},
						"0.4": {
							"vector": [0, 0, 0]
						},
						"0.6": {
							"vector": [0, 0, 0]
						}
					},
					"position": {
						"0.0": {
							"vector": [0, 0, 0]
						},
						"0.25": {
							"vector": [0, 5, -2]
						},
						"0.4": {
							"vector": [0, 5, 1]
						},
						"0.6": {
							"vector": [0, 0, 0]
						}
					}
				},
				"leftarm": {
					"rotation": {
						"0.0": {
							"vector": [0, 0, 0]
						},
						"0.2": {
							"vector": [1, 0, -22]
						},
						"0.4": {
							"vector": [0, 0, 0]
						}
					},
					"position": {
						"0.0": {
							"vector": [0, 0, 0]
						},
						"0.2": {
							"vector": [3.53901, 3.6754, 5.59783]
						},
						"0.4": {
							"vector": [0, 0, 0]
						}
					}
				}
			},
			"sound_effects": {
				"0.3": {
					"effect": "hammer_cock"
				}
			}
		},
		"animation.model.inspect": {
			"loop": "hold_on_last_frame",
			"animation_length": 4.1,
			"bones": {
				"main": {
					"rotation": {
						"0.0": {
							"vector": [0, 0, 0]
						},
						"0.3": {
							"vector": [-22.12893, -56.55679, -5.56528]
						},
						"0.4": {
							"vector": [-14.71599, -58.14111, -14.36367]
						},
						"0.5333": {
							"vector": [-6.65301, -59.07099, -23.80336]
						},
						"0.6": {
							"vector": [-2.47582, -59.2701, -28.66716]
						},
						"0.7": {
							"vector": [1.73254, -59.28633, -33.56177]
						},
						"0.8": {
							"vector": [5.91906, -59.11938, -38.43478]
						},
						"0.9333": {
							"vector": [10.03223, -58.77222, -43.23531]
						},
						"1.0333": {
							"vector": [10.03223, -58.77222, -43.23531]
						},
						"1.1667": {
							"vector": [5.91906, -59.11938, -38.43478]
						},
						"1.2667": {
							"vector": [1.73254, -59.28633, -33.56177]
						},
						"1.3667": {
							"vector": [1.61548, -56.78739, -33.42382]
						},
						"1.5333": {
							"vector": [1.51594, -54.28832, -33.30311]
						},
						"1.7": {
							"vector": [1.73254, -59.28633, -33.56177]
						},
						"1.9": {
							"vector": [1.61548, -56.78739, -33.42382]
						},
						"2.1": {
							"vector": [1.51594, -54.28832, -33.30311]
						},
						"2.3": {
							"vector": [1.73254, -59.28633, -33.56177]
						},
						"2.4333": {
							"vector": [2.83043, -71.77707, -34.76082]
						},
						"2.5667": {
							"vector": [3.26602, -74.27355, -35.21614]
						},
						"2.7": {
							"vector": [3.86851, -76.76874, -35.83824]
						},
						"2.8667": {
							"vector": [-47.7681, -42.11731, 24.10943]
						},
						"3.0333": {
							"vector": [-75.06829, -27.59303, 51.09395]
						},
						"3.1333": {
							"vector": [-75.38458, -25.17565, 51.80552]
						},
						"3.2333": {
							"vector": [-75.66242, -22.75499, 52.48939]
						},
						"3.3333": {
							"vector": [-75.90484, -20.33152, 53.14941]
						},
						"3.5667": {
							"vector": [-63.58279, -56.91172, 35.32832]
						},
						"3.6667": {
							"vector": [-21.93813, -56.02362, -6.48603]
						},
						"3.9333": {
							"vector": [0.32389, -0.60235, -2.1558],
							"easing": "linear"
						},
						"4.0333": {
							"vector": [0, 0, 2.5],
							"easing": "linear"
						},
						"4.1": {
							"vector": [0, 0, 0]
						}
					},
					"position": {
						"0.0": {
							"vector": [0, 0, 0]
						},
						"0.3": {
							"vector": [0, 0, -3]
						},
						"0.4333": {
							"vector": [0, 0, -4]
						},
						"0.8667": {
							"vector": [0, 0, -4]
						},
						"1.2667": {
							"vector": [0, 0, -3.275]
						},
						"3.5667": {
							"vector": [0, 0, -3.275]
						},
						"4.0": {
							"vector": [0, 0, 0],
							"easing": "linear"
						}
					}
				},
				"leftarm": {
					"rotation": {
						"0.0": {
							"vector": [0, 0, 0]
						},
						"1.2667": {
							"vector": [-32.60252, -4.67839, 8.84119]
						},
						"1.3667": {
							"vector": [-30.527, -15.40917, 2.32808]
						},
						"1.6": {
							"vector": [-32.60252, -4.67839, 8.84119]
						},
						"1.7": {
							"vector": [-30.527, -15.40917, 2.32808]
						},
						"1.9": {
							"vector": [-32.60252, -4.67839, 8.84119]
						},
						"2.1": {
							"vector": [-32.60252, -4.67839, 8.84119]
						},
						"4.0333": {
							"vector": [0, 0, 0]
						}
					},
					"position": {
						"0.0": {
							"vector": [0, 0, 0]
						},
						"0.1333": {
							"vector": [20, -15, 11]
						},
						"1.2667": {
							"vector": [3, 9, -20]
						},
						"1.3667": {
							"vector": [3, 9, -24]
						},
						"1.5333": {
							"vector": [4, 9, -24]
						},
						"1.7": {
							"vector": [4, 9, -19]
						},
						"1.9": {
							"vector": [4, 9, -25]
						},
						"2.1": {
							"vector": [4, 6, -30]
						},
						"2.6": {
							"vector": [20, -14, 9]
						},
						"4.0333": {
							"vector": [0, 0, 0]
						}
					}
				}
			}
		},
		"animation.model.prepare": {
			"loop": "hold_on_last_frame",
			"animation_length": 0.8667,
			"blend_weight": "1",
			"bones": {
				"main": {
					"rotation": {
						"0.0": {
							"vector": [0, 0, 0]
						},
						"0.1": {
							"vector": [0, 0, 0]
						},
						"0.4667": {
							"vector": [-30, 22.5, 20]
						},
						"0.6": {
							"vector": [-32.5, 22.5, 20]
						},
						"0.7333": {
							"vector": [-31.35428, 20.45844, 16.30313]
						},
						"0.8667": {
							"vector": [-30, 22.5, 20]
						}
					},
					"position": {
						"0.0": {
							"vector": [0, 0, 0]
						},
						"0.1667": {
							"vector": [0, 0, 1]
						},
						"0.3667": {
							"vector": [0, 0, -1]
						}
					}
				},
				"Hammer": {
					"rotation": {
						"0.0": {
							"vector": [0, 0, 0]
						},
						"0.2": {
							"vector": [0, 0, 0]
						},
						"0.3667": {
							"vector": [35, 0, 0]
						}
					}
				},
				"rightarm": {
					"rotation": {
						"0.0": {
							"vector": [0, 0, 0]
						},
						"0.2667": {
							"vector": [0, 0, 0]
						},
						"0.4333": {
							"vector": [-12.5, 0, 0]
						},
						"0.5333": {
							"vector": [-2.29923, -10.99993, -32.24458]
						}
					},
					"position": {
						"0.0": {
							"vector": [0, 0, 0]
						},
						"0.2667": {
							"vector": [0, 0, 0]
						},
						"0.4333": {
							"vector": [-5, 0, -7]
						},
						"0.5333": {
							"vector": [-5, -3, -7]
						}
					}
				},
				"leftarm": {
					"rotation": {
						"0.0": {
							"vector": [0, 0, 0]
						},
						"0.1667": {
							"vector": [-1.85692, 5.27832, 8.52075]
						},
						"0.2667": {
							"vector": [-2.27748, 2.65108, 4.24553]
						},
						"0.3667": {
							"vector": [12.72252, 2.65108, 4.24553]
						}
					},
					"position": {
						"0.0": {
							"vector": [0, 0, 0]
						},
						"0.2667": {
							"vector": [0, 8, -24]
						},
						"0.3667": {
							"vector": [1, 10, -19]
						}
					}
				},
				"BulletLoad": {
					"rotation": {
						"0.0": {
							"vector": [0, 0, 0]
						},
						"0.4333": {
							"vector": [0, 0, 0]
						},
						"0.5333": {
							"vector": [0, 0, -47.5]
						}
					}
				}
			},
			"sound_effects": {
				"0.3": {
					"effect": "hammer_cock"
				},
				"0.4667": {
					"effect": "open_cylinder"
				}
			}
		},
		"animation.model.iterativeload": {
			"loop": true,
			"animation_length": 0.8,
			"blend_weight": "1",
			"bones": {
				"main": {
					"rotation": {
						"0.0": {
							"vector": [-30, 22.5, 20]
						},
						"0.0667": {
							"vector": [-35, 22.5, 20]
						},
						"0.2333": {
							"vector": [-30, 22.5, 20]
						},
						"0.3667": {
							"vector": [-30, 22.5, 20]
						},
						"0.4333": {
							"vector": [-17.5, 22.5, 20]
						},
						"0.5": {
							"vector": [-15, 22.5, 20]
						},
						"0.5667": {
							"vector": [-17.5, 22.5, 20]
						},
						"0.6667": {
							"vector": [-17.5, 22.5, 20]
						},
						"0.8": {
							"vector": [-30, 22.5, 20]
						}
					}
				},
				"Hammer": {
					"rotation": {
						"vector": [35, 0, 0]
					}
				},
				"Cylinder": {
					"rotation": {
						"0.0": {
							"vector": [0, 0, 0]
						},
						"0.5": {
							"vector": [0, 0, 0]
						},
						"0.7": {
							"vector": [0, 0, 180]
						}
					},
					"position": {
						"0.0": {
							"vector": [0, 0, 0]
						},
						"0.5": {
							"vector": [0, 0, 0]
						}
					}
				},
				"rightarm": {
					"rotation": {
						"0.0": {
							"vector": [-2.29923, -10.99993, -32.24458]
						},
						"0.5": {
							"vector": [-2.96523, -7.02444, -16.71194]
						},
						"0.6667": {
							"vector": [-2.29923, -10.99993, -32.24458]
						}
					},
					"position": {
						"0.0": {
							"vector": [-5, -3, -7]
						},
						"0.1": {
							"vector": [-5, -3, 6]
						},
						"0.2333": {
							"vector": [-5, -3, 15.5]
						},
						"0.5": {
							"vector": [-4, 0, -7]
						},
						"0.6667": {
							"vector": [-5, -3, -7]
						}
					}
				},
				"leftarm": {
					"rotation": {
						"0.0": {
							"vector": [12.72252, 2.65108, 4.24553]
						},
						"0.3333": {
							"vector": [12.72252, 2.65108, 4.24553]
						},
						"0.5": {
							"vector": [12.31814, 0.44357, -2.93407]
						},
						"0.7": {
							"vector": [12.72252, 2.65108, 4.24553]
						}
					},
					"position": {
						"vector": [1, 10, -19]
					}
				},
				"Ejector": {
					"rotation": {
						"0.0": {
							"vector": [0, 0, 0]
						},
						"0.1": {
							"vector": [0, 0, 0]
						}
					},
					"position": {
						"0.0": {
							"vector": [0, 0, 0]
						},
						"0.0333": {
							"vector": [0, 0, 4]
						},
						"0.1": {
							"vector": [0, 0, 0]
						}
					}
				},
				"Bullet4": {
					"rotation": {
						"0.0": {
							"vector": [0, 0, 0]
						},
						"0.5": {
							"vector": [0, 0, 0]
						}
					},
					"position": {
						"0.0": {
							"vector": [0, 0, 0]
						},
						"0.0667": {
							"vector": [0, 0, 15]
						},
						"0.1333": {
							"vector": [0, 0, 36]
						},
						"0.2333": {
							"vector": [-6, -6, 31]
						},
						"0.4333": {
							"vector": [0, -7, 10]
						},
						"0.5": {
							"vector": [0, 0, 0]
						}
					}
				},
				"BulletLoad": {
					"rotation": {
						"vector": [0, 0, -47.5]
					}
				}
			},
			"sound_effects": {
				"0.1667": {
					"effect": "shell_eject"
				},
				"0.5": {
					"effect": "cylinder_rotate"
				}
			}
		},
		"animation.model.fire": {
			"loop": true,
			"animation_length": 1,
			"bones": {
				"main": {
					"rotation": {
						"0.0": {
							"vector": [-10, 0, 0]
						},
						"0.0833": {
							"vector": [0, 0, 0]
						},
						"0.25": {
							"vector": [-18.86653, -9.96368, 5.36947]
						},
						"0.4167": {
							"vector": [-20.16866, -6.51093, 6.43163]
						},
						"0.5833": {
							"vector": [0.50518, -5.08075, 6.8716],
							"easing": "easeOutSine"
						},
						"0.7083": {
							"vector": [0.32389, -0.60235, -2.1558],
							"easing": "linear"
						},
						"0.7917": {
							"vector": [0, 0, 0],
							"easing": "linear"
						}
					},
					"position": {
						"0.0": {
							"vector": [0, 0, 3]
						},
						"0.0833": {
							"vector": [0, 0, 0]
						},
						"0.25": {
							"vector": [-0.4, -2.525, -1.625],
							"easing": "linear"
						},
						"0.4583": {
							"vector": [-0.05, 0, -2.49],
							"easing": "linear"
						},
						"0.75": {
							"vector": [0, 0, 0],
							"easing": "linear"
						}
					}
				},
				"Hammer": {
					"rotation": {
						"0.0": {
							"vector": [37.5, 0, 0]
						},
						"0.25": {
							"vector": [37.5, 0, 0]
						},
						"0.4167": {
							"vector": [0, 0, 0]
						}
					},
					"position": {
						"0.0": {
							"vector": [0, 0, 0]
						},
						"0.25": {
							"vector": [0, 0, 0]
						},
						"0.4167": {
							"vector": [0, 0, 0]
						}
					}
				},
				"Cylinder": {
					"rotation": {
						"0.0": {
							"vector": [0, 0, 100]
						},
						"0.3333": {
							"vector": [0, 0, 100]
						},
						"0.5": {
							"vector": [0, 0, 0]
						}
					},
					"position": {
						"0.0": {
							"vector": [0, 0, 0]
						},
						"0.3333": {
							"vector": [0, 0, 0]
						}
					}
				},
				"Trigger": {
					"rotation": {
						"0.0": {
							"vector": [35, 0, 0]
						},
						"0.0417": {
							"vector": [0, 0, 0]
						}
					}
				},
				"rightarm": {
					"rotation": {
						"0.0": {
							"vector": [0, 0, 0]
						},
						"0.25": {
							"vector": [-10, 0, 0]
						},
						"0.4167": {
							"vector": [0, 0, 0]
						},
						"0.5833": {
							"vector": [0, 0, 0]
						}
					},
					"position": {
						"0.0": {
							"vector": [0, 0, 0]
						},
						"0.25": {
							"vector": [0, 5, -2]
						},
						"0.4167": {
							"vector": [0, 5, 1]
						},
						"0.5833": {
							"vector": [0, 0, 0]
						}
					}
				}
			},
			"sound_effects": {
				"0.3333": {
					"effect": "hammer_cock"
				}
			}
		},
		"animation.model.finish": {
			"loop": "hold_on_last_frame",
			"animation_length": 0.8333,
			"bones": {
				"main": {
					"rotation": {
						"0.0": {
							"vector": [-30, 22.5, 20]
						},
						"0.0833": {
							"vector": [-28.07846, 24.92856, 24.77446]
						},
						"0.1667": {
							"vector": [-25, 22.5, 20]
						},
						"0.25": {
							"vector": [0, 17.5, 20]
						},
						"0.375": {
							"vector": [-5, 17.5, 20]
						},
						"0.4583": {
							"vector": [7.5, 8.75, 10]
						},
						"0.5": {
							"vector": [7.5, 8.75, 10]
						},
						"0.625": {
							"vector": [0, 0, 0]
						},
						"0.7083": {
							"vector": [0, 0, 0]
						},
						"0.75": {
							"vector": [0, 0, 5]
						},
						"0.8333": {
							"vector": [0, 0, 0]
						}
					},
					"position": {
						"0.375": {
							"vector": [0, 0, 1]
						},
						"0.4583": {
							"vector": [0, 0, 1.15]
						},
						"0.5": {
							"vector": [0, 0, 1.15]
						},
						"0.625": {
							"vector": [0, 0, 0]
						},
						"0.7083": {
							"vector": [0, 0, 0]
						},
						"0.8333": {
							"vector": [0, 0, 0]
						}
					}
				},
				"Hammer": {
					"rotation": {
						"0.0": {
							"vector": [35, 0, 0]
						},
						"0.375": {
							"vector": [35, 0, 0]
						},
						"0.4583": {
							"vector": [0, 0, 0]
						}
					}
				},
				"Ejector": {
					"rotation": {
						"vector": [0, 0, 0]
					},
					"position": {
						"vector": [0, 0, 0]
					}
				},
				"Cylinder": {
					"rotation": {
						"vector": [0, 0, 0]
					},
					"position": {
						"vector": [0, 0, 0]
					}
				},
				"Bullet4": {
					"rotation": {
						"vector": [0, 0, 0]
					},
					"position": {
						"vector": [0, 0, 0]
					}
				},
				"rightarm": {
					"rotation": {
						"0.0": {
							"vector": [-2.29923, -10.99993, -32.24458]
						},
						"0.0833": {
							"vector": [-7.90121, -6.60838, -16.8487]
						},
						"0.1667": {
							"vector": [-7.90121, -6.60838, -16.8487]
						},
						"0.375": {
							"vector": [-20.40121, -6.60838, -16.8487]
						},
						"0.4583": {
							"vector": [-12.90121, -6.60838, -16.8487]
						},
						"0.5417": {
							"vector": [-7.90121, -6.60838, -16.8487]
						},
						"0.6667": {
							"vector": [-4.96304, -0.58579, 0.69522]
						},
						"0.75": {
							"vector": [0, 0, 0]
						}
					},
					"position": {
						"0.0": {
							"vector": [-5, -3, -7]
						},
						"0.0833": {
							"vector": [-4, -3, -7]
						},
						"0.1667": {
							"vector": [-4, -3, -7]
						},
						"0.2917": {
							"vector": [0, -3, -7]
						},
						"0.375": {
							"vector": [0, -3, -6]
						},
						"0.4583": {
							"vector": [0, -3, -3]
						},
						"0.5417": {
							"vector": [0, -3, -3]
						},
						"0.6667": {
							"vector": [0, -3, 1]
						},
						"0.75": {
							"vector": [0, 0, 0]
						}
					}
				},
				"leftarm": {
					"rotation": {
						"0.0": {
							"vector": [12.72252, 2.65108, 4.24553]
						},
						"0.375": {
							"vector": [0, 0, 0]
						}
					},
					"position": {
						"0.0": {
							"vector": [1, 10, -19]
						},
						"0.1667": {
							"vector": [1, 10, -9]
						},
						"0.375": {
							"vector": [0, 0, 0]
						}
					}
				},
				"BulletLoad": {
					"rotation": {
						"0.0": {
							"vector": [0, 0, -47.5]
						},
						"0.0833": {
							"vector": [0, 0, 0]
						}
					}
				}
			},
			"sound_effects": {
				"0.0833": {
					"effect": "close_cylinder"
				},
				"0.4167": {
					"effect": "hammer_cock"
				}
			}
		}
	},
	"geckolib_format_version": 2
}