{
	"format_version": "1.8.0",
	"animations": {
		"animation.model.prepare": {
			"loop": "hold_on_last_frame",
			"animation_length": 1.0667,
			"blend_weight": "1",
			"bones": {
				"main": {
					"rotation": {
						"0.0": {
							"vector": [0, 0, 0]
						},
						"0.0667": {
							"vector": [-14.98637, -0.64686, -2.41492]
						},
						"0.1333": {
							"vector": [-30, 0, 0]
						},
						"0.2333": {
							"vector": [-37.47365, 1.5216, 1.98385]
						},
						"0.3": {
							"vector": [-42.5, 0, 0]
						},
						"0.4": {
							"vector": [-28.05259, 26.66656, 58.4772]
						},
						"0.4667": {
							"vector": [-20.21112, 42.45005, 93.38905]
						},
						"0.6": {
							"vector": [-15.26883, 26.49982, 102.69538]
						},
						"0.7": {
							"vector": [-14.96073, 24.08627, 103.41633]
						},
						"0.9667": {
							"vector": [-15.26883, 26.49982, 102.69538]
						}
					},
					"position": {
						"0.0": {
							"vector": [0, 0, 0]
						},
						"0.1333": {
							"vector": [0, 0, -12]
						},
						"0.3": {
							"vector": [0, 16, -28]
						},
						"0.4667": {
							"vector": [-9, 16, -28]
						}
					}
				},
				"rightarm": {
					"position": {
						"0.0": {
							"vector": [0, 0, 0]
						},
						"0.3": {
							"vector": [0, 0, 46]
						},
						"0.6": {
							"vector": [-1, -13, 46]
						}
					}
				},
				"leftarm": {
					"rotation": {
						"0.0": {
							"vector": [0, 0, 0]
						},
						"0.6": {
							"vector": [36.92317, 47.91272, 47.12677]
						}
					},
					"position": {
						"0.0": {
							"vector": [0, 0, 0]
						},
						"0.2": {
							"vector": [0, 0, 11]
						},
						"0.3": {
							"vector": [0, 0, 19]
						},
						"0.6": {
							"vector": [9, 1, 20]
						}
					}
				}
			}
		},
		"animation.model.draw": {
			"loop": "hold_on_last_frame",
			"animation_length": 1.45,
			"bones": {
				"main": {
					"rotation": {
						"0.0": {
							"vector": [46.17393, -37.33289, 6.29298]
						},
						"0.2": {
							"vector": [0, 0, 15]
						},
						"0.3": {
							"vector": [-5, 1, 15.625]
						},
						"0.45": {
							"vector": [0, 2, 16.25]
						},
						"0.55": {
							"vector": [0, 0, 15]
						},
						"0.65": {
							"vector": [0, 0, 17.5]
						},
						"0.75": {
							"vector": [0, 0, 19.17]
						},
						"0.9": {
							"vector": [0, 0, 15]
						},
						"1.0": {
							"vector": [0, 0, 0]
						},
						"1.1": {
							"vector": [0, 0, -2.5]
						},
						"1.2": {
							"vector": [0, 0, 0]
						}
					},
					"position": {
						"0.0": {
							"vector": [0, -17, 0]
						},
						"0.3": {
							"vector": [0, 0, 0]
						}
					}
				},
				"lever": {
					"rotation": {
						"0.0": {
							"vector": [0, 0, 0]
						},
						"0.4": {
							"vector": [0, 0, 0]
						},
						"0.5": {
							"vector": [-32.5, 0, 0]
						},
						"0.7": {
							"vector": [-32.5, 0, 0]
						},
						"0.8": {
							"vector": [0, 0, 0]
						}
					}
				},
				"rightarm": {
					"rotation": {
						"0.0": {
							"vector": [0, 0, 0]
						},
						"0.35": {
							"vector": [0, 0, 0]
						},
						"0.5": {
							"vector": [46.67, 0, 0]
						},
						"0.6": {
							"vector": [46.67, 0, 0]
						},
						"0.9": {
							"vector": [0, 0, 0]
						}
					},
					"position": {
						"0.0": {
							"vector": [0, 0, 8]
						},
						"0.35": {
							"vector": [0, 0, 0]
						},
						"0.5": {
							"vector": [0, 4.6, 3.6]
						},
						"0.6": {
							"vector": [0, 4.6, 3.6]
						},
						"0.75": {
							"vector": [0, 5.6, 4.6]
						},
						"0.9": {
							"vector": [0, 0, 0]
						}
					}
				}
			},
			"sound_effects": {
				"0.0": {
					"effect": "gun_up"
				},
				"0.4": {
					"effect": "gun_cocking"
				}
			}
		},
		"animation.model.iterativeload": {
			"loop": "hold_on_last_frame",
			"animation_length": 0.6667,
			"bones": {
				"main": {
					"rotation": {
						"0.0": {
							"vector": [-15.26883, 26.49982, 102.69538]
						},
						"0.0833": {
							"vector": [-15.26883, 26.49982, 102.69538]
						},
						"0.1667": {
							"vector": [-15.26883, 26.49982, 102.69538]
						},
						"0.2917": {
							"vector": [-11.76883, 26.49982, 102.69538]
						},
						"0.4167": {
							"vector": [-11.76883, 26.49982, 102.69538]
						},
						"0.5": {
							"vector": [-15.26883, 26.49982, 102.69538]
						},
						"0.5833": {
							"vector": [-17.26883, 26.49982, 102.69538]
						},
						"0.6667": {
							"vector": [-15.26883, 26.49982, 102.69538]
						}
					},
					"position": {
						"0.0": {
							"vector": [-9, 16, -28]
						},
						"0.0833": {
							"vector": [-9, 16, -28]
						},
						"0.1667": {
							"vector": [-9, 16, -28.7]
						},
						"0.2917": {
							"vector": [-9, 16, -28.2]
						},
						"0.5": {
							"vector": [-9, 16, -28]
						},
						"0.6667": {
							"vector": [-9, 16, -28]
						}
					}
				},
				"lever": {
					"rotation": {
						"0.0": {
							"vector": [0, 0, 0]
						},
						"0.2083": {
							"vector": [0, 0, 0]
						},
						"0.2917": {
							"vector": [-37.5, 0, 0]
						},
						"0.4167": {
							"vector": [-37.5, 0, 0]
						},
						"0.5417": {
							"vector": [0, 0, 0]
						}
					}
				},
				"rightarm": {
					"position": {
						"0.0": {
							"vector": [-1, -13, 46]
						},
						"0.1667": {
							"vector": [-1, -13, 43]
						},
						"0.5417": {
							"vector": [-1, -13, 46]
						}
					}
				},
				"leftarm": {
					"rotation": {
						"0.0": {
							"vector": [36.92317, 47.91272, 47.12677]
						},
						"0.1667": {
							"vector": [36.92317, 47.91272, 47.12677]
						},
						"0.2917": {
							"vector": [52.90032, 43.89529, 68.64091]
						},
						"0.4167": {
							"vector": [52.90032, 43.89529, 68.64091]
						},
						"0.5": {
							"vector": [36.92317, 47.91272, 47.12677]
						}
					},
					"position": {
						"0.0": {
							"vector": [9, 1, 20]
						},
						"0.1667": {
							"vector": [9, 1, 20]
						},
						"0.2917": {
							"vector": [9, -2, 17]
						},
						"0.4167": {
							"vector": [9, -2, 17]
						},
						"0.5": {
							"vector": [9, 1, 20]
						}
					}
				}
			},
			"sound_effects": {
				"0.125": {
					"effect": "open_cylinder2"
				},
				"0.25": {
					"effect": "gun_cocking"
				}
			}
		},
		"animation.model.finish": {
			"loop": "hold_on_last_frame",
			"animation_length": 1.7917,
			"bones": {
				"main": {
					"rotation": {
						"0.0": {
							"vector": [-15.26883, 26.49982, 102.69538]
						},
						"0.0833": {
							"vector": [-15.26883, 26.49982, 102.69538]
						},
						"0.1667": {
							"vector": [-14.96073, 24.08627, 103.41633]
						},
						"0.25": {
							"vector": [-20.21112, 42.45005, 93.38905]
						},
						"0.3333": {
							"vector": [-28.05259, 26.66656, 58.4772]
						},
						"0.4167": {
							"vector": [-42.5, 0, 0]
						},
						"0.5": {
							"vector": [-37.47365, 1.5216, 1.98385]
						},
						"0.5833": {
							"vector": [-30, 0, 0]
						},
						"0.6667": {
							"vector": [-14.98637, -0.64686, -2.41492]
						},
						"0.75": {
							"vector": [0, 0, 0]
						},
						"0.875": {
							"vector": [2.5, 0, 0]
						},
						"0.9583": {
							"vector": [0, 0, 0]
						},
						"1.0417": {
							"vector": [0, 0, 12.5]
						},
						"1.25": {
							"vector": [0, 0, 12.5]
						},
						"1.3333": {
							"vector": [2.5, 0, -1.25]
						},
						"1.4167": {
							"vector": [0, 0, -2.5]
						},
						"1.5417": {
							"vector": [0, 0, 0]
						},
						"1.625": {
							"vector": [0, 0, 0]
						}
					},
					"position": {
						"0.0": {
							"vector": [-9, 16, -28]
						},
						"0.1667": {
							"vector": [-9, 16, -28]
						},
						"0.25": {
							"vector": [-18, 16, -28]
						},
						"0.4167": {
							"vector": [0, 16, -28]
						},
						"0.5833": {
							"vector": [0, 0, -12]
						},
						"0.75": {
							"vector": [0, 0, 0]
						},
						"0.9583": {
							"vector": [0, 0, 0]
						},
						"1.625": {
							"vector": [0, 0, 0]
						}
					}
				},
				"lever": {
					"rotation": {
						"0.0": {
							"vector": [0, 0, 0]
						},
						"0.9583": {
							"vector": [0, 0, 0]
						},
						"1.0417": {
							"vector": [-32.5, 0, 0]
						},
						"1.2083": {
							"vector": [-32.5, 0, 0]
						},
						"1.2917": {
							"vector": [0, 0, 0]
						}
					}
				},
				"rightarm": {
					"rotation": {
						"0.9583": {
							"vector": [0, 0, 0]
						},
						"1.0417": {
							"vector": [46.67, 0, 0]
						},
						"1.1667": {
							"vector": [46.67, 0, 0]
						},
						"1.375": {
							"vector": [0, 0, 0]
						}
					},
					"position": {
						"0.0": {
							"vector": [-1, -13, 46]
						},
						"0.2083": {
							"vector": [-1, -13, 46]
						},
						"0.5": {
							"vector": [0, 0, 46]
						},
						"0.75": {
							"vector": [0, 0, 0]
						},
						"0.9583": {
							"vector": [0, 0, 0]
						},
						"1.0417": {
							"vector": [0, 4.6, 3.6]
						},
						"1.1667": {
							"vector": [0, 4.6, 3.6]
						},
						"1.2917": {
							"vector": [0, 5.6, 4.6]
						},
						"1.375": {
							"vector": [0, 0, 0]
						}
					}
				},
				"leftarm": {
					"rotation": {
						"0.0": {
							"vector": [36.92317, 47.91272, 47.12677]
						},
						"0.125": {
							"vector": [36.92317, 47.91272, 47.12677]
						},
						"0.75": {
							"vector": [0, 0, 0]
						}
					},
					"position": {
						"0.0": {
							"vector": [9, 1, 20]
						},
						"0.125": {
							"vector": [9, 1, 20]
						},
						"0.25": {
							"vector": [0, 0, 19]
						},
						"0.375": {
							"vector": [0, 0, 11]
						},
						"0.75": {
							"vector": [0, 0, 0]
						}
					}
				}
			},
			"sound_effects": {
				"0.9583": {
					"effect": "gun_cocking"
				}
			}
		},
		"animation.model.fire": {
			"animation_length": 0.875,
			"bones": {
				"main": {
					"rotation": {
						"0.0": {
							"vector": [-5, 0, 0]
						},
						"0.0417": {
							"vector": [0, 0, 0]
						},
						"0.1667": {
							"vector": [0, 0, 0]
						},
						"0.25": {
							"vector": [0, 0, 12.5]
						},
						"0.4583": {
							"vector": [0, 0, 12.5]
						},
						"0.5417": {
							"vector": [2.5, 0, -1.25]
						},
						"0.625": {
							"vector": [0, 0, -2.5]
						},
						"0.75": {
							"vector": [0, 0, 0]
						},
						"0.8333": {
							"vector": [0, 0, 0]
						}
					},
					"position": {
						"0.0": {
							"vector": [0, 0, 4]
						},
						"0.0417": {
							"vector": [0, 0, 0]
						},
						"0.1667": {
							"vector": [0, 0, 0]
						},
						"0.8333": {
							"vector": [0, 0, 0]
						}
					}
				},
				"trigger": {
					"rotation": {
						"0.0": {
							"vector": [0, 0, 0]
						},
						"0.125": {
							"vector": [27.5, 0, 0]
						},
						"0.25": {
							"vector": [0, 0, 0]
						}
					}
				},
				"lever": {
					"rotation": {
						"0.0": {
							"vector": [0, 0, 0]
						},
						"0.1667": {
							"vector": [0, 0, 0]
						},
						"0.25": {
							"vector": [-32.5, 0, 0]
						},
						"0.4167": {
							"vector": [-32.5, 0, 0]
						},
						"0.5": {
							"vector": [0, 0, 0]
						}
					},
					"position": {
						"vector": [0, 0, 0]
					}
				},
				"rightarm": {
					"rotation": {
						"0.0": {
							"vector": [0, 0, 0]
						},
						"0.1667": {
							"vector": [0, 0, 0]
						},
						"0.25": {
							"vector": [46.67, 0, 0]
						},
						"0.375": {
							"vector": [46.67, 0, 0]
						},
						"0.5833": {
							"vector": [0, 0, 0]
						}
					},
					"position": {
						"0.0": {
							"vector": [0, 0, 0]
						},
						"0.1667": {
							"vector": [0, 0, 0]
						},
						"0.25": {
							"vector": [0, 4.6, 3.6]
						},
						"0.375": {
							"vector": [0, 4.6, 3.6]
						},
						"0.5": {
							"vector": [0, 5.6, 4.6]
						},
						"0.5833": {
							"vector": [0, 0, 0]
						}
					}
				}
			},
			"sound_effects": {
				"0.1667": {
					"effect": "gun_cocking"
				}
			}
		},
		"animation.model.inspect": {
			"loop": "hold_on_last_frame",
			"animation_length": 3.1333,
			"bones": {
				"main": {
					"rotation": {
						"0.0": {
							"vector": [0, 0, 0]
						},
						"0.2667": {
							"vector": [2.96386, -29.63282, -16.2486]
						},
						"0.4": {
							"vector": [3.12361, -30.11885, -16.56713]
						},
						"0.5667": {
							"vector": [3.63335, -31.57206, -17.54206]
						},
						"0.7": {
							"vector": [4.16568, -32.76818, -18.52641]
						},
						"1.1": {
							"vector": [-17.25012, -28.58054, 22.12402]
						},
						"1.2667": {
							"vector": [-20.9224, -26.12371, 30.10463]
						},
						"1.4667": {
							"vector": [-21.16296, -24.59804, 30.64074]
						},
						"1.6333": {
							"vector": [-21.49525, -23.76856, 31.4625]
						},
						"2.0333": {
							"vector": [-6.25953, -31.05913, -0.87149]
						},
						"2.2333": {
							"vector": [-2.31313, -31.54575, -8.45904]
						},
						"2.4333": {
							"vector": [-0.16101, -31.62135, -12.56689]
						},
						"2.6667": {
							"vector": [1.41657, -11.66709, 0.53134]
						},
						"2.8667": {
							"vector": [0, 0, 0]
						},
						"3.0": {
							"vector": [0, 0, -2.5]
						},
						"3.1333": {
							"vector": [0, 0, 0]
						}
					},
					"position": {
						"0.0": {
							"vector": [0, 0, 0]
						},
						"0.1667": {
							"vector": [0, 0, -2]
						},
						"0.6667": {
							"vector": [0, 0, -2]
						},
						"1.1": {
							"vector": [-6, 0, -2]
						},
						"1.6667": {
							"vector": [-6, 0, -2]
						},
						"1.9333": {
							"vector": [0, 0, 0]
						},
						"2.3667": {
							"vector": [0, 0, 0]
						},
						"2.5333": {
							"vector": [0, 0, -4]
						},
						"2.8": {
							"vector": [0, 0, 0]
						}
					}
				},
				"leftarm": {
					"rotation": {
						"vector": [0, 0, 0]
					},
					"position": {
						"vector": [0, 0, 0]
					}
				}
			}
		}
	},
	"geckolib_format_version": 2
}