{
	"format_version": "1.8.0",
	"animations": {
		"animation.model.draw": {
			"loop": "hold_on_last_frame",
			"animation_length": 0.95,
			"bones": {
				"main": {
					"rotation": {
						"0.0": {
							"vector": [32.09413, -54.38778, -8.29667]
						},
						"0.25": {
							"vector": [0, 0, 6.5]
						},
						"0.35": {
							"vector": [0, 0, 14]
						},
						"0.45": {
							"vector": [0.32389, -0.60235, -2.1558],
							"easing": "linear"
						},
						"0.55": {
							"vector": [0, 0, 0],
							"easing": "linear"
						}
					},
					"position": {
						"0.0": {
							"vector": [0, -17.3, 0]
						},
						"0.15": {
							"vector": [-0.4, -2.525, -1.625],
							"easing": "linear"
						},
						"0.35": {
							"vector": [-0.05, 0, -2.49],
							"easing": "linear"
						},
						"0.5": {
							"vector": [0, 0, 0],
							"easing": "linear"
						}
					}
				},
				"leftarm": {
					"rotation": {
						"0.0": {
							"vector": [0, 0, 0]
						},
						"0.2": {
							"vector": [1, 0, -22]
						},
						"0.4": {
							"vector": [0, 0, 0]
						}
					},
					"position": {
						"0.0": {
							"vector": [0, 0, 0]
						},
						"0.2": {
							"vector": [3.53901, 3.6754, 5.59783]
						},
						"0.4": {
							"vector": [0, 0, 0]
						}
					}
				},
				"Lever": {
					"rotation": {
						"0.0": {
							"vector": [0, 0, 0]
						},
						"0.15": {
							"vector": [0, 0, 0]
						},
						"0.25": {
							"vector": [-52.5, 0, 0]
						},
						"0.35": {
							"vector": [-52.5, 0, 0]
						},
						"0.45": {
							"vector": [0, 0, 0]
						}
					}
				},
				"Chamber": {
					"position": {
						"0.0": {
							"vector": [0, 0, 0]
						},
						"0.15": {
							"vector": [0, 0, 0]
						},
						"0.25": {
							"vector": [0, 0, 4]
						},
						"0.35": {
							"vector": [0, 0, 4]
						},
						"0.45": {
							"vector": [0, 0, 0]
						}
					}
				},
				"bulletLoader": {
					"position": {
						"0.0": {
							"vector": [0, 0, 0]
						},
						"0.15": {
							"vector": [0, 0, 0]
						},
						"0.25": {
							"vector": [0, 1.2, 0]
						},
						"0.35": {
							"vector": [0, 1.2, 0]
						},
						"0.45": {
							"vector": [0, 0, 0]
						}
					}
				},
				"Hammer": {
					"rotation": {
						"0.0": {
							"vector": [70, 0, 0]
						},
						"0.15": {
							"vector": [70, 0, 0]
						},
						"0.25": {
							"vector": [0, 0, 0]
						}
					}
				},
				"rightarm": {
					"rotation": {
						"0.0": {
							"vector": [0, 0, 0]
						},
						"0.15": {
							"vector": [0, 0, 0]
						},
						"0.25": {
							"vector": [25, 0, 0]
						},
						"0.35": {
							"vector": [25, 0, 0]
						},
						"0.45": {
							"vector": [0, 0, 0]
						}
					},
					"position": {
						"0.0": {
							"vector": [0, 0, 0]
						},
						"0.15": {
							"vector": [0, 0, 0]
						},
						"0.25": {
							"vector": [0, 2, -3]
						},
						"0.35": {
							"vector": [0, 2, -3]
						},
						"0.45": {
							"vector": [0, 0, 0]
						}
					}
				}
			},
			"sound_effects": {
				"0.2": {
					"effect": "gun_cocking"
				}
			}
		},
		"animation.model.inspect": {
			"loop": "hold_on_last_frame",
			"animation_length": 4,
			"bones": {
				"main": {
					"rotation": {
						"0.0": {
							"vector": [0, 0, 0]
						},
						"0.1667": {
							"vector": [-8.41746, -13.59608, -21.21259],
							"easing": "linear"
						},
						"0.3": {
							"vector": [-8.39812, -20.10111, -31.77688]
						},
						"0.4333": {
							"vector": [-9.55676, -20.88889, -28.55629]
						},
						"0.5333": {
							"vector": [-8.77652, -21.21647, -30.72851]
						},
						"0.7667": {
							"vector": [-9.4227, -20.94881, -28.93303]
						},
						"1.0": {
							"vector": [-3.1216, -20.98207, -46.44405]
						},
						"1.1333": {
							"vector": [-4.564, -20.73064, -42.44007]
						},
						"1.2333": {
							"vector": [-4.86325, -20.9153, -41.60203]
						},
						"1.3333": {
							"vector": [-4.58308, -20.97575, -42.38574]
						},
						"1.4667": {
							"vector": [-4.01131, -21.08802, -43.97908]
						},
						"1.6": {
							"vector": [-4.38767, -21.01662, -42.9316]
						},
						"1.7": {
							"vector": [-4.18847, -21.05622, -43.48691],
							"easing": "linear"
						},
						"2.0333": {
							"vector": [-16.91438, 5.38499, 54.40399],
							"easing": "linear"
						},
						"2.1667": {
							"vector": [-15.22513, 5.80082, 60.04554]
						},
						"2.3": {
							"vector": [-15.70981, 5.86025, 59.48558]
						},
						"2.4333": {
							"vector": [-15.93602, 7.03904, 62.69373]
						},
						"2.5667": {
							"vector": [-15.60896, 7.75082, 65.23442]
						},
						"2.7333": {
							"vector": [-15.71675, 7.52491, 64.42194]
						},
						"2.9": {
							"vector": [-15.56389, 7.84019, 65.55973]
						},
						"3.1": {
							"vector": [-15.61778, 7.73186, 65.16659]
						},
						"3.2667": {
							"vector": [-15.9801, 6.93689, 62.33342]
						},
						"3.4": {
							"vector": [-8.86998, 2.42135, 33.56191]
						},
						"3.5333": {
							"vector": [0, -1.75, -2.75]
						},
						"3.7": {
							"vector": [0, 0, 0]
						}
					},
					"position": {
						"0.0": {
							"vector": [0, 0, 0]
						},
						"0.3": {
							"vector": [-0.475, 1.475, -8.7]
						},
						"0.4": {
							"vector": [-0.195, 1, -7.7]
						},
						"0.5333": {
							"vector": [-0.03, 0.725, -7.7]
						},
						"0.7": {
							"vector": [0, 1.125, -7.7]
						},
						"0.9": {
							"vector": [0.125, 1.4, -8.275]
						},
						"1.2": {
							"vector": [-0.02, 1.475, -8]
						},
						"1.4": {
							"vector": [0.11, 1.425, -8.175]
						},
						"1.6667": {
							"vector": [0.275, 1.25, -7.975]
						},
						"1.8": {
							"vector": [-0.13, -1.19, -8.65]
						},
						"1.9667": {
							"vector": [-0.545, -1.325, -11.15]
						},
						"2.1333": {
							"vector": [-0.415, -1.395, -10.545]
						},
						"2.2667": {
							"vector": [-0.525, -1.455, -9.17]
						},
						"2.4": {
							"vector": [-0.49, -1.43, -9.85]
						},
						"2.5667": {
							"vector": [-0.455, -1.5, -9.24]
						},
						"2.7667": {
							"vector": [-0.53, -1.5, -9.27]
						},
						"3.0": {
							"vector": [-0.49, -1.41, -9.3]
						},
						"3.2333": {
							"vector": [-0.545, -1.325, -9.325]
						},
						"3.3667": {
							"vector": [-1.005, -0.61, -7.41]
						},
						"3.6333": {
							"vector": [0, 0, 0]
						}
					}
				},
				"leftarm": {
					"rotation": {
						"0.0": {
							"vector": [0, 0, 0]
						},
						"0.1667": {
							"vector": [0, 0, -2.5]
						},
						"1.7333": {
							"vector": [0, 0, -2.5]
						},
						"2.0333": {
							"vector": [-20, 0, -45]
						},
						"3.3": {
							"vector": [-20, 0, -45]
						},
						"3.5667": {
							"vector": [0, 0, 0]
						}
					},
					"position": {
						"0.0": {
							"vector": [0, 0, 0]
						},
						"0.1667": {
							"vector": [11.23986, -30.20851, 24.64864]
						},
						"1.7333": {
							"vector": [11.23986, -30.20851, 24.64864]
						},
						"2.0333": {
							"vector": [7.35, 6.25, 2.33]
						},
						"3.3": {
							"vector": [7.35, 6.25, 2.33]
						},
						"3.5667": {
							"vector": [0, 0, 0]
						}
					}
				},
				"rightarm": {
					"rotation": {
						"2.0333": {
							"vector": [0, 0, 0]
						},
						"2.2333": {
							"vector": [-18.21859, 10.09893, 2.63369]
						},
						"3.2333": {
							"vector": [-18.21859, 10.09893, 2.63369]
						},
						"3.3333": {
							"vector": [0, 0, 0]
						}
					},
					"position": {
						"2.0333": {
							"vector": [0, 0, 0]
						},
						"2.2333": {
							"vector": [0, 0, -14]
						},
						"2.3667": {
							"vector": [0, 0, -21]
						},
						"2.5333": {
							"vector": [0, -2, -21]
						},
						"2.6667": {
							"vector": [0, -2, -12]
						},
						"2.8333": {
							"vector": [0, 0, -12]
						},
						"3.0333": {
							"vector": [0, 0, -20]
						},
						"3.2333": {
							"vector": [-2, -4, -18]
						},
						"3.3333": {
							"vector": [0, 0, 0]
						}
					}
				}
			}
		},
		"animation.model.prepare": {
			"loop": "hold_on_last_frame",
			"animation_length": 0.7083,
			"bones": {
				"main": {
					"rotation": {
						"0.0": {
							"vector": [0, 0, 0]
						},
						"0.1667": {
							"vector": [-5, 0, 0]
						},
						"0.2917": {
							"vector": [-6.21389, -14.21999, 16.59101]
						},
						"0.4167": {
							"vector": [-11.96534, -16.37574, 35.31178]
						},
						"0.5417": {
							"vector": [-13.52129, -17.71101, 40.98832]
						},
						"0.6667": {
							"vector": [-15.01116, -16.47708, 46.05982]
						}
					},
					"position": {
						"0.0": {
							"vector": [0, 0, 0]
						},
						"0.125": {
							"vector": [0, 0, 2]
						},
						"0.375": {
							"vector": [0, 0, -1]
						}
					}
				},
				"gun": {
					"rotation": {
						"0.0": {
							"vector": [0, 0, 0]
						},
						"0.2917": {
							"vector": [0, 0, 17.5]
						}
					}
				},
				"Bullet": {
					"position": {
						"0.0": {
							"vector": [0, -28, 5]
						},
						"0.25": {
							"vector": [-3, -15, 49]
						}
					}
				},
				"rightarm": {
					"rotation": {
						"0.0": {
							"vector": [0, 0, 0]
						},
						"0.7083": {
							"vector": [0.13321, 7.39546, -1.02609]
						}
					},
					"position": {
						"0.0": {
							"vector": [0, 0, 0]
						},
						"0.4583": {
							"vector": [0, 0, 0]
						},
						"0.7083": {
							"vector": [0, 0, 22]
						}
					}
				},
				"leftarm": {
					"position": {
						"0.0": {
							"vector": [0, 0, 0]
						},
						"0.0833": {
							"vector": [0, 0, 7]
						},
						"0.2917": {
							"vector": [3, 0, 7]
						}
					}
				}
			}
		},
		"animation.model.chamberload": {
			"loop": "hold_on_last_frame",
			"animation_length": 1.25,
			"bones": {
				"main": {
					"rotation": {
						"0.0": {
							"vector": [-15.01116, -16.47708, 46.05982]
						},
						"0.125": {
							"vector": [-14.80456, -13.57797, 45.2611]
						},
						"0.25": {
							"vector": [-14.90094, -14.78531, 45.59903]
						},
						"0.375": {
							"vector": [-15.1748, -18.4081, 46.60566]
						},
						"0.5": {
							"vector": [-15.09035, -17.44277, 46.33129]
						},
						"0.625": {
							"vector": [-15.09035, -17.44277, 46.33129]
						},
						"0.7083": {
							"vector": [-12.92673, -19.0788, 39.43456]
						},
						"0.875": {
							"vector": [-16.60909, -16.00787, 51.60481]
						},
						"1.125": {
							"vector": [-15.01116, -16.47708, 46.05982]
						}
					},
					"position": {
						"0.0": {
							"vector": [0, 0, -1]
						},
						"1.125": {
							"vector": [0, 0, -1]
						}
					}
				},
				"gun": {
					"rotation": {
						"0.0": {
							"vector": [0, 0, 17.5]
						},
						"1.125": {
							"vector": [0, 0, 17.5]
						}
					}
				},
				"Lever": {
					"rotation": {
						"0.0": {
							"vector": [0, 0, 0]
						},
						"0.625": {
							"vector": [0, 0, 0]
						},
						"0.75": {
							"vector": [-47.5, 0, 0]
						},
						"0.8333": {
							"vector": [-47.5, 0, 0]
						},
						"0.9583": {
							"vector": [0, 0, 0]
						},
						"1.125": {
							"vector": [0, 0, 0]
						}
					}
				},
				"Chamber": {
					"position": {
						"0.0": {
							"vector": [0, 0, 0]
						},
						"0.625": {
							"vector": [0, 0, 0]
						},
						"0.75": {
							"vector": [0, 0, 4]
						},
						"0.8333": {
							"vector": [0, 0, 4]
						},
						"0.9583": {
							"vector": [0, 0, 0]
						}
					}
				},
				"bulletLoader": {
					"position": {
						"0.0": {
							"vector": [0, 0, 0]
						},
						"0.625": {
							"vector": [0, 0, 0]
						},
						"0.75": {
							"vector": [0, 1.05, 0]
						},
						"0.8333": {
							"vector": [0, 0.9, 0]
						},
						"0.9583": {
							"vector": [0, 0, 0]
						},
						"1.125": {
							"vector": [0, 0, 0]
						}
					}
				},
				"Bullet": {
					"rotation": {
						"0.0": {
							"vector": [0, 0, 0]
						},
						"0.2083": {
							"vector": [-20.75402, -16.8773, 3.55831]
						},
						"0.375": {
							"vector": [0, 0, 0]
						}
					},
					"position": {
						"0.0": {
							"vector": [-3, -15, 49]
						},
						"0.2083": {
							"vector": [-2.9, -2.175, 2.6]
						},
						"0.25": {
							"vector": [-2.38, -1.53, 3.05]
						},
						"0.3333": {
							"vector": [-0.13, -0.24, 0.65]
						},
						"0.375": {
							"vector": [0, 0.4, 0]
						},
						"0.5": {
							"vector": [0, 0, 0]
						}
					}
				},
				"rightarm": {
					"rotation": {
						"0.0": {
							"vector": [0.13321, 7.39546, -1.02609]
						},
						"0.375": {
							"vector": [-0.10105, 0.05337, 0.52367]
						},
						"0.625": {
							"vector": [12.39895, 0.05337, 0.52367]
						},
						"0.75": {
							"vector": [27.39895, 0.05337, 0.52367]
						},
						"0.8333": {
							"vector": [27.39895, 0.05337, 0.52367]
						},
						"0.9583": {
							"vector": [12.39895, 0.05337, 0.52367]
						},
						"1.125": {
							"vector": [0.13321, 7.39546, -1.02609]
						}
					},
					"position": {
						"0.0": {
							"vector": [0, 0, 22]
						},
						"0.2083": {
							"vector": [0, 5, -12]
						},
						"0.375": {
							"vector": [0, 5, -15.3]
						},
						"0.5": {
							"vector": [0, 5, -16.3]
						},
						"0.625": {
							"vector": [0, 5, 2.7]
						},
						"0.75": {
							"vector": [0, 4.4, -2.3]
						},
						"0.8333": {
							"vector": [0, 4.4, -2.3]
						},
						"0.9583": {
							"vector": [0, 5, 2.7]
						},
						"1.125": {
							"vector": [0, 0, 22]
						}
					}
				},
				"leftarm": {
					"position": {
						"0.0": {
							"vector": [3, 0, 7]
						},
						"1.125": {
							"vector": [3, 0, 7]
						}
					}
				}
			},
			"sound_effects": {
				"0.2917": {
					"effect": "repeater_bullet_load"
				},
				"0.625": {
					"effect": "gun_cocking"
				}
			}
		},
		"animation.model.iterativeload": {
			"loop": "hold_on_last_frame",
			"animation_length": 0.625,
			"bones": {
				"main": {
					"rotation": {
						"0.0": {
							"vector": [-15.01116, -16.47708, 46.05982]
						},
						"0.125": {
							"vector": [-14.80456, -13.57797, 45.2611]
						},
						"0.25": {
							"vector": [-14.90094, -14.78531, 45.59903]
						},
						"0.375": {
							"vector": [-15.1748, -18.4081, 46.60566]
						},
						"0.5": {
							"vector": [-15.01116, -16.47708, 46.05982]
						}
					},
					"position": {
						"0.0": {
							"vector": [0, 0, -1]
						},
						"0.5": {
							"vector": [0, 0, -1]
						}
					}
				},
				"gun": {
					"rotation": {
						"vector": [0, 0, 17.5]
					}
				},
				"Lever": {
					"rotation": {
						"0.0": {
							"vector": [0, 0, 0]
						},
						"0.625": {
							"vector": [0, 0, 0]
						}
					}
				},
				"Chamber": {
					"position": {
						"0.0": {
							"vector": [0, 0, 0]
						},
						"0.625": {
							"vector": [0, 0, 0]
						}
					}
				},
				"bulletLoader": {
					"position": {
						"0.0": {
							"vector": [0, 0, 0]
						},
						"0.625": {
							"vector": [0, 0, 0]
						}
					}
				},
				"Bullet": {
					"rotation": {
						"0.0": {
							"vector": [0, 0, 0]
						},
						"0.2083": {
							"vector": [-20.75402, -16.8773, 3.55831]
						},
						"0.375": {
							"vector": [0, 0, 0]
						}
					},
					"position": {
						"0.0": {
							"vector": [-3, -15, 49]
						},
						"0.2083": {
							"vector": [-2.9, -2.175, 2.6]
						},
						"0.25": {
							"vector": [-2.38, -1.53, 3.05]
						},
						"0.3333": {
							"vector": [-0.13, -0.24, 0.65]
						},
						"0.375": {
							"vector": [0, 0.4, 0]
						},
						"0.5": {
							"vector": [0, 0, 0]
						}
					}
				},
				"rightarm": {
					"rotation": {
						"0.0": {
							"vector": [0.13321, 7.39546, -1.02609]
						},
						"0.375": {
							"vector": [-0.10105, 0.05337, 0.52367]
						},
						"0.625": {
							"vector": [0.13321, 7.39546, -1.02609]
						}
					},
					"position": {
						"0.0": {
							"vector": [0, 0, 22]
						},
						"0.2083": {
							"vector": [0, 5, -12]
						},
						"0.375": {
							"vector": [0, 5, -15.3]
						},
						"0.5": {
							"vector": [0, 5, -16.3]
						},
						"0.625": {
							"vector": [0, 0, 22]
						}
					}
				},
				"leftarm": {
					"position": {
						"0.0": {
							"vector": [3, 0, 7]
						},
						"0.625": {
							"vector": [3, 0, 7]
						}
					}
				}
			},
			"sound_effects": {
				"0.2917": {
					"effect": "repeater_bullet_load"
				}
			}
		},
		"animation.model.finish": {
			"loop": "hold_on_last_frame",
			"animation_length": 0.875,
			"bones": {
				"main": {
					"rotation": {
						"0.0": {
							"vector": [-15.01116, -16.47708, 46.05982]
						},
						"0.125": {
							"vector": [-11.9096, -18.81126, 35.85388]
						},
						"0.2917": {
							"vector": [-21.23371, -13.79493, 26.29284]
						},
						"0.4583": {
							"vector": [0, 0, 0]
						},
						"0.5833": {
							"vector": [1.75, 0, -2]
						},
						"0.7083": {
							"vector": [0, 0, 0]
						}
					},
					"position": {
						"0.0": {
							"vector": [0, 0, -1]
						},
						"0.125": {
							"vector": [-1, 0, 5]
						},
						"0.4583": {
							"vector": [0, 0, 0]
						}
					}
				},
				"gun": {
					"rotation": {
						"0.0": {
							"vector": [0, 0, 17.5]
						},
						"0.125": {
							"vector": [0, 0, 2.5]
						},
						"0.4583": {
							"vector": [0, 0, 0]
						}
					}
				},
				"Lever": {
					"rotation": {
						"vector": [0, 0, 0]
					}
				},
				"Chamber": {
					"position": {
						"vector": [0, 0, 0]
					}
				},
				"bulletLoader": {
					"position": {
						"vector": [0, 0, 0]
					}
				},
				"Bullet": {
					"position": {
						"vector": [0, 0, 0]
					}
				},
				"rightarm": {
					"rotation": {
						"0.0": {
							"vector": [0.13321, 7.39546, -1.02609]
						},
						"0.125": {
							"vector": [0.13321, 7.39546, -1.02609]
						},
						"0.2917": {
							"vector": [0.07785, 4.94743, -0.51592]
						},
						"0.4583": {
							"vector": [0, 0, 0]
						}
					},
					"position": {
						"0.0": {
							"vector": [0, 0, 22]
						},
						"0.125": {
							"vector": [0, 0, 22]
						},
						"0.2917": {
							"vector": [0, 0, 2]
						},
						"0.4583": {
							"vector": [0, 0, 0]
						}
					}
				},
				"leftarm": {
					"rotation": {
						"0.0": {
							"vector": [0, 0, 0]
						},
						"0.125": {
							"vector": [0.70568, -8.60514, -10.26874]
						},
						"0.4583": {
							"vector": [0, 0, 0]
						}
					},
					"position": {
						"0.0": {
							"vector": [3, 0, 7]
						},
						"0.125": {
							"vector": [0, 0, -3]
						},
						"0.4583": {
							"vector": [0, 0, 0]
						}
					}
				}
			}
		},
		"animation.model.fire": {
			"animation_length": 0.8333,
			"bones": {
				"main": {
					"rotation": {
						"0.0": {
							"vector": [-2.5, 0, 0]
						},
						"0.0417": {
							"vector": [-1.49658, 0.1308, 2.99715]
						},
						"0.0833": {
							"vector": [0, 0, 0]
						},
						"0.2083": {
							"vector": [0, 0, 6.5]
						},
						"0.2917": {
							"vector": [0, 0, 14]
						},
						"0.4167": {
							"vector": [0, 0, 0]
						},
						"0.5": {
							"vector": [0, 0, -5]
						},
						"0.5833": {
							"vector": [0, 0, 0]
						}
					},
					"position": {
						"0.0": {
							"vector": [0, 0, 3.025]
						},
						"0.0417": {
							"vector": [0, 0, 0]
						},
						"0.0833": {
							"vector": [0, 0, 0]
						}
					}
				},
				"Lever": {
					"rotation": {
						"0.0": {
							"vector": [0, 0, 0]
						},
						"0.125": {
							"vector": [0, 0, 0]
						},
						"0.2083": {
							"vector": [-52.5, 0, 0]
						},
						"0.2917": {
							"vector": [-52.5, 0, 0]
						},
						"0.4167": {
							"vector": [0, 0, 0]
						}
					}
				},
				"Chamber": {
					"position": {
						"0.0": {
							"vector": [0, 0, 0]
						},
						"0.125": {
							"vector": [0, 0, 0]
						},
						"0.2083": {
							"vector": [0, 0, 4]
						},
						"0.2917": {
							"vector": [0, 0, 4]
						},
						"0.4167": {
							"vector": [0, 0, 0]
						}
					}
				},
				"bulletLoader": {
					"position": {
						"0.0": {
							"vector": [0, 0, 0]
						},
						"0.125": {
							"vector": [0, 0, 0]
						},
						"0.2083": {
							"vector": [0, 1.2, 0]
						},
						"0.2917": {
							"vector": [0, 1.2, 0]
						},
						"0.4167": {
							"vector": [0, 0, 0]
						}
					}
				},
				"BulletShell": {
					"rotation": {
						"0.0": {
							"vector": [0, 0, 0]
						},
						"0.2917": {
							"vector": [40, 0, 47.5]
						},
						"0.7083": {
							"vector": [0, 0, 0]
						},
						"0.75": {
							"vector": [-8.64124, -0.80145, 6.67203]
						}
					},
					"position": {
						"0.0": {
							"vector": [0, 0, 0]
						},
						"0.125": {
							"vector": [0, 0, 0]
						},
						"0.2083": {
							"vector": [0, 19.3, 0]
						},
						"0.2917": {
							"vector": [6, 59.3, 0]
						},
						"0.4167": {
							"vector": [61, 48.3, -10]
						},
						"0.5417": {
							"vector": [110, -48.7, -10]
						},
						"0.625": {
							"vector": [-1, -39.7, -10]
						},
						"0.7083": {
							"vector": [0, -35, 0]
						},
						"0.75": {
							"vector": [0, -32, 56]
						},
						"0.7917": {
							"vector": [0, -6, 23]
						}
					}
				},
				"rightarm": {
					"rotation": {
						"0.0": {
							"vector": [0, 0, 0]
						},
						"0.125": {
							"vector": [0, 0, 0]
						},
						"0.2083": {
							"vector": [25, 0, 0]
						},
						"0.2917": {
							"vector": [25, 0, 0]
						},
						"0.4167": {
							"vector": [0, 0, 0]
						}
					},
					"position": {
						"0.0": {
							"vector": [0, 0, 0]
						},
						"0.125": {
							"vector": [0, 0, 0]
						},
						"0.2083": {
							"vector": [0, 2, -3]
						},
						"0.2917": {
							"vector": [0, 2, -3]
						},
						"0.4167": {
							"vector": [0, 0, 0]
						}
					}
				},
				"trigger": {
					"rotation": {
						"0.0": {
							"vector": [40, 0, 0]
						},
						"0.0417": {
							"vector": [0, 0, 0]
						}
					}
				},
				"Hammer": {
					"rotation": {
						"0.0": {
							"vector": [70, 0, 0]
						},
						"0.125": {
							"vector": [70, 0, 0]
						},
						"0.2083": {
							"vector": [0, 0, 0]
						}
					}
				}
			},
			"sound_effects": {
				"0.2083": {
					"effect": "gun_cocking"
				},
				"0.5833": {
					"effect": "shell_eject"
				}
			}
		}
	},
	"geckolib_format_version": 2
}