{
	"format_version": "1.8.0",
	"animations": {
		"animation.model.inspect": {
			"loop": "hold_on_last_frame",
			"animation_length": 4,
			"bones": {
				"main": {
					"rotation": {
						"0.0": {
							"vector": [0, 0, 0]
						},
						"0.1667": {
							"vector": [-8.41746, -13.59608, -21.21259],
							"easing": "linear"
						},
						"0.3": {
							"vector": [-8.39812, -20.10111, -31.77688]
						},
						"0.4333": {
							"vector": [-9.55676, -20.88889, -28.55629]
						},
						"0.5333": {
							"vector": [-8.77652, -21.21647, -30.72851]
						},
						"0.7667": {
							"vector": [-9.4227, -20.94881, -28.93303]
						},
						"1.0": {
							"vector": [-3.1216, -20.98207, -46.44405]
						},
						"1.1333": {
							"vector": [-4.564, -20.73064, -42.44007]
						},
						"1.2333": {
							"vector": [-4.86325, -20.9153, -41.60203]
						},
						"1.3333": {
							"vector": [-4.58308, -20.97575, -42.38574]
						},
						"1.4667": {
							"vector": [-4.01131, -21.08802, -43.97908]
						},
						"1.6": {
							"vector": [-4.38767, -21.01662, -42.9316]
						},
						"1.7": {
							"vector": [-4.18847, -21.05622, -43.48691],
							"easing": "linear"
						},
						"2.0333": {
							"vector": [-16.91438, 5.38499, 54.40399],
							"easing": "linear"
						},
						"2.1667": {
							"vector": [-15.22513, 5.80082, 60.04554]
						},
						"2.3": {
							"vector": [-15.70981, 5.86025, 59.48558]
						},
						"2.4333": {
							"vector": [-15.93602, 7.03904, 62.69373]
						},
						"2.5667": {
							"vector": [-15.60896, 7.75082, 65.23442]
						},
						"2.7333": {
							"vector": [-15.71675, 7.52491, 64.42194]
						},
						"2.9": {
							"vector": [-15.56389, 7.84019, 65.55973]
						},
						"3.1": {
							"vector": [-15.61778, 7.73186, 65.16659]
						},
						"3.2667": {
							"vector": [-15.9801, 6.93689, 62.33342]
						},
						"3.4": {
							"vector": [-8.86998, 2.42135, 33.56191]
						},
						"3.5333": {
							"vector": [0, -1.75, -2.75]
						},
						"3.7": {
							"vector": [0, 0, 0]
						}
					},
					"position": {
						"0.0": {
							"vector": [0, 0, 0]
						},
						"0.3": {
							"vector": [-0.475, 1.475, -8.7]
						},
						"0.4": {
							"vector": [-0.195, 1, -7.7]
						},
						"0.5333": {
							"vector": [-0.03, 0.725, -7.7]
						},
						"0.7": {
							"vector": [0, 1.125, -7.7]
						},
						"0.9": {
							"vector": [0.125, 1.4, -8.275]
						},
						"1.2": {
							"vector": [-0.02, 1.475, -8]
						},
						"1.4": {
							"vector": [0.11, 1.425, -8.175]
						},
						"1.6667": {
							"vector": [0.275, 1.25, -7.975]
						},
						"1.8": {
							"vector": [-0.13, -1.19, -8.65]
						},
						"1.9667": {
							"vector": [-0.545, -1.325, -11.15]
						},
						"2.1333": {
							"vector": [-0.415, -1.395, -10.545]
						},
						"2.2667": {
							"vector": [-0.525, -1.455, -9.17]
						},
						"2.4": {
							"vector": [-0.49, -1.43, -9.85]
						},
						"2.5667": {
							"vector": [-0.455, -1.5, -9.24]
						},
						"2.7667": {
							"vector": [-0.53, -1.5, -9.27]
						},
						"3.0": {
							"vector": [-0.49, -1.41, -9.3]
						},
						"3.2333": {
							"vector": [-0.545, -1.325, -9.325]
						},
						"3.3667": {
							"vector": [-1.005, -0.61, -7.41]
						},
						"3.6333": {
							"vector": [0, 0, 0]
						}
					}
				},
				"leftarm": {
					"rotation": {
						"0.0": {
							"vector": [0, 0, 0]
						},
						"0.1667": {
							"vector": [0, 0, -2.5]
						},
						"1.7333": {
							"vector": [0, 0, -2.5]
						},
						"2.0333": {
							"vector": [-20, 0, -45]
						},
						"3.3": {
							"vector": [-20, 0, -45]
						},
						"3.5667": {
							"vector": [0, 0, 0]
						}
					},
					"position": {
						"0.0": {
							"vector": [0, 0, 0]
						},
						"0.1667": {
							"vector": [11.23986, -30.20851, 24.64864]
						},
						"1.7333": {
							"vector": [11.23986, -30.20851, 24.64864]
						},
						"2.0333": {
							"vector": [7.35, 6.25, 2.33]
						},
						"3.3": {
							"vector": [7.35, 6.25, 2.33]
						},
						"3.5667": {
							"vector": [0, 0, 0]
						}
					}
				},
				"rightarm": {
					"rotation": {
						"2.0333": {
							"vector": [0, 0, 0]
						},
						"2.2333": {
							"vector": [-18.21859, 10.09893, 2.63369]
						},
						"3.2333": {
							"vector": [-18.21859, 10.09893, 2.63369]
						},
						"3.3333": {
							"vector": [0, 0, 0]
						}
					},
					"position": {
						"2.0333": {
							"vector": [0, 0, 0]
						},
						"2.2333": {
							"vector": [0, 0, -14]
						},
						"2.3667": {
							"vector": [0, 0, -21]
						},
						"2.5333": {
							"vector": [0, -2, -21]
						},
						"2.6667": {
							"vector": [0, -2, -12]
						},
						"2.8333": {
							"vector": [0, 0, -12]
						},
						"3.0333": {
							"vector": [0, 0, -20]
						},
						"3.2333": {
							"vector": [-2, -4, -18]
						},
						"3.3333": {
							"vector": [0, 0, 0]
						}
					}
				}
			}
		},
		"animation.model.draw": {
			"loop": "hold_on_last_frame",
			"animation_length": 0.95,
			"bones": {
				"main": {
					"rotation": {
						"0.0": {
							"vector": [32.09413, -54.38778, -8.29667]
						},
						"0.25": {
							"vector": [0, 0, 6.5]
						},
						"0.35": {
							"vector": [0, 0, 14]
						},
						"0.45": {
							"vector": [0.32389, -0.60235, -2.1558],
							"easing": "linear"
						},
						"0.55": {
							"vector": [0, 0, 0],
							"easing": "linear"
						}
					},
					"position": {
						"0.0": {
							"vector": [0, -17.3, 0]
						},
						"0.15": {
							"vector": [-0.4, -2.525, -1.625],
							"easing": "linear"
						},
						"0.35": {
							"vector": [-0.05, 0, -2.49],
							"easing": "linear"
						},
						"0.5": {
							"vector": [0, 0, 0],
							"easing": "linear"
						}
					}
				},
				"leftarm": {
					"rotation": {
						"0.0": {
							"vector": [0, 0, 0]
						},
						"0.2": {
							"vector": [1, 0, -22]
						},
						"0.4": {
							"vector": [0, 0, 0]
						}
					},
					"position": {
						"0.0": {
							"vector": [0, 0, 0]
						},
						"0.2": {
							"vector": [3.53901, 3.6754, 5.59783]
						},
						"0.4": {
							"vector": [0, 0, 0]
						}
					}
				},
				"rightarm": {
					"rotation": {
						"0.0": {
							"vector": [0, 0, 0]
						},
						"0.15": {
							"vector": [0, 0, 0]
						},
						"0.25": {
							"vector": [25, 0, 0]
						},
						"0.35": {
							"vector": [25, 0, 0]
						},
						"0.45": {
							"vector": [0, 0, 0]
						}
					},
					"position": {
						"0.0": {
							"vector": [0, 0, 0]
						},
						"0.15": {
							"vector": [0, 0, 0]
						},
						"0.25": {
							"vector": [0, 2, -3]
						},
						"0.35": {
							"vector": [0, 2, -3]
						},
						"0.45": {
							"vector": [0, 0, 0]
						}
					}
				},
				"Lever": {
					"rotation": {
						"0.0": {
							"vector": [0, 0, 0]
						},
						"0.15": {
							"vector": [0, 0, 0]
						},
						"0.25": {
							"vector": [-52.5, 0, 0]
						},
						"0.35": {
							"vector": [-52.5, 0, 0]
						},
						"0.45": {
							"vector": [0, 0, 0]
						}
					}
				},
				"Chamber": {
					"position": {
						"0.0": {
							"vector": [0, 0, 0]
						},
						"0.15": {
							"vector": [0, 0, 0]
						},
						"0.25": {
							"vector": [0, 0, 4]
						},
						"0.35": {
							"vector": [0, 0, 4]
						},
						"0.45": {
							"vector": [0, 0, 0]
						}
					}
				},
				"bulletLoader": {
					"position": {
						"0.0": {
							"vector": [0, 0, 0]
						},
						"0.15": {
							"vector": [0, 0, 0]
						},
						"0.25": {
							"vector": [0, 1.2, 0]
						},
						"0.35": {
							"vector": [0, 1.2, 0]
						},
						"0.45": {
							"vector": [0, 0, 0]
						}
					}
				},
				"Hammer": {
					"rotation": {
						"0.0": {
							"vector": [70, 0, 0]
						},
						"0.15": {
							"vector": [70, 0, 0]
						},
						"0.25": {
							"vector": [0, 0, 0]
						}
					}
				}
			},
			"sound_effects": {
				"0.2": {
					"effect": "gun_cocking"
				}
			}
		},
		"animation.model.prepare": {
			"loop": "hold_on_last_frame",
			"animation_length": 1.125,
			"bones": {
				"main": {
					"rotation": {
						"0.0": {
							"vector": [0, 0, 0]
						},
						"0.1667": {
							"vector": [0, 0, 15]
						},
						"0.3333": {
							"vector": [0, 0, 10.28]
						},
						"0.5417": {
							"vector": [0, 0, 32.5]
						},
						"0.7917": {
							"vector": [-35, 0, 32.5]
						},
						"0.9167": {
							"vector": [-34.58897, -5.71617, 24.28112]
						},
						"1.0417": {
							"vector": [-34.89743, -2.86544, 28.40082]
						}
					},
					"position": {
						"0.0": {
							"vector": [0, 0, 0]
						},
						"0.25": {
							"vector": [0, 0, 5]
						},
						"0.4167": {
							"vector": [-4, 0, 24]
						},
						"0.5833": {
							"vector": [-3, -4.14, 36.57]
						},
						"0.6667": {
							"vector": [-5, -16.71, 43.19]
						},
						"0.7917": {
							"vector": [-5, -23, 28]
						}
					}
				},
				"gun": {
					"position": {
						"0.0": {
							"vector": [0, 0, 0]
						},
						"0.1667": {
							"vector": [0, 0, 7]
						},
						"0.2917": {
							"vector": [0, 0, 7]
						},
						"0.4583": {
							"vector": [0, 0, 21]
						}
					}
				},
				"Bullet": {
					"position": {
						"0.0": {
							"vector": [0, 0, 0]
						},
						"1.0833": {
							"vector": [0, 0, 0]
						},
						"1.125": {
							"vector": [3, 2, -13]
						}
					}
				},
				"rightarm": {
					"rotation": {
						"0.0": {
							"vector": [0, 0, 0]
						},
						"0.25": {
							"vector": [0.26402, -24.65169, -55.2596]
						},
						"0.5417": {
							"vector": [-0.13768, -27.09936, -54.61126]
						}
					},
					"position": {
						"0.0": {
							"vector": [0, 0, 0]
						},
						"0.1667": {
							"vector": [0, 0, 6]
						},
						"0.25": {
							"vector": [-3, 0, -9]
						},
						"0.4583": {
							"vector": [0, 0, 1]
						}
					}
				},
				"leftarm": {
					"rotation": {
						"0.0": {
							"vector": [0, 0, 0]
						},
						"0.8333": {
							"vector": [7.6215, -22.86399, -31.05507]
						}
					},
					"position": {
						"0.0": {
							"vector": [0, 0, 0]
						},
						"0.1667": {
							"vector": [0, 0, -15]
						},
						"0.375": {
							"vector": [0, 0, -27]
						},
						"0.7083": {
							"vector": [0, 0, -38]
						},
						"0.8333": {
							"vector": [-1, 4, -38]
						},
						"1.0": {
							"vector": [-1, 4, 4]
						},
						"1.125": {
							"vector": [-1, 4, 13]
						}
					}
				},
				"Bulletloader2": {
					"rotation": {
						"0.0": {
							"vector": [0, 0, 0]
						},
						"0.7083": {
							"vector": [0, 0, 0]
						},
						"0.8333": {
							"vector": [0, 0, 70]
						}
					}
				}
			},
			"sound_effects": {
				"0.75": {
					"effect": "ejector_rod"
				}
			}
		},
		"animation.model.iterativeload": {
			"loop": "hold_on_last_frame",
			"animation_length": 0.7083,
			"bones": {
				"main": {
					"rotation": {
						"0.0": {
							"vector": [-34.89743, -2.86544, 28.40082]
						},
						"0.125": {
							"vector": [-32.64743, -2.86544, 28.40082]
						},
						"0.2083": {
							"vector": [-32.75235, -0.70386, 31.7683]
						},
						"0.25": {
							"vector": [-32.64743, -2.86544, 28.40082]
						},
						"0.3333": {
							"vector": [-34.58897, -5.71617, 24.28112]
						},
						"0.4167": {
							"vector": [-34.89743, -2.86544, 28.40082]
						}
					},
					"position": {
						"vector": [-5, -23, 28]
					}
				},
				"gun": {
					"position": {
						"vector": [0, 0, 21]
					}
				},
				"Bullet": {
					"position": {
						"0.0": {
							"vector": [3, 2, -13]
						},
						"0.2083": {
							"vector": [1, 2, -63]
						},
						"0.4167": {
							"vector": [0.6, 0, -63]
						},
						"0.5833": {
							"vector": [0, 0, 0]
						}
					}
				},
				"rightarm": {
					"rotation": {
						"vector": [-0.13768, -27.09936, -54.61126]
					},
					"position": {
						"vector": [0, 0, 1]
					}
				},
				"leftarm": {
					"rotation": {
						"0.0": {
							"vector": [7.6215, -22.86399, -31.05507]
						},
						"0.4167": {
							"vector": [3.69061, -13.62713, -28.73692]
						},
						"0.7083": {
							"vector": [7.6215, -22.86399, -31.05507]
						}
					},
					"position": {
						"0.0": {
							"vector": [-1, 4, 13]
						},
						"0.2083": {
							"vector": [-1, 4, -36]
						},
						"0.4167": {
							"vector": [-1, 4, -38]
						},
						"0.5417": {
							"vector": [2, 4, -35.5]
						},
						"0.7083": {
							"vector": [-1, 4, 13]
						}
					}
				},
				"Bulletloader2": {
					"rotation": {
						"vector": [0, 0, 70]
					}
				}
			},
			"sound_effects": {
				"0.2083": {
					"effect": "repeater_bullet_load"
				}
			}
		},
		"animation.model.fire": {
			"loop": true,
			"animation_length": 0.8333,
			"bones": {
				"main": {
					"rotation": {
						"0.0": {
							"vector": [-2.5, 0, 0]
						},
						"0.0417": {
							"vector": [-1.49658, 0.1308, 2.99715]
						},
						"0.0833": {
							"vector": [0, 0, 0]
						},
						"0.2083": {
							"vector": [0, 0, 6.5]
						},
						"0.2917": {
							"vector": [0, 0, 14]
						},
						"0.4167": {
							"vector": [0, 0, 0]
						},
						"0.5": {
							"vector": [0, 0, -5]
						},
						"0.5833": {
							"vector": [0, 0, 0]
						}
					},
					"position": {
						"0.0": {
							"vector": [0, 0, 3.025]
						},
						"0.0417": {
							"vector": [0, 0, 0]
						},
						"0.0833": {
							"vector": [0, 0, 0]
						}
					}
				},
				"rightarm": {
					"rotation": {
						"0.0": {
							"vector": [0, 0, 0]
						},
						"0.125": {
							"vector": [0, 0, 0]
						},
						"0.2083": {
							"vector": [25, 0, 0]
						},
						"0.2917": {
							"vector": [25, 0, 0]
						},
						"0.4167": {
							"vector": [0, 0, 0]
						}
					},
					"position": {
						"0.0": {
							"vector": [0, 0, 0]
						},
						"0.125": {
							"vector": [0, 0, 0]
						},
						"0.2083": {
							"vector": [0, -2, 0]
						},
						"0.2917": {
							"vector": [0, -2, 0]
						},
						"0.4167": {
							"vector": [0, 0, 0]
						}
					}
				},
				"Lever": {
					"rotation": {
						"0.0": {
							"vector": [0, 0, 0]
						},
						"0.125": {
							"vector": [0, 0, 0]
						},
						"0.2083": {
							"vector": [-52.5, 0, 0]
						},
						"0.2917": {
							"vector": [-52.5, 0, 0]
						},
						"0.4167": {
							"vector": [0, 0, 0]
						}
					}
				},
				"trigger": {
					"rotation": {
						"0.0": {
							"vector": [40, 0, 0]
						},
						"0.0417": {
							"vector": [0, 0, 0]
						}
					}
				},
				"Chamber": {
					"position": {
						"0.0": {
							"vector": [0, 0, 0]
						},
						"0.125": {
							"vector": [0, 0, 0]
						},
						"0.2083": {
							"vector": [0, 0, 4]
						},
						"0.2917": {
							"vector": [0, 0, 4]
						},
						"0.4167": {
							"vector": [0, 0, 0]
						}
					}
				},
				"bulletLoader": {
					"position": {
						"0.0": {
							"vector": [0, 0, 0]
						},
						"0.125": {
							"vector": [0, 0, 0]
						},
						"0.2083": {
							"vector": [0, 1.2, 0]
						},
						"0.2917": {
							"vector": [0, 1.2, 0]
						},
						"0.4167": {
							"vector": [0, 0, 0]
						}
					}
				},
				"BulletShell": {
					"rotation": {
						"0.0": {
							"vector": [0, 0, 0]
						},
						"0.2917": {
							"vector": [40, 0, 47.5]
						},
						"0.7083": {
							"vector": [0, 0, 0]
						},
						"0.75": {
							"vector": [-8.64124, -0.80145, 6.67203]
						}
					},
					"position": {
						"0.0": {
							"vector": [0, 0, 0]
						},
						"0.125": {
							"vector": [0, 0, 0]
						},
						"0.2083": {
							"vector": [0, 19.3, 0]
						},
						"0.2917": {
							"vector": [6, 59.3, 0]
						},
						"0.4167": {
							"vector": [61, 48.3, -10]
						},
						"0.5417": {
							"vector": [110, -48.7, -10]
						},
						"0.625": {
							"vector": [-1, -39.7, -10]
						},
						"0.7083": {
							"vector": [0, -35, 0]
						},
						"0.75": {
							"vector": [0, -32, 56]
						},
						"0.7917": {
							"vector": [0, -6, 23]
						}
					}
				},
				"Hammer": {
					"rotation": {
						"0.0": {
							"vector": [70, 0, 0]
						},
						"0.125": {
							"vector": [70, 0, 0]
						},
						"0.2083": {
							"vector": [0, 0, 0]
						}
					}
				}
			},
			"sound_effects": {
				"0.2083": {
					"effect": "gun_cocking"
				},
				"0.5833": {
					"effect": "shell_eject"
				}
			}
		},
		"animation.model.finish": {
			"loop": "hold_on_last_frame",
			"animation_length": 1.2917,
			"bones": {
				"main": {
					"rotation": {
						"0.0": {
							"vector": [-34.89743, -2.86544, 28.40082]
						},
						"0.2917": {
							"vector": [-34.76548, 4.08719, 38.36225]
						},
						"0.375": {
							"vector": [-34.93392, -0.30701, 32.06247]
						},
						"0.4583": {
							"vector": [-34.76548, 4.08719, 38.36225]
						},
						"0.5833": {
							"vector": [-35, 0, 32.5]
						},
						"0.7917": {
							"vector": [-34, 0, 32.5]
						},
						"0.9167": {
							"vector": [-24.43845, 3.73171, 27.38967]
						},
						"1.0417": {
							"vector": [0, 0, 15]
						},
						"1.2083": {
							"vector": [0.37516, -0.57183, -7.15597],
							"easing": "linear"
						},
						"1.2917": {
							"vector": [0, 0, 0],
							"easing": "linear"
						}
					},
					"position": {
						"0.0": {
							"vector": [-5, -23, 28]
						},
						"0.5833": {
							"vector": [-5, -23, 28]
						},
						"0.7083": {
							"vector": [-5, -16.71, 22.19]
						},
						"1.0": {
							"vector": [-4, 0, 11]
						},
						"1.125": {
							"vector": [0, 0, 5]
						},
						"1.25": {
							"vector": [0, 0, 0],
							"easing": "linear"
						}
					}
				},
				"gun": {
					"rotation": {
						"0.0": {
							"vector": [0, 0, 0]
						},
						"0.7083": {
							"vector": [0, 0, 0]
						},
						"0.7917": {
							"vector": [0, 0, -10]
						},
						"1.0": {
							"vector": [0, 0, 0]
						}
					},
					"position": {
						"0.0": {
							"vector": [0, 0, 21]
						},
						"0.7083": {
							"vector": [0, 0, 21]
						},
						"0.9167": {
							"vector": [0, 0, 0]
						}
					}
				},
				"Bullet": {
					"position": {
						"vector": [0, 0, 0]
					}
				},
				"rightarm": {
					"rotation": {
						"0.0": {
							"vector": [-0.13768, -27.09936, -54.61126]
						},
						"0.7917": {
							"vector": [-0.13768, -27.09936, -54.61126]
						},
						"1.125": {
							"vector": [0, 0, 0]
						}
					},
					"position": {
						"0.0": {
							"vector": [0, 0, 1]
						},
						"0.7917": {
							"vector": [0, 0, 1]
						},
						"1.125": {
							"vector": [0, 0, 0]
						}
					}
				},
				"leftarm": {
					"rotation": {
						"0.0": {
							"vector": [7.6215, -22.86399, -31.05507]
						},
						"0.4583": {
							"vector": [11.60225, -26.29444, -41.25651]
						},
						"1.125": {
							"vector": [0, 0, 0]
						}
					},
					"position": {
						"0.0": {
							"vector": [-1, 4, 13]
						},
						"0.2917": {
							"vector": [-1, 4, -36]
						},
						"0.4583": {
							"vector": [-2, 4, -36]
						},
						"0.5833": {
							"vector": [-2, 4, -9]
						},
						"0.7917": {
							"vector": [-2, 4, -9]
						},
						"0.9167": {
							"vector": [-2, 4, 6]
						},
						"1.125": {
							"vector": [0, 0, 0]
						}
					}
				},
				"Bulletloader2": {
					"rotation": {
						"0.0": {
							"vector": [0, 0, 70]
						},
						"0.2917": {
							"vector": [0, 0, 70]
						},
						"0.4583": {
							"vector": [0, 0, 0]
						}
					}
				}
			},
			"sound_effects": {
				"0.4167": {
					"effect": "close_cylinder"
				}
			}
		},
		"animation.model.chamberload": {
			"loop": "hold_on_last_frame",
			"animation_length": 1.2083,
			"bones": {
				"main": {
					"rotation": {
						"0.0": {
							"vector": [-34.89743, -2.86544, 28.40082]
						},
						"0.125": {
							"vector": [-32.64743, -2.86544, 28.40082]
						},
						"0.2083": {
							"vector": [-32.75235, -0.70386, 31.7683]
						},
						"0.25": {
							"vector": [-32.64743, -2.86544, 28.40082]
						},
						"0.3333": {
							"vector": [-34.58897, -5.71617, 24.28112]
						},
						"0.4167": {
							"vector": [-34.89743, -2.86544, 28.40082]
						},
						"0.5833": {
							"vector": [-34.89743, -2.86544, 28.40082]
						},
						"0.6667": {
							"vector": [-34.58897, 5.71617, 40.71888]
						},
						"0.75": {
							"vector": [-34.58897, 5.71617, 40.71888]
						},
						"0.875": {
							"vector": [-34.89743, -2.86544, 28.40082]
						},
						"0.9583": {
							"vector": [-32.85636, -1.23434, 27.242]
						},
						"1.125": {
							"vector": [-34.89743, -2.86544, 28.40082]
						}
					},
					"position": {
						"vector": [-5, -23, 28]
					}
				},
				"gun": {
					"position": {
						"vector": [0, 0, 21]
					}
				},
				"Bullet": {
					"position": {
						"0.0": {
							"vector": [3, 2, -13]
						},
						"0.2083": {
							"vector": [1, 2, -63]
						},
						"0.4167": {
							"vector": [0.6, 0, -63]
						},
						"0.5833": {
							"vector": [0, 0, 0]
						}
					}
				},
				"rightarm": {
					"rotation": {
						"0.0": {
							"vector": [-0.13768, -27.09936, -54.61126]
						},
						"0.4167": {
							"vector": [-0.13768, -27.09936, -54.61126]
						},
						"0.5417": {
							"vector": [38.46905, 38.49819, -74.11782]
						},
						"0.6667": {
							"vector": [33.94951, 40.81788, -73.06902]
						},
						"0.7917": {
							"vector": [33.94951, 40.81788, -73.06902]
						},
						"0.875": {
							"vector": [33.46905, 38.49819, -74.11782]
						},
						"1.0": {
							"vector": [-0.13768, -27.09936, -54.61126]
						}
					},
					"position": {
						"0.0": {
							"vector": [0, 0, 1]
						},
						"0.4167": {
							"vector": [0, 0, 1]
						},
						"0.5417": {
							"vector": [-3, 15.2, 23]
						},
						"0.6667": {
							"vector": [1, 10.7, 20.5]
						},
						"0.7917": {
							"vector": [1, 10.7, 20.5]
						},
						"0.875": {
							"vector": [-3, 17.2, 23]
						},
						"1.0": {
							"vector": [0, 0, 1]
						}
					}
				},
				"leftarm": {
					"rotation": {
						"0.0": {
							"vector": [7.6215, -22.86399, -31.05507]
						},
						"0.4167": {
							"vector": [3.69061, -13.62713, -28.73692]
						},
						"0.5417": {
							"vector": [7.6215, -22.86399, -31.05507]
						},
						"0.875": {
							"vector": [7.6215, -22.86399, -31.05507]
						},
						"1.0833": {
							"vector": [7.6215, -22.86399, -31.05507]
						}
					},
					"position": {
						"0.0": {
							"vector": [-1, 4, 13]
						},
						"0.2083": {
							"vector": [-1, 4, -36]
						},
						"0.4167": {
							"vector": [-1, 4, -38]
						},
						"0.5417": {
							"vector": [-1, 4, -18]
						},
						"0.875": {
							"vector": [-1, 4, -18]
						},
						"1.0833": {
							"vector": [-1, 4, 13]
						}
					}
				},
				"Bulletloader2": {
					"rotation": {
						"vector": [0, 0, 70]
					}
				},
				"Lever": {
					"rotation": {
						"0.0": {
							"vector": [0, 0, 0]
						},
						"0.5417": {
							"vector": [0, 0, 0]
						},
						"0.6667": {
							"vector": [-40, 0, 0]
						},
						"0.7917": {
							"vector": [-40, 0, 0]
						},
						"0.875": {
							"vector": [0, 0, 0]
						}
					}
				},
				"Chamber": {
					"position": {
						"0.5417": {
							"vector": [0, 0, 0]
						},
						"0.6667": {
							"vector": [0, 0, 4]
						},
						"0.7917": {
							"vector": [0, 0, 4]
						},
						"0.875": {
							"vector": [0, 0, 0]
						}
					}
				},
				"bulletLoader": {
					"position": {
						"0.5417": {
							"vector": [0, 0, 0]
						},
						"0.6667": {
							"vector": [0, 1, 0]
						},
						"0.7917": {
							"vector": [0, 1, 0]
						},
						"0.875": {
							"vector": [0, 0, 0]
						}
					}
				}
			},
			"sound_effects": {
				"0.25": {
					"effect": "repeater_bullet_load"
				},
				"0.6667": {
					"effect": "gun_cocking"
				}
			}
		}
	},
	"geckolib_format_version": 2
}