{
	"format_version": "1.8.0",
	"animations": {
		"animation.model.reload": {
			"loop": "hold_on_last_frame",
			"animation_length": 2.23333,
			"blend_weight": "1",
			"bones": {
				"main": {
					"rotation": {
						"0.0": {
							"vector": [0, 0, 0]
						},
						"0.1": {
							"vector": [15, 0, 0]
						},
						"0.2333": {
							"vector": [-20, 0, 0]
						},
						"0.4333": {
							"vector": [-27.5, 0, 0]
						},
						"0.5667": {
							"vector": [-30, 0, 0]
						},
						"0.7333": {
							"vector": [-27.5, 0, 0]
						},
						"0.9": {
							"vector": [-23.09454, -15.35793, -31.84407]
						},
						"1.0667": {
							"vector": [-20.99692, -18.17696, -39.10406]
						},
						"1.2667": {
							"vector": [-23.09454, -15.35793, -31.84407]
						},
						"1.5": {
							"vector": [-26.06663, -9.08661, -17.89244]
						},
						"1.6": {
							"vector": [-26.77409, -13.74029, -26.92534]
						},
						"1.7667": {
							"vector": [-28.56663, -9.08661, -17.89244]
						},
						"1.9667": {
							"vector": [0, 0, 0]
						},
						"2.1": {
							"vector": [4.99762, -0.10901, 2.49762]
						},
						"2.2333": {
							"vector": [0, 0, 0]
						}
					},
					"position": {
						"0.0": {
							"vector": [0, 0, 0]
						},
						"0.1": {
							"vector": [0, 0, 2]
						},
						"0.2333": {
							"vector": [0, 3, 4]
						},
						"0.3": {
							"vector": [0, 3, 4]
						},
						"0.4333": {
							"vector": [0, 0, 2]
						},
						"1.7667": {
							"vector": [0, 0, 2]
						},
						"1.9667": {
							"vector": [0, 0, 0]
						}
					}
				},
				"magazine": {
					"rotation": {
						"0.0": {
							"vector": [0, 0, 0]
						},
						"0.3": {
							"vector": [0, 0, 0]
						},
						"0.9": {
							"vector": [-32.5, 0, 0]
						},
						"1.0667": {
							"vector": [-32.5, 0, 0]
						},
						"1.2667": {
							"vector": [-10, 0, 0]
						},
						"1.5": {
							"vector": [-2.5, 0, 0]
						},
						"1.6": {
							"vector": [0, 0, 0]
						}
					},
					"position": {
						"0.0": {
							"vector": [0, 0, 0]
						},
						"0.3": {
							"vector": [0, 0, 0]
						},
						"0.3333": {
							"vector": [0, -7.5, 1.75]
						},
						"0.4333": {
							"vector": [0, -30, 5]
						},
						"0.7667": {
							"vector": [0, -30, 5]
						},
						"0.9": {
							"vector": [0, -28, 8]
						},
						"1.0667": {
							"vector": [0, -28, 8]
						},
						"1.2667": {
							"vector": [0, -18, 2]
						},
						"1.5": {
							"vector": [0, -9.1, 2.3]
						},
						"1.6": {
							"vector": [0, 0, 0]
						}
					}
				},
				"leftarm": {
					"rotation": {
						"0.0": {
							"vector": [0, 0, 0]
						},
						"0.1": {
							"vector": [2.15199, -13.33821, -26.69791]
						},
						"0.7667": {
							"vector": [2.15199, -13.33821, -26.69791]
						},
						"0.9": {
							"vector": [3.57243, 13.03983, 22.02213]
						},
						"1.0667": {
							"vector": [3.57243, 13.03983, 22.02213]
						},
						"1.2667": {
							"vector": [-3.92757, 13.03983, 22.02213]
						},
						"1.5": {
							"vector": [16.07243, 13.03983, 22.02213]
						},
						"1.9667": {
							"vector": [0, 0, 0]
						}
					},
					"position": {
						"0.0": {
							"vector": [0, 0, 0]
						},
						"0.1": {
							"vector": [15, -13, 10]
						},
						"0.7667": {
							"vector": [15, -13, 10]
						},
						"0.9": {
							"vector": [-5, -37, 3]
						},
						"1.0667": {
							"vector": [-5, -37, 3]
						},
						"1.2667": {
							"vector": [-6, -23, -3]
						},
						"1.5": {
							"vector": [-4, -14, 2]
						},
						"1.6": {
							"vector": [-3, -7, 2]
						},
						"1.7667": {
							"vector": [-2.18, -9.09, 1.45]
						},
						"1.9667": {
							"vector": [0, 0, 0]
						}
					}
				},
				"bullet": {
					"position": {
						"vector": [0, 0, 0]
					}
				}
			},
			"sound_effects": {
				"0.3333": {
					"effect": "pistol_kaluar"
				},
				"1.2333": {
					"effect": "pistol_asup"
				}
			}
		},
		"animation.model.draw": {
			"loop": "hold_on_last_frame",
			"animation_length": 1.2,
			"bones": {
				"main": {
					"rotation": {
						"0.0": {
							"vector": [32.09413, -54.38778, -8.29667]
						},
						"0.55": {
							"vector": [0.50518, -5.08075, 6.8716],
							"easing": "easeOutSine"
						},
						"0.7": {
							"vector": [0.32389, -0.60235, -2.1558],
							"easing": "linear"
						},
						"0.8": {
							"vector": [0, 0, 0],
							"easing": "linear"
						}
					},
					"position": {
						"0.0": {
							"vector": [0, -17.3, 0]
						},
						"0.25": {
							"vector": [-0.4, -2.525, -1.625],
							"easing": "linear"
						},
						"0.6": {
							"vector": [-0.05, 0, -2.49],
							"easing": "linear"
						},
						"0.75": {
							"vector": [0, 0, 0],
							"easing": "linear"
						}
					}
				},
				"leftarm": {
					"rotation": {
						"0.0": {
							"vector": [0, 0, 0]
						},
						"0.2": {
							"vector": [70.24755, -57.28402, -149.26191]
						},
						"0.3": {
							"vector": [75.6228, -60.92676, -155.63523]
						},
						"0.4": {
							"vector": [91.02223, -66.90943, -172.98519]
						},
						"0.55": {
							"vector": [91.02223, -66.90943, -172.98519]
						},
						"0.8": {
							"vector": [0, 0, 0]
						}
					},
					"position": {
						"0.0": {
							"vector": [0, 0, 0]
						},
						"0.2": {
							"vector": [2.53901, 15.6754, -6.40217]
						},
						"0.3": {
							"vector": [2.54, 14.68, -4.4]
						},
						"0.4": {
							"vector": [1.54, 15.68, -0.4]
						},
						"0.55": {
							"vector": [1.54, 14.68, -2.4]
						},
						"0.8": {
							"vector": [0, 0, 0]
						}
					}
				},
				"FrameCha": {
					"rotation": {
						"0.0": {
							"vector": [0, 0, 0]
						},
						"0.2": {
							"vector": [0, 0, 0]
						}
					},
					"position": {
						"0.0": {
							"vector": [0, 0, 0]
						},
						"0.2": {
							"vector": [0, 0, 0]
						},
						"0.3": {
							"vector": [0, 0, 3]
						},
						"0.4": {
							"vector": [0, 0, 3.5]
						},
						"0.55": {
							"vector": [0, 0, 3.5]
						},
						"0.6": {
							"vector": [0, 0, 0]
						}
					}
				}
			},
			"sound_effects": {
				"0.15": {
					"effect": "pistol_koking"
				}
			}
		},
		"animation.model.inspect": {
			"loop": "hold_on_last_frame",
			"animation_length": 4,
			"bones": {
				"main": {
					"rotation": {
						"0.0": {
							"vector": [0, 0, 0]
						},
						"0.1333": {
							"vector": [0, -25, -17.5]
						},
						"0.2667": {
							"vector": [0, -40, -17.5]
						},
						"0.5": {
							"vector": [-2.84254, -42.97765, -13.34796]
						},
						"0.6333": {
							"vector": [0, -45, -17.5]
						},
						"0.8333": {
							"vector": [-2.61252, -44.42312, -13.4522]
						},
						"1.0333": {
							"vector": [-3.93584, -44.14504, -11.40362]
						},
						"1.3": {
							"vector": [-5.31462, -44.28863, -9.27456]
						},
						"1.6": {
							"vector": [-7.04771, -43.13227, -6.58711]
						},
						"1.9333": {
							"vector": [-16.62989, -33.13352, 8.30288]
						},
						"2.0667": {
							"vector": [-26.78323, -14.83451, 24.36763]
						},
						"2.2333": {
							"vector": [-28.49587, -17.69643, 22.55233]
						},
						"2.3333": {
							"vector": [-29.78851, -15.2602, 27.1062]
						},
						"2.4333": {
							"vector": [-30.76348, -5.01463, 29.83721]
						},
						"2.5667": {
							"vector": [-31.67268, -2.88792, 28.5198]
						},
						"2.7667": {
							"vector": [-33.26348, -5.01463, 29.83721]
						},
						"2.8333": {
							"vector": [-33.26348, -5.01463, 29.83721]
						},
						"2.9": {
							"vector": [-25.76348, -5.01463, 29.83721]
						},
						"3.0": {
							"vector": [-32.26348, -5.01463, 29.83721]
						},
						"3.1333": {
							"vector": [-31.79212, -7.66751, 25.57253]
						},
						"3.2667": {
							"vector": [-32.26348, -5.01463, 29.83721]
						},
						"3.6": {
							"vector": [0, 0, 0]
						},
						"3.7333": {
							"vector": [2.5, 0, 0]
						},
						"3.8667": {
							"vector": [0, 0, 0]
						}
					},
					"position": {
						"0.0": {
							"vector": [0, 0, 0]
						},
						"0.1333": {
							"vector": [-4, 0, 0]
						},
						"2.2333": {
							"vector": [-4, 0, 0]
						},
						"2.4333": {
							"vector": [-2, -2, 0]
						},
						"2.6333": {
							"vector": [-2, -2, 0]
						},
						"3.2667": {
							"vector": [-2, -2, 0]
						},
						"3.6": {
							"vector": [0, 0, 0]
						}
					}
				},
				"leftarm": {
					"rotation": {
						"0.0": {
							"vector": [0, 0, 0]
						},
						"0.1333": {
							"vector": [0.68398, -8.27333, -14.03245]
						},
						"1.9333": {
							"vector": [0.68398, -8.27333, -14.03245]
						},
						"2.2333": {
							"vector": [54.89968, -69.79207, -133.7778]
						},
						"2.4333": {
							"vector": [54.89968, -69.79207, -133.7778]
						},
						"2.8333": {
							"vector": [54.89968, -69.79207, -133.7778]
						},
						"2.9": {
							"vector": [72.60668, -78.17507, -152.30019]
						},
						"3.1333": {
							"vector": [0, 0, 0]
						}
					},
					"position": {
						"0.0": {
							"vector": [0, 0, 0]
						},
						"0.1333": {
							"vector": [6, -28, -6]
						},
						"1.9333": {
							"vector": [6, -28, -6]
						},
						"2.2333": {
							"vector": [4, 16, -9]
						},
						"2.4333": {
							"vector": [4, 17, -5]
						},
						"2.8333": {
							"vector": [4, 17, -5]
						},
						"2.9": {
							"vector": [4, 14, 2]
						},
						"3.1333": {
							"vector": [0, 0, 0]
						}
					}
				},
				"FrameCha": {
					"rotation": {
						"vector": [0, 0, 0]
					},
					"position": {
						"2.2333": {
							"vector": [0, 0, 0]
						},
						"2.4333": {
							"vector": [0, 0, 4]
						},
						"2.6333": {
							"vector": [0, 0, 4]
						},
						"2.8333": {
							"vector": [0, 0, 4]
						},
						"2.9": {
							"vector": [0, 0, 0]
						}
					}
				}
			}
		},
		"animation.model.reloadempty": {
			"loop": "hold_on_last_frame",
			"animation_length": 2.83333,
			"bones": {
				"main": {
					"rotation": {
						"0.0": {
							"vector": [0, 0, 0]
						},
						"0.1": {
							"vector": [15, 0, 0]
						},
						"0.2333": {
							"vector": [-20, 0, 0]
						},
						"0.4333": {
							"vector": [-27.5, 0, 0]
						},
						"0.5667": {
							"vector": [-30, 0, 0]
						},
						"0.7333": {
							"vector": [-27.5, 0, 0]
						},
						"0.9": {
							"vector": [-23.09454, -15.35793, -31.84407]
						},
						"1.0667": {
							"vector": [-20.99692, -18.17696, -39.10406]
						},
						"1.2667": {
							"vector": [-23.09454, -15.35793, -31.84407]
						},
						"1.5": {
							"vector": [-26.06663, -9.08661, -17.89244]
						},
						"1.6": {
							"vector": [-27.76767, -11.44806, -22.37177]
						},
						"1.7": {
							"vector": [-26.06663, -9.08661, -17.89244]
						},
						"1.9": {
							"vector": [-18.50097, 20.71501, 46.58994]
						},
						"2.0": {
							"vector": [-16.62484, 22.22485, 51.71239]
						},
						"2.1333": {
							"vector": [-18.50097, 20.71501, 46.58994]
						},
						"2.2333": {
							"vector": [-15.5, 20.72, 46.59]
						},
						"2.3333": {
							"vector": [-18.50097, 20.71501, 46.58994]
						},
						"2.5667": {
							"vector": [0, 0, 0]
						},
						"2.7": {
							"vector": [4.99762, -0.10901, 2.49762]
						},
						"2.8333": {
							"vector": [0, 0, 0]
						}
					},
					"position": {
						"0.0": {
							"vector": [0, 0, 0]
						},
						"0.1": {
							"vector": [0, 0, 2]
						},
						"0.2333": {
							"vector": [0, 3, 4]
						},
						"0.3": {
							"vector": [0, 3, 4]
						},
						"0.4333": {
							"vector": [0, 0, -3]
						},
						"1.9": {
							"vector": [0, 0, -3]
						},
						"2.3333": {
							"vector": [0, 0, -3]
						},
						"2.5667": {
							"vector": [0, 0, 0]
						},
						"2.8333": {
							"vector": [0, 0, 0]
						}
					}
				},
				"bullet": {
					"position": {
						"0.0": {
							"vector": [0, -1, 0]
						},
						"0.9": {
							"vector": [0, -1, 0]
						},
						"0.9333": {
							"vector": [0, 0, 0]
						}
					}
				},
				"leftarm": {
					"rotation": {
						"0.0": {
							"vector": [0, 0, 0]
						},
						"0.1": {
							"vector": [2.15199, -13.33821, -26.69791]
						},
						"0.7667": {
							"vector": [2.15199, -13.33821, -26.69791]
						},
						"0.9": {
							"vector": [3.57243, 13.03983, 22.02213]
						},
						"1.0667": {
							"vector": [3.57243, 13.03983, 22.02213]
						},
						"1.2667": {
							"vector": [-3.92757, 13.03983, 22.02213]
						},
						"1.5": {
							"vector": [16.07243, 13.03983, 22.02213]
						},
						"1.9": {
							"vector": [30.23661, -21.56471, -116.33001]
						},
						"2.2": {
							"vector": [30.23661, -21.56471, -116.33001]
						},
						"2.5": {
							"vector": [0, 0, 0]
						}
					},
					"position": {
						"0.0": {
							"vector": [0, 0, 0]
						},
						"0.1": {
							"vector": [15, -13, 10]
						},
						"0.7667": {
							"vector": [15, -13, 10]
						},
						"0.9": {
							"vector": [-5, -37, 3]
						},
						"1.0667": {
							"vector": [-5, -37, 3]
						},
						"1.2667": {
							"vector": [-4, -23, -3]
						},
						"1.5": {
							"vector": [-4, -15, 2]
						},
						"1.6": {
							"vector": [-3, -7, 2]
						},
						"1.7": {
							"vector": [-4, -15, 2]
						},
						"1.8": {
							"vector": [12, 7.5, 2]
						},
						"1.9": {
							"vector": [0, 19, -3]
						},
						"2.0333": {
							"vector": [0, 19, 4]
						},
						"2.1333": {
							"vector": [0, 19, 4]
						},
						"2.2": {
							"vector": [0, 19, 12]
						},
						"2.5": {
							"vector": [0, 0, 0]
						}
					}
				},
				"magazine": {
					"rotation": {
						"0.0": {
							"vector": [0, 0, 0]
						},
						"0.3": {
							"vector": [0, 0, 0]
						},
						"0.9": {
							"vector": [-32.5, 0, 0]
						},
						"1.0667": {
							"vector": [-32.5, 0, 0]
						},
						"1.2667": {
							"vector": [-10, 0, 0]
						},
						"1.5": {
							"vector": [-2.5, 0, 0]
						},
						"1.6": {
							"vector": [0, 0, 0]
						}
					},
					"position": {
						"0.0": {
							"vector": [0, 0, 0]
						},
						"0.3": {
							"vector": [0, 0, 0]
						},
						"0.3333": {
							"vector": [0, -7.5, 1.75]
						},
						"0.4333": {
							"vector": [0, -30, 5]
						},
						"0.7667": {
							"vector": [0, -30, 5]
						},
						"0.9": {
							"vector": [0, -28, 8]
						},
						"1.0667": {
							"vector": [0, -28, 8]
						},
						"1.2667": {
							"vector": [0, -18, 2]
						},
						"1.5": {
							"vector": [0, -9.1, 2.3]
						},
						"1.6": {
							"vector": [0, 0, 0]
						}
					}
				},
				"FrameCha": {
					"rotation": {
						"vector": [0, 0, 0]
					},
					"position": {
						"1.9333": {
							"vector": [0, 0, 0]
						},
						"2.0333": {
							"vector": [0, 0, 5]
						},
						"2.1333": {
							"vector": [0, 0, 5]
						},
						"2.2333": {
							"vector": [0, 0, 0]
						}
					}
				}
			},
			"sound_effects": {
				"0.3333": {
					"effect": "pistol_kaluar"
				},
				"1.2333": {
					"effect": "pistol_asup"
				},
				"1.7333": {
					"effect": "pistol_koking"
				}
			}
		},
		"animation.model.fire": {
			"loop": true,
			"animation_length": 0.16667,
			"bones": {
				"main": {
					"rotation": {
						"0.0": {
							"vector": [0, 0, 0]
						},
						"0.0417": {
							"vector": [-5, 0, 0]
						},
						"0.0833": {
							"vector": [0, 0, 0]
						},
						"0.125": {
							"vector": [2.5, 0, 0]
						},
						"0.1667": {
							"vector": [0, 0, 0]
						}
					},
					"position": {
						"0.0": {
							"vector": [0, 0, 0]
						},
						"0.0417": {
							"vector": [0, 0, 2]
						},
						"0.0833": {
							"vector": [0, 0, 0]
						}
					}
				},
				"FrameCha": {
					"rotation": {
						"vector": [0, 0, 0]
					},
					"position": {
						"0.0": {
							"vector": [0, 0, 0]
						},
						"0.0417": {
							"vector": [0, 0, 2.325]
						},
						"0.0833": {
							"vector": [0, 0, 0]
						}
					}
				}
			}
		}
	},
	"geckolib_format_version": 2
}