{
	"format_version": "1.8.0",
	"animations": {
		"animation.model.draw": {
			"loop": true,
			"animation_length": 1.2,
			"bones": {
				"main": {
					"rotation": {
						"0.0": {
							"vector": [32.09413, -54.38778, -8.29667]
						},
						"0.35": {
							"vector": [-21.99482, -5.08075, 6.8716],
							"easing": "easeOutSine"
						},
						"0.5": {
							"vector": [-4.67611, -0.60235, -2.1558],
							"easing": "linear"
						},
						"0.7": {
							"vector": [0, 0, 0],
							"easing": "linear"
						},
						"0.8": {
							"vector": [1.5, 0, 1]
						},
						"0.9": {
							"vector": [0, 0, 0],
							"easing": "linear"
						}
					},
					"position": {
						"0.0": {
							"vector": [0, -17.3, 0]
						},
						"0.25": {
							"vector": [-0.4, -2.525, -1.625],
							"easing": "linear"
						},
						"0.4": {
							"vector": [-0.05, 0, -2.49],
							"easing": "linear"
						},
						"0.65": {
							"vector": [0, 0, 0],
							"easing": "linear"
						}
					}
				},
				"Hammer": {
					"rotation": {
						"0.0": {
							"vector": [62.5, 0, 0]
						},
						"0.35": {
							"vector": [62.5, 0, 0]
						},
						"0.5": {
							"vector": [0, 0, 0]
						}
					},
					"position": {
						"vector": [0, 0, 0]
					}
				},
				"Cylinder": {
					"rotation": {
						"vector": [0, 0, 0]
					},
					"position": {
						"vector": [0, 0, 0]
					}
				},
				"rightarm": {
					"rotation": {
						"0.0": {
							"vector": [0, 0, 0]
						},
						"0.35": {
							"vector": [-12.5, 0, 0]
						},
						"0.5": {
							"vector": [-10, 0, 0]
						},
						"0.6": {
							"vector": [2.5, 0, 0]
						},
						"0.7": {
							"vector": [0, 0, 0]
						}
					},
					"position": {
						"0.0": {
							"vector": [0, 0, 0]
						},
						"0.35": {
							"vector": [0, 8, -5]
						},
						"0.5": {
							"vector": [0, 7, -4]
						},
						"0.6": {
							"vector": [0, 7, 0]
						},
						"0.7": {
							"vector": [0, 0, 0]
						}
					}
				},
				"leftarm": {
					"rotation": {
						"0.0": {
							"vector": [0, 0, 0]
						},
						"0.2": {
							"vector": [1, 0, -22]
						},
						"0.4": {
							"vector": [0, 0, 0]
						}
					},
					"position": {
						"0.0": {
							"vector": [0, 0, 0]
						},
						"0.2": {
							"vector": [3.53901, 3.6754, 5.59783]
						},
						"0.4": {
							"vector": [0, 0, 0]
						}
					}
				}
			},
			"sound_effects": {
				"0.35": {
					"effect": "hammer_cock"
				}
			}
		},
		"animation.model.inspect": {
			"loop": "hold_on_last_frame",
			"animation_length": 4,
			"bones": {
				"main": {
					"rotation": {
						"0.0": {
							"vector": [0, 0, 0]
						},
						"0.2333": {
							"vector": [5, 0, 0]
						},
						"0.6333": {
							"vector": [15.54729, -5.33415, 34.65928]
						},
						"0.8": {
							"vector": [17.96751, 0.61027, 36.59218]
						},
						"0.9333": {
							"vector": [19.96743, -0.56743, 36.17358]
						},
						"1.2": {
							"vector": [19.1192, 1.40607, 33.34794]
						},
						"1.3667": {
							"vector": [19.14656, -3.31806, 31.70937]
						},
						"1.5": {
							"vector": [19.26646, -2.49551, 29.3455]
						},
						"1.6667": {
							"vector": [19.26256, 2.22485, 30.99469]
						},
						"1.8": {
							"vector": [14.26256, 2.22485, 30.99469]
						},
						"1.9": {
							"vector": [-5.73744, 2.22485, 30.99469]
						},
						"2.1": {
							"vector": [-23.23744, 2.22485, 30.99469]
						},
						"2.2667": {
							"vector": [-21.98889, 8.02102, 44.89142]
						},
						"2.4333": {
							"vector": [-21.64256, 8.95021, 47.23805]
						},
						"2.7667": {
							"vector": [-21.8203, -8.48829, 5.59123]
						},
						"3.0": {
							"vector": [-20.12203, -12.07561, -3.89757]
						},
						"3.3": {
							"vector": [-19.18834, -5.84953, -8.82868]
						},
						"3.4": {
							"vector": [-19.12133, -3.4879, -9.65166]
						},
						"3.6": {
							"vector": [0, 0, 0]
						},
						"3.7333": {
							"vector": [2.5, 0, 0]
						},
						"3.8667": {
							"vector": [0, 0, 0]
						}
					},
					"position": {
						"0.0": {
							"vector": [0, 0, 0]
						},
						"0.2333": {
							"vector": [0, 0, -0.5]
						}
					}
				},
				"rightarm": {
					"rotation": {
						"vector": [0, 0, 0]
					},
					"position": {
						"vector": [0, 0, 0]
					}
				},
				"leftarm": {
					"rotation": {
						"0.0": {
							"vector": [0, 0, 0]
						},
						"0.3333": {
							"vector": [-5.51624, 7.42536, -18.77036]
						},
						"1.7333": {
							"vector": [0, 0, 0]
						},
						"1.8": {
							"vector": [-12.5, 0, 0]
						},
						"1.9333": {
							"vector": [-12.5, 0, 0]
						},
						"2.2": {
							"vector": [0, 0, 0]
						}
					},
					"position": {
						"0.0": {
							"vector": [0, 0, 0]
						},
						"0.3333": {
							"vector": [3, 14, -13]
						},
						"0.4": {
							"vector": [3, 9, -17]
						},
						"1.7333": {
							"vector": [3, 9, -17]
						},
						"1.8": {
							"vector": [3, 18, -17]
						},
						"1.9333": {
							"vector": [3, 18, -17]
						},
						"2.2": {
							"vector": [0, 0, 0]
						}
					}
				},
				"frame2": {
					"rotation": {
						"0.3333": {
							"vector": [0, 0, 0]
						},
						"0.4333": {
							"vector": [57.5, 0, 0]
						},
						"1.7667": {
							"vector": [57.5, 0, 0]
						},
						"1.8667": {
							"vector": [0, 0, 0]
						}
					},
					"position": {
						"0.3333": {
							"vector": [0, 0, 0]
						},
						"0.4333": {
							"vector": [0, 0, 0]
						},
						"1.7667": {
							"vector": [0, 0, 0]
						}
					}
				},
				"Cylinder": {
					"rotation": {
						"vector": [0, 0, 0]
					}
				},
				"Bullet": {
					"rotation": {
						"vector": [0, 0, 0]
					},
					"position": {
						"vector": [0, 0, 0]
					}
				}
			},
			"sound_effects": {
				"0.4333": {
					"effect": "ejector_rod"
				},
				"1.8333": {
					"effect": "close_cylinder"
				}
			}
		},
		"animation.model.prepare": {
			"loop": "hold_on_last_frame",
			"animation_length": 1.1,
			"blend_weight": "1",
			"bones": {
				"main": {
					"rotation": {
						"0.0": {
							"vector": [0, 0, 0]
						},
						"0.1333": {
							"vector": [5, 0, 0]
						},
						"0.5333": {
							"vector": [15.54729, -5.33415, 34.65928]
						},
						"0.7": {
							"vector": [17.96751, 0.61027, 36.59218]
						},
						"0.8333": {
							"vector": [19.96743, -0.56743, 36.17358]
						},
						"1.1": {
							"vector": [19.1192, 1.40607, 33.34794]
						}
					},
					"position": {
						"0.0": {
							"vector": [0, 0, 0]
						},
						"0.1333": {
							"vector": [0, 0, -0.5]
						},
						"0.5333": {
							"vector": [0, 0, -0.5]
						},
						"0.8333": {
							"vector": [0, -2, -0.5]
						}
					}
				},
				"Cylinder": {
					"rotation": {
						"0.0": {
							"vector": [0, 0, 0]
						},
						"0.6": {
							"vector": [0, 0, 0]
						}
					}
				},
				"Bullet": {
					"rotation": {
						"0.0": {
							"vector": [0, 0, 0]
						},
						"0.5667": {
							"vector": [0, 0, 0]
						}
					},
					"position": {
						"0.0": {
							"vector": [0, 0, 0]
						},
						"0.5667": {
							"vector": [0, 0, 0]
						}
					}
				},
				"rightarm": {
					"rotation": {
						"vector": [0, 0, 0]
					},
					"position": {
						"vector": [0, 0, 0]
					}
				},
				"leftarm": {
					"rotation": {
						"0.0": {
							"vector": [0, 0, 0]
						},
						"0.2333": {
							"vector": [-5.51624, 7.42536, -18.77036]
						}
					},
					"position": {
						"0.0": {
							"vector": [0, 0, 0]
						},
						"0.2333": {
							"vector": [3, 14, -13]
						},
						"0.3": {
							"vector": [3, 9, -17]
						}
					}
				},
				"frame2": {
					"rotation": {
						"0.0": {
							"vector": [0, 0, 0]
						},
						"0.2333": {
							"vector": [0, 0, 0]
						},
						"0.3333": {
							"vector": [57.5, 0, 0]
						}
					},
					"position": {
						"0.0": {
							"vector": [0, 0, 0]
						},
						"0.2333": {
							"vector": [0, 0, 0]
						},
						"0.3333": {
							"vector": [0, 0, 0]
						}
					}
				}
			},
			"sound_effects": {
				"0.2333": {
					"effect": "ejector_rod"
				}
			}
		},
		"animation.model.fire": {
			"loop": "hold_on_last_frame",
			"animation_length": 1,
			"bones": {
				"main": {
					"rotation": {
						"0.0": {
							"vector": [-6.28, 0, 0]
						},
						"0.0417": {
							"vector": [0, 0, 0]
						},
						"0.3333": {
							"vector": [0, 0, 0]
						},
						"0.4583": {
							"vector": [-22.50391, 1.19214, -0.37594]
						},
						"0.5417": {
							"vector": [-22.50391, 1.19214, -0.37594]
						},
						"0.5833": {
							"vector": [-12.5, 0, 0]
						},
						"0.75": {
							"vector": [0, 0, 0]
						}
					},
					"position": {
						"0.0": {
							"vector": [0, 0, 2]
						},
						"0.0417": {
							"vector": [0, 0, 0]
						},
						"0.3333": {
							"vector": [0, 0, 0]
						},
						"0.4583": {
							"vector": [0, 0, 1]
						},
						"0.5417": {
							"vector": [0, 0, 1]
						},
						"0.75": {
							"vector": [0, 0, 0]
						}
					}
				},
				"Hammer": {
					"rotation": {
						"0.0": {
							"vector": [0, 0, 0]
						},
						"0.0417": {
							"vector": [65, 0, 0]
						},
						"0.4583": {
							"vector": [65, 0, 0]
						},
						"0.5417": {
							"vector": [0, 0, 0]
						}
					},
					"position": {
						"0.0": {
							"vector": [0, 0, 0]
						},
						"0.5417": {
							"vector": [0, 0, 0]
						}
					}
				},
				"Cylinder": {
					"rotation": {
						"0.0": {
							"vector": [0, 0, 0]
						},
						"0.5": {
							"vector": [0, 0, 0]
						},
						"0.7917": {
							"vector": [0, 0, -180]
						}
					},
					"position": {
						"0.0": {
							"vector": [0, 0, 0]
						},
						"0.5": {
							"vector": [0, 0, 0]
						}
					}
				},
				"Trigger": {
					"rotation": {
						"0.0": {
							"vector": [0, 0, 0]
						},
						"0.0417": {
							"vector": [27.5, 0, 0]
						},
						"0.125": {
							"vector": [0, 0, 0]
						}
					},
					"position": {
						"vector": [0, 0, 0]
					}
				},
				"rightarm": {
					"rotation": {
						"0.0": {
							"vector": [0, 0, 0]
						},
						"0.4583": {
							"vector": [0, 0, 0]
						},
						"0.5417": {
							"vector": [7.5, 0, 0]
						},
						"0.625": {
							"vector": [-6.25, 0, 0]
						},
						"0.7083": {
							"vector": [0, 0, 0]
						}
					},
					"position": {
						"0.0": {
							"vector": [0, 0, 0]
						},
						"0.4583": {
							"vector": [0, 0, 0]
						},
						"0.5417": {
							"vector": [0, 8, -3]
						},
						"0.7083": {
							"vector": [0, 0, 0]
						}
					}
				}
			},
			"sound_effects": {
				"0.5": {
					"effect": "cylinder_rotate"
				}
			}
		},
		"animation.model.iterativeload": {
			"loop": true,
			"animation_length": 1.04167,
			"bones": {
				"main": {
					"rotation": {
						"0.0": {
							"vector": [19.1192, 1.40607, 33.34794]
						},
						"0.2083": {
							"vector": [19.1192, 1.40607, 33.34794]
						},
						"0.3333": {
							"vector": [19.16027, 0.58627, 35.71008]
						},
						"0.4583": {
							"vector": [19.1192, 1.40607, 33.34794]
						},
						"0.625": {
							"vector": [19.1192, 1.40607, 33.34794]
						},
						"0.7083": {
							"vector": [21.13987, 1.40607, 33.34794]
						},
						"0.7917": {
							"vector": [18.63987, 1.40607, 33.34794]
						},
						"1.0417": {
							"vector": [19.1192, 1.40607, 33.34794]
						}
					},
					"position": {
						"vector": [0, -2, -0.5]
					}
				},
				"frame2": {
					"rotation": {
						"vector": [57.5, 0, 0]
					},
					"position": {
						"vector": [0, 0, 0]
					}
				},
				"Cylinder": {
					"rotation": {
						"0.0": {
							"vector": [0, 0, 0]
						},
						"0.7083": {
							"vector": [0, 0, 0]
						},
						"1.0": {
							"vector": [0, 0, -180]
						}
					}
				},
				"Bullet": {
					"rotation": {
						"vector": [0, 0, 0]
					},
					"position": {
						"vector": [0, 0, 0]
					}
				},
				"Bullet5": {
					"rotation": {
						"0.0": {
							"vector": [0, 0, 0]
						},
						"0.1667": {
							"vector": [0, 0, 0]
						},
						"0.2083": {
							"vector": [-8.26511, 24.77164, -3.48303]
						},
						"0.375": {
							"vector": [-37.5, 0, 0]
						},
						"0.7083": {
							"vector": [0, 0, 0]
						}
					},
					"position": {
						"0.0": {
							"vector": [0, 0, 0]
						},
						"0.1667": {
							"vector": [0, 0, 0]
						},
						"0.2083": {
							"vector": [1, 0, 4]
						},
						"0.2917": {
							"vector": [0, -5.5, 7]
						},
						"0.3333": {
							"vector": [0, -8.25, 10]
						},
						"0.375": {
							"vector": [0, -11, 13]
						},
						"0.4167": {
							"vector": [5.5, -14.25, 14.5]
						},
						"0.4583": {
							"vector": [3, -9.5, 10]
						},
						"0.5": {
							"vector": [1.5, -6.75, 7.5]
						},
						"0.5417": {
							"vector": [1.5, -6.75, 7.5]
						},
						"0.625": {
							"vector": [0, 0, 1]
						},
						"0.7083": {
							"vector": [0, 0, 0]
						}
					}
				},
				"leftarm": {
					"rotation": {
						"0.0": {
							"vector": [-5.51624, 7.42536, -18.77036]
						},
						"0.0833": {
							"vector": [0, 0, -32.5]
						},
						"0.4167": {
							"vector": [-10, 0, -32.5]
						},
						"0.7083": {
							"vector": [0, 0, -32.5]
						},
						"0.9583": {
							"vector": [0, 0, 0]
						},
						"1.0417": {
							"vector": [-5.51624, 7.42536, -18.77036]
						}
					},
					"position": {
						"0.0": {
							"vector": [3, 9, -17]
						},
						"0.0833": {
							"vector": [2, 17, -17]
						},
						"0.2083": {
							"vector": [2, 20, -17]
						},
						"0.4167": {
							"vector": [2, 20, 6],
							"easing": "linear"
						},
						"0.625": {
							"vector": [2, 20, -17]
						},
						"0.7083": {
							"vector": [2, 17, -17]
						},
						"0.7917": {
							"vector": [4.76, 14.76, -15.6]
						},
						"0.9583": {
							"vector": [1.5, 12.33, -20.33]
						},
						"1.0417": {
							"vector": [3, 9, -17]
						}
					}
				}
			},
			"sound_effects": {
				"0.2083": {
					"effect": "cylinder_rotate"
				},
				"0.5833": {
					"effect": "repeater_bullet_load"
				}
			}
		},
		"animation.model.finish": {
			"loop": "hold_on_last_frame",
			"animation_length": 1.04167,
			"bones": {
				"main": {
					"rotation": {
						"0.0": {
							"vector": [19.1192, 1.40607, 33.34794]
						},
						"0.125": {
							"vector": [19.1192, 1.40607, 33.34794]
						},
						"0.25": {
							"vector": [14.1192, 1.40607, 33.34794]
						},
						"0.3333": {
							"vector": [13.0894, 1.05455, 25.01095]
						},
						"0.5833": {
							"vector": [-4, 0, 0]
						},
						"0.7917": {
							"vector": [2.5, 0, 0]
						},
						"1.0417": {
							"vector": [0, 0, 0]
						}
					},
					"position": {
						"0.0": {
							"vector": [0, -2, -0.5]
						},
						"0.4167": {
							"vector": [0, -2, -0.5]
						},
						"0.5833": {
							"vector": [0, 0, 0]
						}
					}
				},
				"frame2": {
					"rotation": {
						"0.0": {
							"vector": [57.5, 0, 0]
						},
						"0.1667": {
							"vector": [57.5, 0, 0]
						},
						"0.25": {
							"vector": [0, 0, 0]
						}
					},
					"position": {
						"0.0": {
							"vector": [0, 0, 0]
						},
						"0.1667": {
							"vector": [0, 0, 0]
						}
					}
				},
				"Cylinder": {
					"rotation": {
						"vector": [0, 0, -180]
					}
				},
				"Bullet5": {
					"rotation": {
						"vector": [0, 0, 0]
					},
					"position": {
						"vector": [0, 0, 0]
					}
				},
				"leftarm": {
					"rotation": {
						"0.0": {
							"vector": [-5.51624, 7.42536, -18.77036]
						},
						"0.125": {
							"vector": [0, 0, 0]
						},
						"0.2083": {
							"vector": [-12.5, 0, 0]
						},
						"0.3333": {
							"vector": [-12.5, 0, 0]
						},
						"0.5833": {
							"vector": [0, 0, 0]
						}
					},
					"position": {
						"0.0": {
							"vector": [3, 9, -17]
						},
						"0.125": {
							"vector": [3, 9, -17]
						},
						"0.2083": {
							"vector": [3, 18, -17]
						},
						"0.3333": {
							"vector": [3, 18, -17]
						},
						"0.5833": {
							"vector": [0, 0, 0]
						}
					}
				}
			},
			"sound_effects": {
				"0.2083": {
					"effect": "close_cylinder"
				}
			}
		}
	},
	"geckolib_format_version": 2
}