{
  "name" : "carbine",
  "type": "Gun",
  "maxAmmoCapacity" : 7,
  "compatibleAmmo" : ["ammocreative", "repeater_ammo"],
  "damage" : 9.3,
  "rpm" : 70,
  "fireModes" : ["SINGLE"],
  "fireSound" : "fire_repeater_carbine",
  "drawCooldownDuration" : 900,
  "aimingZoom" : 0.4,
  "max_shooting_distance" : 400.0, 
  "gunRecoilInitialAmplitude" : 0.8,
  "shakeRecoilAmplitude" : 0.8,
  "shakeRecoilSpeed" : 1,
  "viewRecoilAmplitude" : 1,
  "inspectCooldownDuration": 4000,
  "phasedReloads": [
    {
      "phase": "RELOADING",
      "condition": "reloadIterationIndex == 0",
      "duration": 3630,
      "animation": "animation.model.reloadempty",						
      "shakeEffects": [
        {
          "start": 750,
          "duration": 400,
          "initialAmplitude": 0.2,
          "rateOfAmplitudeDecay": 0.2
        },
        {
          "start": 2210,
          "duration": 400,
          "initialAmplitude": 0.2,
          "rateOfAmplitudeDecay": 0.2
        }
      ]
    },
    {
      "phase": "RELOADING",
      "condition": "reloadIterationIndex > 0",
      "duration": 3080,
      "animation": "animation.model.reload",						
      "shakeEffects": [
        {
          "start": 750,
          "duration": 400,
          "initialAmplitude": 0.3,
          "rateOfAmplitudeDecay": 0.3
        },
        {
          "start": 2210,
          "duration": 400,
          "initialAmplitude": 0.2,
          "rateOfAmplitudeDecay": 0.2
        }
      ]
    }
  ],
  "effects": [
        {
                "phase": "hit_scan_acquired",
                "name": "tracer"
        },
        {
                "phase": "firing",
                "name": "muzzle_flash"
        }
  ]
}