{
  "name" : "dobel_barrel",
  "type": "Gun",
  "maxAmmoCapacity" : 2,
  "compatibleAmmo" : ["ammocreative", "shotgun_ammo"],
  "pelletCount" : 25,
  "pelletSpread" : 0.1,
  "damage" : 3.5,
  "rpm" : 400,
  "reloadCooldownDuration" : 2500,
  "fireModes" : ["SINGLE"],
  "fireSound" : "fire_shotgun_sawedoff",
  "drawCooldownDuration" : 1200,
  "aimingZoom" : 0.25,
  "max_shooting_distance" : 26, 
  "gunRecoilInitialAmplitude" : 0.8,
  "shakeRecoilAmplitude" : 0.65,
  "shakeRecoilSpeed" : 3.5,
  "viewRecoilAmplitude" : 7,
  "inspectCooldownDuration" : 4270,
  "muzzleFlashScale" : 2.5,
  "phasedReloads": [
    {
      "phase": "RELOADING",
      "condition": "reloadIterationIndex == 0",
      "duration": 2230,
      "animation": "animation.model.reloadempty",
	"shakeEffects": [
        {
            "start": 400,
            "duration": 300,
            "initialAmplitude": 0.1,
            "rateOfAmplitudeDecay": 0.8
        },
        {
            "start": 1300,
            "duration": 200,
            "initialAmplitude": 0.3,
            "rateOfAmplitudeDecay": 0.5
        },
        {
          "start": 1630,
          "duration": 300,
          "initialAmplitude": 0.3,
          "rateOfAmplitudeDecay": 0.5
        }
      ]
    },
    {
      "phase": "RELOADING",
      "condition": "reloadIterationIndex == 1",
      "duration": 2300,
      "animation": "animation.model.reload",
	"shakeEffects": [
        {
            "start": 330,
            "duration": 300,
            "initialAmplitude": 0.1,
            "rateOfAmplitudeDecay": 0.8
        },
        {
            "start": 1330,
            "duration": 200,
            "initialAmplitude": 0.3,
            "rateOfAmplitudeDecay": 0.5
        },
        {
          "start": 1800,
          "duration": 300,
          "initialAmplitude": 0.3,
          "rateOfAmplitudeDecay": 0.5
        }
      ]
    }
  ],
  "effects": [
        {
                "phase": "hit_scan_acquired",
                "name": "tracer"
        },
        {
                "phase": "firing",
                "name": "muzzle_flash_big"
        }
  ]
}