{
  "name" : "lancaster",
  "type": "Gun",
  "maxAmmoCapacity" : 14,
  "maxAmmoPerReloadIteration" : 1,
  "compatibleAmmo" : ["ammocreative", "repeater_ammo"],
  "damage" : 8.6,
  "rpm" : 85,
  "fireModes" : ["SINGLE"],
  "fireSound" : "fire_repeater_lancaster",
  "drawCooldownDuration" : 950,
  "aimingZoom" : 0.4,
  "max_shooting_distance" : 350.0, 
  "gunRecoilInitialAmplitude" : 0.8,
  "shakeRecoilAmplitude" : 0.8,
  "shakeRecoilSpeed" : 1,
  "viewRecoilAmplitude" : 1,
  "inspectCooldownDuration": 4000,
  "phasedReloads": [
    {
      "phase": "PREPARING",
      "condition": "reloadIterationIndex >= 0",
      "duration": 710,
      "animation": "animation.model.prepare",
      "shakeEffects": [
      ]
    },
    {
      "phase": "PREPARING",
      "condition": "reloadIterationIndex == -1",
      "duration": 710,
      "animation": "animation.model.prepare",						
      "shakeEffects": [
      ]
    },
    {
      "phase": "RELOADING",
      "condition": "reloadIterationIndex == 0",
      "duration": 1250,
      "animation": "animation.model.chamberload",						
      "shakeEffects": [
        {
          "start": 380,
          "duration": 400,
          "initialAmplitude": 0.3,
          "rateOfAmplitudeDecay": 0.3
        },
        {
          "start": 710,
          "duration": 400,
          "initialAmplitude": 0.3,
          "rateOfAmplitudeDecay": 0.3
        }
      ]
    },
    {
      "phase": "RELOADING",
      "condition": "reloadIterationIndex > 0",
      "duration": 630,
      "animation": "animation.model.iterativeload",						
      "shakeEffects": [
        {
          "start": 330,
          "duration": 300,
          "initialAmplitude": 0.3,
          "rateOfAmplitudeDecay": 0.3
        }
      ]
    },
    {
      "phase": "COMPLETETING",
      "condition": "reloadIterationIndex >= 0",
      "duration": 880,
      "animation": "animation.model.finish"						
    }  
  ],
  "effects": [
        {
                "phase": "hit_scan_acquired",
                "name": "tracer"
        },
        {
                "phase": "firing",
                "name": "muzzle_flash"
        }
  ]
}