{
  "name" : "m1899",
  "type": "Gun",
  "maxAmmoCapacity" : 8,
  "compatibleAmmo" : ["ammocreative", "pistol_ammo"],
  "damage" : 9.4,
  "rpm" : 340,
  "fireModes" : ["SINGLE"],
  "fireSound" : "fire_pistol_m1899",
  "drawCooldownDuration" : 1200,
  "aimingZoom" : 0.1,
  "max_shooting_distance" : 200.0, 
  "gunRecoilInitialAmplitude" : 0.8,
  "shakeRecoilAmplitude" : 0.5,
  "shakeRecoilSpeed" : 1,
  "viewRecoilAmplitude" : 1,
  "inspectCooldownDuration": 4000,
  "phasedReloads": [
    {
      "phase": "RELOADING",
      "condition": "reloadIterationIndex == 0",
      "duration": 2830,
      "animation": "animation.model.reloadempty",
      "shakeEffects": [
        {
          "start": 330,
          "duration": 400,
          "initialAmplitude": 0.2,
          "rateOfAmplitudeDecay": 0.2
        },
        {
          "start": 1570,
          "duration": 600,
          "initialAmplitude": 0.3,
          "rateOfAmplitudeDecay": 0.3
        },
        {
          "start": 2200,
          "duration": 400,
          "initialAmplitude": 0.3,
          "rateOfAmplitudeDecay": 0.3
        }
      ]
    },
    {
      "phase": "RELOADING",
      "condition": "reloadIterationIndex > 0",
      "duration": 2230,
      "animation": "animation.model.reload",						
      "shakeEffects": [
          {
            "start": 330,
            "duration": 400,
            "initialAmplitude": 0.2,
            "rateOfAmplitudeDecay": 0.2
          },
          {
            "start": 1570,
            "duration": 600,
            "initialAmplitude": 0.3,
            "rateOfAmplitudeDecay": 0.3
          }
      ]
    }  
  ],
  "effects": [
        {
                "phase": "hit_scan_acquired",
                "name": "tracer"
        },
        {
                "phase": "firing",
                "name": "muzzle_flash"
        }
  ]
}