{
  "name" : "mauser",
  "type": "Gun",
  "maxAmmoCapacity" : 10,
  "compatibleAmmo" : ["ammocreative", "pistol_ammo"],
  "damage" : 9,
  "rpm" : 330,
  "fireModes" : ["SINGLE"],
  "fireSound" : "fire_pistol_mauser",
  "drawCooldownDuration" : 1200,
  "aimingZoom" : 0.3,
  "max_shooting_distance" : 250.0, 
  "gunRecoilInitialAmplitude" : 0.7,
  "shakeRecoilAmplitude" : 0.4,
  "shakeRecoilSpeed" : 1,
  "viewRecoilAmplitude" : 1,
  "inspectCooldownDuration": 4370,
  "phasedReloads": [
    {
      "phase": "RELOADING",
      "condition": "reloadIterationIndex == 0",
      "duration": 2040,
      "animation": "animation.model.reloadempty",
      "shakeEffects": [
        {
          "start": 400,
          "duration": 1000,
          "initialAmplitude": 0.2,
          "rateOfAmplitudeDecay": 0.2
        }
      ]
    },
    {
      "phase": "RELOADING",
      "condition": "reloadIterationIndex > 0",
      "duration": 3008,
      "animation": "animation.model.reload",						
      "shakeEffects": [
        {
          "start": 420,
          "duration": 1000,
          "initialAmplitude": 0.2,
          "rateOfAmplitudeDecay": 0.1
        }
      ]
    }  
  ],
  "effects": [
        {
                "phase": "hit_scan_acquired",
                "name": "tracer"
        },
        {
                "phase": "firing",
                "name": "muzzle_flash"
        }
  ]
}