{
  "type": "pointblank:default",
  "ingredients": [
    {
      "count": 27,
      "item": "pointblank:gunmetal_ingot"
    },
    {
      "count": 8,
      "item": "pointblank:guninternals"
    },
    {
      "count": 3,
      "tag": "forge:ingots/gold"
    },
    {
      "count": 3,
      "tag": "forge:ingots/iron"
    },
    {
      "count": 2,
      "tag": "forge:ingots/copper"
    },
    {
      "count": 4,
      "tag" : "minecraft:planks"
    }
  ],
  "result": {
    "item": "pointblank:double_action"
  }
}