{
    "type": "pointblank:default",
    "ingredients": [
      {
        "count": 25,
        "item": "pointblank:gunmetal_ingot"
      },
      {
        "count": 12,
        "item": "pointblank:guninternals"
      },
      {
        "count": 10,
        "tag": "forge:ingots/gold"
      },
      {
        "count": 4,
        "tag": "forge:ingots/iron"
      },
      {
        "count": 6,
        "tag" : "minecraft:planks"
      }
    ],
    "result": {
      "item": "pointblank:lancaster"
    }
}