{
  "type": "pointblank:default",
  "ingredients": [
    {
      "count": 36,
      "item": "pointblank:gunmetal_ingot"
    },
    {
      "count": 7,
      "item": "pointblank:guninternals"
    },
    {
      "count": 2,
      "tag": "forge:ingots/gold"
    },
    {
        "count": 10,
        "tag": "forge:ingots/iron"
    },
    {
      "count": 1,
      "item": "minecraft:flint"
    },
    {
      "count": 10,
      "tag" : "minecraft:planks"
    }
  ],
  "result": {
    "item": "pointblank:springfield"
  }
}